2025-04-05T01:32:47.406+05:30  INFO 19296 --- [LoginSignup] [main] c.e.LoginSignup.LoginSignupApplication   : Starting LoginSignupApplication using Java 23.0.2 with PID 19296 (C:\Users\HP\OneDrive\Documents\CGFlightProject\Microservices\LoginSignup\target\classes started by HP in C:\Users\HP\OneDrive\Documents\CGFlightProject\Microservices\LoginSignup)
2025-04-05T01:32:47.416+05:30  INFO 19296 --- [LoginSignup] [main] c.e.LoginSignup.LoginSignupApplication   : No active profile set, falling back to 1 default profile: "default"
2025-04-05T01:32:47.417+05:30 DEBUG 19296 --- [LoginSignup] [main] o.s.boot.SpringApplication               : Loading source class com.example.LoginSignup.LoginSignupApplication
2025-04-05T01:32:47.507+05:30 DEBUG 19296 --- [LoginSignup] [main] ConfigServletWebServerApplicationContext : Refreshing org.springframework.boot.web.servlet.context.AnnotationConfigServletWebServerApplicationContext@3b8f0a79
2025-04-05T01:32:47.552+05:30 DEBUG 19296 --- [LoginSignup] [main] o.s.b.f.s.DefaultListableBeanFactory     : Creating shared instance of singleton bean 'org.springframework.context.annotation.internalConfigurationAnnotationProcessor'
2025-04-05T01:32:47.578+05:30 DEBUG 19296 --- [LoginSignup] [main] o.s.b.f.s.DefaultListableBeanFactory     : Creating shared instance of singleton bean 'org.springframework.boot.autoconfigure.internalCachingMetadataReaderFactory'
2025-04-05T01:32:47.650+05:30 DEBUG 19296 --- [LoginSignup] [main] o.s.c.a.ClassPathBeanDefinitionScanner   : Identified candidate component class: file [C:\Users\HP\OneDrive\Documents\CGFlightProject\Microservices\LoginSignup\target\classes\com\example\LoginSignup\component\JwtUtil.class]
2025-04-05T01:32:47.657+05:30 DEBUG 19296 --- [LoginSignup] [main] o.s.c.a.ClassPathBeanDefinitionScanner   : Identified candidate component class: file [C:\Users\HP\OneDrive\Documents\CGFlightProject\Microservices\LoginSignup\target\classes\com\example\LoginSignup\configuration\UserConfiguration.class]
2025-04-05T01:32:47.680+05:30 DEBUG 19296 --- [LoginSignup] [main] o.s.c.a.ClassPathBeanDefinitionScanner   : Identified candidate component class: file [C:\Users\HP\OneDrive\Documents\CGFlightProject\Microservices\LoginSignup\target\classes\com\example\LoginSignup\controller\UserController.class]
2025-04-05T01:32:47.686+05:30 DEBUG 19296 --- [LoginSignup] [main] o.s.c.a.ClassPathBeanDefinitionScanner   : Identified candidate component class: file [C:\Users\HP\OneDrive\Documents\CGFlightProject\Microservices\LoginSignup\target\classes\com\example\LoginSignup\service\CustomUserDetailsService.class]
2025-04-05T01:32:47.689+05:30 DEBUG 19296 --- [LoginSignup] [main] o.s.c.a.ClassPathBeanDefinitionScanner   : Identified candidate component class: file [C:\Users\HP\OneDrive\Documents\CGFlightProject\Microservices\LoginSignup\target\classes\com\example\LoginSignup\service\UserService.class]
2025-04-05T01:32:48.493+05:30  INFO 19296 --- [LoginSignup] [main] .s.d.r.c.RepositoryConfigurationDelegate : Bootstrapping Spring Data JPA repositories in DEFAULT mode.
2025-04-05T01:32:48.509+05:30 DEBUG 19296 --- [LoginSignup] [main] o.s.b.f.s.DefaultListableBeanFactory     : Creating shared instance of singleton bean 'org.springframework.boot.autoconfigure.AutoConfigurationPackages'
2025-04-05T01:32:48.518+05:30 DEBUG 19296 --- [LoginSignup] [main] o.s.b.a.AutoConfigurationPackages        : @EnableAutoConfiguration was declared on a class in the package 'com.example.LoginSignup'. Automatic @Repository and @Entity scanning is enabled.
2025-04-05T01:32:48.520+05:30 DEBUG 19296 --- [LoginSignup] [main] .s.d.r.c.RepositoryConfigurationDelegate : Scanning for JPA repositories in packages com.example.LoginSignup.
2025-04-05T01:32:48.531+05:30 DEBUG 19296 --- [LoginSignup] [main] o.s.d.r.c.RepositoryComponentProvider    : Identified candidate component class: file [C:\Users\HP\OneDrive\Documents\CGFlightProject\Microservices\LoginSignup\target\classes\com\example\LoginSignup\repository\UserRepository.class]
2025-04-05T01:32:48.568+05:30  INFO 19296 --- [LoginSignup] [main] .s.d.r.c.RepositoryConfigurationDelegate : Finished Spring Data repository scanning in 47 ms. Found 1 JPA repository interface.
2025-04-05T01:32:48.742+05:30 DEBUG 19296 --- [LoginSignup] [main] o.s.b.f.s.DefaultListableBeanFactory     : Creating shared instance of singleton bean 'springSecurityHandlerMappingIntrospectorBeanDefinitionRegistryPostProcessor'
2025-04-05T01:32:48.858+05:30 DEBUG 19296 --- [LoginSignup] [main] o.s.b.f.s.DefaultListableBeanFactory     : Creating shared instance of singleton bean 'propertySourcesPlaceholderConfigurer'
2025-04-05T01:32:48.865+05:30 DEBUG 19296 --- [LoginSignup] [main] o.s.b.f.s.DefaultListableBeanFactory     : Creating shared instance of singleton bean 'emBeanDefinitionRegistrarPostProcessor'
2025-04-05T01:32:48.866+05:30 DEBUG 19296 --- [LoginSignup] [main] o.s.b.f.s.DefaultListableBeanFactory     : Creating shared instance of singleton bean 'org.springframework.boot.sql.init.dependency.DatabaseInitializationDependencyConfigurer$DependsOnDatabaseInitializationPostProcessor'
2025-04-05T01:32:48.924+05:30 DEBUG 19296 --- [LoginSignup] [main] o.s.b.f.s.DefaultListableBeanFactory     : Creating shared instance of singleton bean 'org.springframework.context.event.internalEventListenerProcessor'
2025-04-05T01:32:48.926+05:30 DEBUG 19296 --- [LoginSignup] [main] o.s.b.f.s.DefaultListableBeanFactory     : Creating shared instance of singleton bean 'preserveErrorControllerTargetClassPostProcessor'
2025-04-05T01:32:48.926+05:30 DEBUG 19296 --- [LoginSignup] [main] o.s.b.f.s.DefaultListableBeanFactory     : Creating shared instance of singleton bean 'conversionServicePostProcessor'
2025-04-05T01:32:48.934+05:30 DEBUG 19296 --- [LoginSignup] [main] o.s.b.f.s.DefaultListableBeanFactory     : Creating shared instance of singleton bean 'org.springframework.context.event.internalEventListenerFactory'
2025-04-05T01:32:48.934+05:30 DEBUG 19296 --- [LoginSignup] [main] o.s.b.f.s.DefaultListableBeanFactory     : Creating shared instance of singleton bean 'org.springframework.transaction.config.internalTransactionalEventListenerFactory'
2025-04-05T01:32:48.938+05:30 DEBUG 19296 --- [LoginSignup] [main] o.s.b.f.s.DefaultListableBeanFactory     : Creating shared instance of singleton bean 'org.springframework.context.annotation.internalAutowiredAnnotationProcessor'
2025-04-05T01:32:48.941+05:30 DEBUG 19296 --- [LoginSignup] [main] o.s.b.f.s.DefaultListableBeanFactory     : Creating shared instance of singleton bean 'org.springframework.context.annotation.internalCommonAnnotationProcessor'
2025-04-05T01:32:48.947+05:30 DEBUG 19296 --- [LoginSignup] [main] o.s.b.f.s.DefaultListableBeanFactory     : Creating shared instance of singleton bean 'org.springframework.context.annotation.internalPersistenceAnnotationProcessor'
2025-04-05T01:32:48.947+05:30 DEBUG 19296 --- [LoginSignup] [main] o.s.b.f.s.DefaultListableBeanFactory     : Creating shared instance of singleton bean 'org.springframework.boot.context.properties.ConfigurationPropertiesBindingPostProcessor'
2025-04-05T01:32:48.948+05:30 DEBUG 19296 --- [LoginSignup] [main] o.s.b.f.s.DefaultListableBeanFactory     : Creating shared instance of singleton bean 'org.springframework.boot.context.internalConfigurationPropertiesBinder'
2025-04-05T01:32:48.951+05:30 DEBUG 19296 --- [LoginSignup] [main] o.s.b.f.s.DefaultListableBeanFactory     : Creating shared instance of singleton bean 'jdbcConnectionDetailsHikariBeanPostProcessor'
2025-04-05T01:32:48.955+05:30 DEBUG 19296 --- [LoginSignup] [main] o.s.b.f.s.DefaultListableBeanFactory     : Creating shared instance of singleton bean 'org.springframework.aop.config.internalAutoProxyCreator'
2025-04-05T01:32:48.987+05:30 DEBUG 19296 --- [LoginSignup] [main] o.s.b.f.s.DefaultListableBeanFactory     : Creating shared instance of singleton bean 'persistenceExceptionTranslationPostProcessor'
2025-04-05T01:32:48.989+05:30 DEBUG 19296 --- [LoginSignup] [main] o.s.b.f.s.DefaultListableBeanFactory     : Autowiring by type from bean name 'persistenceExceptionTranslationPostProcessor' via factory method to bean named 'environment'
2025-04-05T01:32:48.997+05:30 DEBUG 19296 --- [LoginSignup] [main] o.s.b.f.s.DefaultListableBeanFactory     : Creating shared instance of singleton bean 'webServerFactoryCustomizerBeanPostProcessor'
2025-04-05T01:32:48.998+05:30 DEBUG 19296 --- [LoginSignup] [main] o.s.b.f.s.DefaultListableBeanFactory     : Creating shared instance of singleton bean 'errorPageRegistrarBeanPostProcessor'
2025-04-05T01:32:48.999+05:30 DEBUG 19296 --- [LoginSignup] [main] o.s.b.f.s.DefaultListableBeanFactory     : Creating shared instance of singleton bean 'projectingArgumentResolverBeanPostProcessor'
2025-04-05T01:32:49.002+05:30 DEBUG 19296 --- [LoginSignup] [main] o.s.b.f.s.DefaultListableBeanFactory     : Creating shared instance of singleton bean 'org.springframework.transaction.config.internalTransactionAdvisor'
2025-04-05T01:32:49.003+05:30 DEBUG 19296 --- [LoginSignup] [main] o.s.b.f.s.DefaultListableBeanFactory     : Creating shared instance of singleton bean 'org.springframework.transaction.annotation.ProxyTransactionManagementConfiguration'
2025-04-05T01:32:49.036+05:30 DEBUG 19296 --- [LoginSignup] [main] o.s.b.f.s.DefaultListableBeanFactory     : Creating shared instance of singleton bean 'transactionAttributeSource'
2025-04-05T01:32:49.047+05:30 DEBUG 19296 --- [LoginSignup] [main] o.s.b.f.s.DefaultListableBeanFactory     : Creating shared instance of singleton bean 'transactionInterceptor'
2025-04-05T01:32:49.048+05:30 DEBUG 19296 --- [LoginSignup] [main] o.s.b.f.s.DefaultListableBeanFactory     : Autowiring by type from bean name 'transactionInterceptor' via factory method to bean named 'transactionAttributeSource'
2025-04-05T01:32:49.058+05:30 DEBUG 19296 --- [LoginSignup] [main] o.s.b.f.s.DefaultListableBeanFactory     : Autowiring by type from bean name 'org.springframework.transaction.config.internalTransactionAdvisor' via factory method to bean named 'transactionAttributeSource'
2025-04-05T01:32:49.058+05:30 DEBUG 19296 --- [LoginSignup] [main] o.s.b.f.s.DefaultListableBeanFactory     : Autowiring by type from bean name 'org.springframework.transaction.config.internalTransactionAdvisor' via factory method to bean named 'transactionInterceptor'
2025-04-05T01:32:49.095+05:30 DEBUG 19296 --- [LoginSignup] [main] o.s.u.c.s.UiApplicationContextUtils      : Unable to locate ThemeSource with name 'themeSource': using default [org.springframework.ui.context.support.ResourceBundleThemeSource@59072e9d]
2025-04-05T01:32:49.096+05:30 DEBUG 19296 --- [LoginSignup] [main] o.s.b.f.s.DefaultListableBeanFactory     : Creating shared instance of singleton bean 'tomcatServletWebServerFactory'
2025-04-05T01:32:49.096+05:30 DEBUG 19296 --- [LoginSignup] [main] o.s.b.f.s.DefaultListableBeanFactory     : Creating shared instance of singleton bean 'org.springframework.boot.autoconfigure.web.servlet.ServletWebServerFactoryConfiguration$EmbeddedTomcat'
2025-04-05T01:32:49.126+05:30 DEBUG 19296 --- [LoginSignup] [main] o.s.b.f.s.DefaultListableBeanFactory     : Creating shared instance of singleton bean 'websocketServletWebServerCustomizer'
2025-04-05T01:32:49.126+05:30 DEBUG 19296 --- [LoginSignup] [main] o.s.b.f.s.DefaultListableBeanFactory     : Creating shared instance of singleton bean 'org.springframework.boot.autoconfigure.websocket.servlet.WebSocketServletAutoConfiguration$TomcatWebSocketConfiguration'
2025-04-05T01:32:49.128+05:30 DEBUG 19296 --- [LoginSignup] [main] o.s.b.f.s.DefaultListableBeanFactory     : Creating shared instance of singleton bean 'servletWebServerFactoryCustomizer'
2025-04-05T01:32:49.129+05:30 DEBUG 19296 --- [LoginSignup] [main] o.s.b.f.s.DefaultListableBeanFactory     : Creating shared instance of singleton bean 'org.springframework.boot.autoconfigure.web.servlet.ServletWebServerFactoryAutoConfiguration'
2025-04-05T01:32:49.130+05:30 DEBUG 19296 --- [LoginSignup] [main] o.s.b.f.s.DefaultListableBeanFactory     : Creating shared instance of singleton bean 'server-org.springframework.boot.autoconfigure.web.ServerProperties'
2025-04-05T01:32:49.141+05:30 DEBUG 19296 --- [LoginSignup] [main] o.s.b.f.s.DefaultListableBeanFactory     : Creating shared instance of singleton bean 'org.springframework.boot.context.properties.BoundConfigurationProperties'
2025-04-05T01:32:49.156+05:30 DEBUG 19296 --- [LoginSignup] [main] o.s.b.f.s.DefaultListableBeanFactory     : Autowiring by type from bean name 'servletWebServerFactoryCustomizer' via factory method to bean named 'server-org.springframework.boot.autoconfigure.web.ServerProperties'
2025-04-05T01:32:49.162+05:30 DEBUG 19296 --- [LoginSignup] [main] o.s.b.f.s.DefaultListableBeanFactory     : Creating shared instance of singleton bean 'sslBundleRegistry'
2025-04-05T01:32:49.163+05:30 DEBUG 19296 --- [LoginSignup] [main] o.s.b.f.s.DefaultListableBeanFactory     : Creating shared instance of singleton bean 'org.springframework.boot.autoconfigure.ssl.SslAutoConfiguration'
2025-04-05T01:32:49.164+05:30 DEBUG 19296 --- [LoginSignup] [main] o.s.b.f.s.DefaultListableBeanFactory     : Creating shared instance of singleton bean 'spring.ssl-org.springframework.boot.autoconfigure.ssl.SslProperties'
2025-04-05T01:32:49.169+05:30 DEBUG 19296 --- [LoginSignup] [main] o.s.b.f.s.DefaultListableBeanFactory     : Autowiring by type from bean name 'org.springframework.boot.autoconfigure.ssl.SslAutoConfiguration' via constructor to bean named 'org.springframework.boot.web.servlet.context.AnnotationConfigServletWebServerApplicationContext@3b8f0a79'
2025-04-05T01:32:49.169+05:30 DEBUG 19296 --- [LoginSignup] [main] o.s.b.f.s.DefaultListableBeanFactory     : Autowiring by type from bean name 'org.springframework.boot.autoconfigure.ssl.SslAutoConfiguration' via constructor to bean named 'spring.ssl-org.springframework.boot.autoconfigure.ssl.SslProperties'
2025-04-05T01:32:49.174+05:30 DEBUG 19296 --- [LoginSignup] [main] o.s.b.f.s.DefaultListableBeanFactory     : Creating shared instance of singleton bean 'sslPropertiesSslBundleRegistrar'
2025-04-05T01:32:49.175+05:30 DEBUG 19296 --- [LoginSignup] [main] o.s.b.f.s.DefaultListableBeanFactory     : Creating shared instance of singleton bean 'fileWatcher'
2025-04-05T01:32:49.177+05:30 DEBUG 19296 --- [LoginSignup] [main] o.s.b.f.s.DefaultListableBeanFactory     : Autowiring by type from bean name 'sslPropertiesSslBundleRegistrar' via factory method to bean named 'fileWatcher'
2025-04-05T01:32:49.188+05:30 DEBUG 19296 --- [LoginSignup] [main] o.s.b.f.s.DefaultListableBeanFactory     : Creating shared instance of singleton bean 'tomcatServletWebServerFactoryCustomizer'
2025-04-05T01:32:49.189+05:30 DEBUG 19296 --- [LoginSignup] [main] o.s.b.f.s.DefaultListableBeanFactory     : Autowiring by type from bean name 'tomcatServletWebServerFactoryCustomizer' via factory method to bean named 'server-org.springframework.boot.autoconfigure.web.ServerProperties'
2025-04-05T01:32:49.191+05:30 DEBUG 19296 --- [LoginSignup] [main] o.s.b.f.s.DefaultListableBeanFactory     : Creating shared instance of singleton bean 'tomcatWebServerFactoryCustomizer'
2025-04-05T01:32:49.191+05:30 DEBUG 19296 --- [LoginSignup] [main] o.s.b.f.s.DefaultListableBeanFactory     : Creating shared instance of singleton bean 'org.springframework.boot.autoconfigure.web.embedded.EmbeddedWebServerFactoryCustomizerAutoConfiguration$TomcatWebServerFactoryCustomizerConfiguration'
2025-04-05T01:32:49.193+05:30 DEBUG 19296 --- [LoginSignup] [main] o.s.b.f.s.DefaultListableBeanFactory     : Autowiring by type from bean name 'tomcatWebServerFactoryCustomizer' via factory method to bean named 'environment'
2025-04-05T01:32:49.194+05:30 DEBUG 19296 --- [LoginSignup] [main] o.s.b.f.s.DefaultListableBeanFactory     : Autowiring by type from bean name 'tomcatWebServerFactoryCustomizer' via factory method to bean named 'server-org.springframework.boot.autoconfigure.web.ServerProperties'
2025-04-05T01:32:49.197+05:30 DEBUG 19296 --- [LoginSignup] [main] o.s.b.f.s.DefaultListableBeanFactory     : Creating shared instance of singleton bean 'localeCharsetMappingsCustomizer'
2025-04-05T01:32:49.197+05:30 DEBUG 19296 --- [LoginSignup] [main] o.s.b.f.s.DefaultListableBeanFactory     : Creating shared instance of singleton bean 'org.springframework.boot.autoconfigure.web.servlet.HttpEncodingAutoConfiguration'
2025-04-05T01:32:49.198+05:30 DEBUG 19296 --- [LoginSignup] [main] o.s.b.f.s.DefaultListableBeanFactory     : Autowiring by type from bean name 'org.springframework.boot.autoconfigure.web.servlet.HttpEncodingAutoConfiguration' via constructor to bean named 'server-org.springframework.boot.autoconfigure.web.ServerProperties'
2025-04-05T01:32:49.492+05:30 DEBUG 19296 --- [LoginSignup] [main] o.s.b.f.s.DefaultListableBeanFactory     : Creating shared instance of singleton bean 'errorPageCustomizer'
2025-04-05T01:32:49.492+05:30 DEBUG 19296 --- [LoginSignup] [main] o.s.b.f.s.DefaultListableBeanFactory     : Creating shared instance of singleton bean 'org.springframework.boot.autoconfigure.web.servlet.error.ErrorMvcAutoConfiguration'
2025-04-05T01:32:49.493+05:30 DEBUG 19296 --- [LoginSignup] [main] o.s.b.f.s.DefaultListableBeanFactory     : Autowiring by type from bean name 'org.springframework.boot.autoconfigure.web.servlet.error.ErrorMvcAutoConfiguration' via constructor to bean named 'server-org.springframework.boot.autoconfigure.web.ServerProperties'
2025-04-05T01:32:49.494+05:30 DEBUG 19296 --- [LoginSignup] [main] o.s.b.f.s.DefaultListableBeanFactory     : Creating shared instance of singleton bean 'dispatcherServletRegistration'
2025-04-05T01:32:49.494+05:30 DEBUG 19296 --- [LoginSignup] [main] o.s.b.f.s.DefaultListableBeanFactory     : Creating shared instance of singleton bean 'org.springframework.boot.autoconfigure.web.servlet.DispatcherServletAutoConfiguration$DispatcherServletRegistrationConfiguration'
2025-04-05T01:32:49.495+05:30 DEBUG 19296 --- [LoginSignup] [main] o.s.b.f.s.DefaultListableBeanFactory     : Creating shared instance of singleton bean 'dispatcherServlet'
2025-04-05T01:32:49.495+05:30 DEBUG 19296 --- [LoginSignup] [main] o.s.b.f.s.DefaultListableBeanFactory     : Creating shared instance of singleton bean 'org.springframework.boot.autoconfigure.web.servlet.DispatcherServletAutoConfiguration$DispatcherServletConfiguration'
2025-04-05T01:32:49.496+05:30 DEBUG 19296 --- [LoginSignup] [main] o.s.b.f.s.DefaultListableBeanFactory     : Creating shared instance of singleton bean 'spring.mvc-org.springframework.boot.autoconfigure.web.servlet.WebMvcProperties'
2025-04-05T01:32:49.500+05:30 DEBUG 19296 --- [LoginSignup] [main] o.s.b.f.s.DefaultListableBeanFactory     : Autowiring by type from bean name 'dispatcherServlet' via factory method to bean named 'spring.mvc-org.springframework.boot.autoconfigure.web.servlet.WebMvcProperties'
2025-04-05T01:32:49.518+05:30 DEBUG 19296 --- [LoginSignup] [main] o.s.b.f.s.DefaultListableBeanFactory     : Autowiring by type from bean name 'dispatcherServletRegistration' via factory method to bean named 'dispatcherServlet'
2025-04-05T01:32:49.519+05:30 DEBUG 19296 --- [LoginSignup] [main] o.s.b.f.s.DefaultListableBeanFactory     : Autowiring by type from bean name 'dispatcherServletRegistration' via factory method to bean named 'spring.mvc-org.springframework.boot.autoconfigure.web.servlet.WebMvcProperties'
2025-04-05T01:32:49.522+05:30 DEBUG 19296 --- [LoginSignup] [main] o.s.b.f.s.DefaultListableBeanFactory     : Creating shared instance of singleton bean 'multipartConfigElement'
2025-04-05T01:32:49.523+05:30 DEBUG 19296 --- [LoginSignup] [main] o.s.b.f.s.DefaultListableBeanFactory     : Creating shared instance of singleton bean 'org.springframework.boot.autoconfigure.web.servlet.MultipartAutoConfiguration'
2025-04-05T01:32:49.524+05:30 DEBUG 19296 --- [LoginSignup] [main] o.s.b.f.s.DefaultListableBeanFactory     : Creating shared instance of singleton bean 'spring.servlet.multipart-org.springframework.boot.autoconfigure.web.servlet.MultipartProperties'
2025-04-05T01:32:49.528+05:30 DEBUG 19296 --- [LoginSignup] [main] o.s.b.f.s.DefaultListableBeanFactory     : Autowiring by type from bean name 'org.springframework.boot.autoconfigure.web.servlet.MultipartAutoConfiguration' via constructor to bean named 'spring.servlet.multipart-org.springframework.boot.autoconfigure.web.servlet.MultipartProperties'
2025-04-05T01:32:49.539+05:30 DEBUG 19296 --- [LoginSignup] [main] o.s.b.f.s.DefaultListableBeanFactory     : Autowiring by type from bean name 'errorPageCustomizer' via factory method to bean named 'dispatcherServletRegistration'
2025-04-05T01:32:49.672+05:30 DEBUG 19296 --- [LoginSignup] [main] .s.b.w.e.t.TomcatServletWebServerFactory : Code archive: C:\Users\HP\.m2\repository\org\springframework\boot\spring-boot\3.4.4\spring-boot-3.4.4.jar
2025-04-05T01:32:49.673+05:30 DEBUG 19296 --- [LoginSignup] [main] .s.b.w.e.t.TomcatServletWebServerFactory : Code archive: C:\Users\HP\.m2\repository\org\springframework\boot\spring-boot\3.4.4\spring-boot-3.4.4.jar
2025-04-05T01:32:49.673+05:30 DEBUG 19296 --- [LoginSignup] [main] .s.b.w.e.t.TomcatServletWebServerFactory : None of the document roots [src/main/webapp, public, static] point to a directory and will be ignored.
2025-04-05T01:32:49.703+05:30  INFO 19296 --- [LoginSignup] [main] o.s.b.w.embedded.tomcat.TomcatWebServer  : Tomcat initialized with port 8083 (http)
2025-04-05T01:32:49.717+05:30  INFO 19296 --- [LoginSignup] [main] o.a.catalina.core.AprLifecycleListener   : An older version [1.3.1] of the Apache Tomcat Native library is installed, while Tomcat recommends a minimum version of [2.0.5]
2025-04-05T01:32:49.717+05:30  INFO 19296 --- [LoginSignup] [main] o.a.catalina.core.AprLifecycleListener   : Loaded Apache Tomcat Native library [1.3.1] using APR version [1.7.4].
2025-04-05T01:32:49.739+05:30  INFO 19296 --- [LoginSignup] [main] o.a.catalina.core.AprLifecycleListener   : OpenSSL successfully initialized [OpenSSL 3.0.14 4 Jun 2024]
2025-04-05T01:32:49.754+05:30  INFO 19296 --- [LoginSignup] [main] o.apache.catalina.core.StandardService   : Starting service [Tomcat]
2025-04-05T01:32:49.755+05:30  INFO 19296 --- [LoginSignup] [main] o.apache.catalina.core.StandardEngine    : Starting Servlet engine: [Apache Tomcat/10.1.39]
2025-04-05T01:32:49.833+05:30  INFO 19296 --- [LoginSignup] [main] o.a.c.c.C.[Tomcat].[localhost].[/]       : Initializing Spring embedded WebApplicationContext
2025-04-05T01:32:49.833+05:30 DEBUG 19296 --- [LoginSignup] [main] w.s.c.ServletWebServerApplicationContext : Published root WebApplicationContext as ServletContext attribute with name [org.springframework.web.context.WebApplicationContext.ROOT]
2025-04-05T01:32:49.833+05:30  INFO 19296 --- [LoginSignup] [main] w.s.c.ServletWebServerApplicationContext : Root WebApplicationContext: initialization completed in 2326 ms
2025-04-05T01:32:49.835+05:30 DEBUG 19296 --- [LoginSignup] [main] o.s.b.f.s.DefaultListableBeanFactory     : Creating shared instance of singleton bean 'securityFilterChainRegistration'
2025-04-05T01:32:49.836+05:30 DEBUG 19296 --- [LoginSignup] [main] o.s.b.f.s.DefaultListableBeanFactory     : Creating shared instance of singleton bean 'org.springframework.boot.autoconfigure.security.servlet.SecurityFilterAutoConfiguration'
2025-04-05T01:32:49.837+05:30 DEBUG 19296 --- [LoginSignup] [main] o.s.b.f.s.DefaultListableBeanFactory     : Creating shared instance of singleton bean 'spring.security-org.springframework.boot.autoconfigure.security.SecurityProperties'
2025-04-05T01:32:49.839+05:30 DEBUG 19296 --- [LoginSignup] [main] o.s.b.f.s.DefaultListableBeanFactory     : Autowiring by type from bean name 'securityFilterChainRegistration' via factory method to bean named 'spring.security-org.springframework.boot.autoconfigure.security.SecurityProperties'
2025-04-05T01:32:49.845+05:30 DEBUG 19296 --- [LoginSignup] [main] o.s.b.f.s.DefaultListableBeanFactory     : Creating shared instance of singleton bean 'requestContextFilter'
2025-04-05T01:32:49.848+05:30 DEBUG 19296 --- [LoginSignup] [main] o.s.b.f.s.DefaultListableBeanFactory     : Creating shared instance of singleton bean 'formContentFilter'
2025-04-05T01:32:49.848+05:30 DEBUG 19296 --- [LoginSignup] [main] o.s.b.f.s.DefaultListableBeanFactory     : Creating shared instance of singleton bean 'org.springframework.boot.autoconfigure.web.servlet.WebMvcAutoConfiguration'
2025-04-05T01:32:49.852+05:30 DEBUG 19296 --- [LoginSignup] [main] o.s.b.f.s.DefaultListableBeanFactory     : Creating shared instance of singleton bean 'characterEncodingFilter'
2025-04-05T01:32:49.862+05:30 DEBUG 19296 --- [LoginSignup] [main] o.s.b.w.s.ServletContextInitializerBeans : Mapping filters: springSecurityFilterChain urls=[/*] order=-100, characterEncodingFilter urls=[/*] order=-2147483648, formContentFilter urls=[/*] order=-9900, requestContextFilter urls=[/*] order=-105
2025-04-05T01:32:49.862+05:30 DEBUG 19296 --- [LoginSignup] [main] o.s.b.w.s.ServletContextInitializerBeans : Mapping servlets: dispatcherServlet urls=[/]
2025-04-05T01:32:49.901+05:30 DEBUG 19296 --- [LoginSignup] [main] o.s.b.w.s.f.OrderedRequestContextFilter  : Filter 'requestContextFilter' configured for use
2025-04-05T01:32:49.905+05:30 DEBUG 19296 --- [LoginSignup] [main] s.b.w.s.f.OrderedCharacterEncodingFilter : Filter 'characterEncodingFilter' configured for use
2025-04-05T01:32:49.906+05:30 DEBUG 19296 --- [LoginSignup] [main] .DelegatingFilterProxyRegistrationBean$1 : Filter 'springSecurityFilterChain' configured for use
2025-04-05T01:32:49.907+05:30 DEBUG 19296 --- [LoginSignup] [main] o.s.b.w.s.f.OrderedFormContentFilter     : Filter 'formContentFilter' configured for use
2025-04-05T01:32:49.924+05:30 DEBUG 19296 --- [LoginSignup] [main] o.s.b.f.s.DefaultListableBeanFactory     : Creating shared instance of singleton bean 'dataSourceScriptDatabaseInitializer'
2025-04-05T01:32:49.924+05:30 DEBUG 19296 --- [LoginSignup] [main] o.s.b.f.s.DefaultListableBeanFactory     : Creating shared instance of singleton bean 'org.springframework.boot.autoconfigure.sql.init.DataSourceInitializationConfiguration'
2025-04-05T01:32:49.925+05:30 DEBUG 19296 --- [LoginSignup] [main] o.s.b.f.s.DefaultListableBeanFactory     : Creating shared instance of singleton bean 'dataSource'
2025-04-05T01:32:49.926+05:30 DEBUG 19296 --- [LoginSignup] [main] o.s.b.f.s.DefaultListableBeanFactory     : Creating shared instance of singleton bean 'org.springframework.boot.autoconfigure.jdbc.DataSourceConfiguration$Hikari'
2025-04-05T01:32:49.928+05:30 DEBUG 19296 --- [LoginSignup] [main] o.s.b.f.s.DefaultListableBeanFactory     : Creating shared instance of singleton bean 'spring.datasource-org.springframework.boot.autoconfigure.jdbc.DataSourceProperties'
2025-04-05T01:32:49.940+05:30 DEBUG 19296 --- [LoginSignup] [main] o.s.b.f.s.DefaultListableBeanFactory     : Creating shared instance of singleton bean 'jdbcConnectionDetails'
2025-04-05T01:32:49.941+05:30 DEBUG 19296 --- [LoginSignup] [main] o.s.b.f.s.DefaultListableBeanFactory     : Creating shared instance of singleton bean 'org.springframework.boot.autoconfigure.jdbc.DataSourceAutoConfiguration$PooledDataSourceConfiguration'
2025-04-05T01:32:49.943+05:30 DEBUG 19296 --- [LoginSignup] [main] o.s.b.f.s.DefaultListableBeanFactory     : Autowiring by type from bean name 'jdbcConnectionDetails' via factory method to bean named 'spring.datasource-org.springframework.boot.autoconfigure.jdbc.DataSourceProperties'
2025-04-05T01:32:49.944+05:30 DEBUG 19296 --- [LoginSignup] [main] o.s.b.f.s.DefaultListableBeanFactory     : Autowiring by type from bean name 'dataSource' via factory method to bean named 'spring.datasource-org.springframework.boot.autoconfigure.jdbc.DataSourceProperties'
2025-04-05T01:32:49.945+05:30 DEBUG 19296 --- [LoginSignup] [main] o.s.b.f.s.DefaultListableBeanFactory     : Autowiring by type from bean name 'dataSource' via factory method to bean named 'jdbcConnectionDetails'
2025-04-05T01:32:49.980+05:30 DEBUG 19296 --- [LoginSignup] [main] o.s.b.f.s.DefaultListableBeanFactory     : Creating shared instance of singleton bean 'spring.sql.init-org.springframework.boot.autoconfigure.sql.init.SqlInitializationProperties'
2025-04-05T01:32:49.985+05:30 DEBUG 19296 --- [LoginSignup] [main] o.s.b.f.s.DefaultListableBeanFactory     : Autowiring by type from bean name 'dataSourceScriptDatabaseInitializer' via factory method to bean named 'dataSource'
2025-04-05T01:32:49.986+05:30 DEBUG 19296 --- [LoginSignup] [main] o.s.b.f.s.DefaultListableBeanFactory     : Autowiring by type from bean name 'dataSourceScriptDatabaseInitializer' via factory method to bean named 'spring.sql.init-org.springframework.boot.autoconfigure.sql.init.SqlInitializationProperties'
2025-04-05T01:32:49.994+05:30 DEBUG 19296 --- [LoginSignup] [main] o.s.b.f.s.DefaultListableBeanFactory     : Creating shared instance of singleton bean 'entityManagerFactory'
2025-04-05T01:32:49.995+05:30 DEBUG 19296 --- [LoginSignup] [main] o.s.b.f.s.DefaultListableBeanFactory     : Creating shared instance of singleton bean 'org.springframework.boot.autoconfigure.orm.jpa.HibernateJpaConfiguration'
2025-04-05T01:32:49.997+05:30 DEBUG 19296 --- [LoginSignup] [main] o.s.b.f.s.DefaultListableBeanFactory     : Creating shared instance of singleton bean 'spring.jpa-org.springframework.boot.autoconfigure.orm.jpa.JpaProperties'
2025-04-05T01:32:50.003+05:30 DEBUG 19296 --- [LoginSignup] [main] o.s.b.f.s.DefaultListableBeanFactory     : Creating shared instance of singleton bean 'spring.jpa.hibernate-org.springframework.boot.autoconfigure.orm.jpa.HibernateProperties'
2025-04-05T01:32:50.006+05:30 DEBUG 19296 --- [LoginSignup] [main] o.s.b.f.s.DefaultListableBeanFactory     : Autowiring by type from bean name 'org.springframework.boot.autoconfigure.orm.jpa.HibernateJpaConfiguration' via constructor to bean named 'dataSource'
2025-04-05T01:32:50.006+05:30 DEBUG 19296 --- [LoginSignup] [main] o.s.b.f.s.DefaultListableBeanFactory     : Autowiring by type from bean name 'org.springframework.boot.autoconfigure.orm.jpa.HibernateJpaConfiguration' via constructor to bean named 'spring.jpa-org.springframework.boot.autoconfigure.orm.jpa.JpaProperties'
2025-04-05T01:32:50.006+05:30 DEBUG 19296 --- [LoginSignup] [main] o.s.b.f.s.DefaultListableBeanFactory     : Autowiring by type from bean name 'org.springframework.boot.autoconfigure.orm.jpa.HibernateJpaConfiguration' via constructor to bean named 'org.springframework.beans.factory.support.DefaultListableBeanFactory@1253e7cb'
2025-04-05T01:32:50.007+05:30 DEBUG 19296 --- [LoginSignup] [main] o.s.b.f.s.DefaultListableBeanFactory     : Autowiring by type from bean name 'org.springframework.boot.autoconfigure.orm.jpa.HibernateJpaConfiguration' via constructor to bean named 'spring.jpa.hibernate-org.springframework.boot.autoconfigure.orm.jpa.HibernateProperties'
2025-04-05T01:32:50.013+05:30 DEBUG 19296 --- [LoginSignup] [main] o.s.b.f.s.DefaultListableBeanFactory     : Creating shared instance of singleton bean 'hikariPoolDataSourceMetadataProvider'
2025-04-05T01:32:50.013+05:30 DEBUG 19296 --- [LoginSignup] [main] o.s.b.f.s.DefaultListableBeanFactory     : Creating shared instance of singleton bean 'org.springframework.boot.autoconfigure.jdbc.metadata.DataSourcePoolMetadataProvidersConfiguration$HikariPoolDataSourceMetadataProviderConfiguration'
2025-04-05T01:32:50.021+05:30 DEBUG 19296 --- [LoginSignup] [main] o.s.b.f.s.DefaultListableBeanFactory     : Creating shared instance of singleton bean 'entityManagerFactoryBuilder'
2025-04-05T01:32:50.022+05:30 DEBUG 19296 --- [LoginSignup] [main] o.s.b.f.s.DefaultListableBeanFactory     : Creating shared instance of singleton bean 'jpaVendorAdapter'
2025-04-05T01:32:50.046+05:30 DEBUG 19296 --- [LoginSignup] [main] o.s.b.f.s.DefaultListableBeanFactory     : Autowiring by type from bean name 'entityManagerFactoryBuilder' via factory method to bean named 'jpaVendorAdapter'
2025-04-05T01:32:50.050+05:30 DEBUG 19296 --- [LoginSignup] [main] o.s.b.f.s.DefaultListableBeanFactory     : Creating shared instance of singleton bean 'persistenceManagedTypes'
2025-04-05T01:32:50.051+05:30 DEBUG 19296 --- [LoginSignup] [main] o.s.b.f.s.DefaultListableBeanFactory     : Autowiring by type from bean name 'persistenceManagedTypes' via factory method to bean named 'org.springframework.beans.factory.support.DefaultListableBeanFactory@1253e7cb'
2025-04-05T01:32:50.051+05:30 DEBUG 19296 --- [LoginSignup] [main] o.s.b.f.s.DefaultListableBeanFactory     : Autowiring by type from bean name 'persistenceManagedTypes' via factory method to bean named 'org.springframework.boot.web.servlet.context.AnnotationConfigServletWebServerApplicationContext@3b8f0a79'
2025-04-05T01:32:50.062+05:30 DEBUG 19296 --- [LoginSignup] [main] o.s.b.f.s.DefaultListableBeanFactory     : Autowiring by type from bean name 'entityManagerFactory' via factory method to bean named 'entityManagerFactoryBuilder'
2025-04-05T01:32:50.062+05:30 DEBUG 19296 --- [LoginSignup] [main] o.s.b.f.s.DefaultListableBeanFactory     : Autowiring by type from bean name 'entityManagerFactory' via factory method to bean named 'persistenceManagedTypes'
2025-04-05T01:32:50.085+05:30 DEBUG 19296 --- [LoginSignup] [main] j.LocalContainerEntityManagerFactoryBean : Building JPA container EntityManagerFactory for persistence unit 'default'
2025-04-05T01:32:50.126+05:30  INFO 19296 --- [LoginSignup] [main] o.hibernate.jpa.internal.util.LogHelper  : HHH000204: Processing PersistenceUnitInfo [name: default]
2025-04-05T01:32:50.240+05:30  INFO 19296 --- [LoginSignup] [main] org.hibernate.Version                    : HHH000412: Hibernate ORM core version 6.6.11.Final
2025-04-05T01:32:50.301+05:30  INFO 19296 --- [LoginSignup] [main] o.h.c.internal.RegionFactoryInitiator    : HHH000026: Second-level cache disabled
2025-04-05T01:32:50.758+05:30  INFO 19296 --- [LoginSignup] [main] o.s.o.j.p.SpringPersistenceUnitInfo      : No LoadTimeWeaver setup: ignoring JPA class transformer
2025-04-05T01:32:50.805+05:30  INFO 19296 --- [LoginSignup] [main] com.zaxxer.hikari.HikariDataSource       : HikariPool-1 - Starting...
2025-04-05T01:32:51.278+05:30  INFO 19296 --- [LoginSignup] [main] com.zaxxer.hikari.pool.HikariPool        : HikariPool-1 - Added connection com.mysql.cj.jdbc.ConnectionImpl@28fa541
2025-04-05T01:32:51.280+05:30  INFO 19296 --- [LoginSignup] [main] com.zaxxer.hikari.HikariDataSource       : HikariPool-1 - Start completed.
2025-04-05T01:32:51.371+05:30  WARN 19296 --- [LoginSignup] [main] org.hibernate.orm.deprecation            : HHH90000025: MySQL8Dialect does not need to be specified explicitly using 'hibernate.dialect' (remove the property setting and it will be selected by default)
2025-04-05T01:32:51.372+05:30  WARN 19296 --- [LoginSignup] [main] org.hibernate.orm.deprecation            : HHH90000026: MySQL8Dialect has been deprecated; use org.hibernate.dialect.MySQLDialect instead
2025-04-05T01:32:51.399+05:30  INFO 19296 --- [LoginSignup] [main] org.hibernate.orm.connections.pooling    : HHH10001005: Database info:
	Database JDBC URL [Connecting through datasource 'HikariDataSource (HikariPool-1)']
	Database driver: undefined/unknown
	Database version: 8.0
	Autocommit mode: undefined/unknown
	Isolation level: undefined/unknown
	Minimum pool size: undefined/unknown
	Maximum pool size: undefined/unknown
2025-04-05T01:32:52.420+05:30  INFO 19296 --- [LoginSignup] [main] o.h.e.t.j.p.i.JtaPlatformInitiator       : HHH000489: No JTA platform available (set 'hibernate.transaction.jta.platform' to enable JTA platform integration)
2025-04-05T01:32:52.543+05:30  INFO 19296 --- [LoginSignup] [main] j.LocalContainerEntityManagerFactoryBean : Initialized JPA EntityManagerFactory for persistence unit 'default'
2025-04-05T01:32:52.549+05:30 DEBUG 19296 --- [LoginSignup] [main] o.s.b.f.s.DefaultListableBeanFactory     : Creating shared instance of singleton bean 'loginSignupApplication'
2025-04-05T01:32:52.551+05:30 DEBUG 19296 --- [LoginSignup] [main] o.s.b.f.s.DefaultListableBeanFactory     : Creating shared instance of singleton bean 'jwtUtil'
2025-04-05T01:32:52.552+05:30 DEBUG 19296 --- [LoginSignup] [main] o.s.b.f.s.DefaultListableBeanFactory     : Creating shared instance of singleton bean 'userConfiguration'
2025-04-05T01:32:52.553+05:30 DEBUG 19296 --- [LoginSignup] [main] o.s.b.f.s.DefaultListableBeanFactory     : Creating shared instance of singleton bean 'userController'
2025-04-05T01:32:52.557+05:30 DEBUG 19296 --- [LoginSignup] [main] o.s.b.f.s.DefaultListableBeanFactory     : Creating shared instance of singleton bean 'userService'
2025-04-05T01:32:52.558+05:30 DEBUG 19296 --- [LoginSignup] [main] o.s.b.f.s.DefaultListableBeanFactory     : Creating shared instance of singleton bean 'userRepository'
2025-04-05T01:32:52.566+05:30 DEBUG 19296 --- [LoginSignup] [main] o.s.b.f.s.DefaultListableBeanFactory     : Creating shared instance of singleton bean 'jpa.named-queries#0'
2025-04-05T01:32:52.570+05:30 DEBUG 19296 --- [LoginSignup] [main] o.s.b.f.s.DefaultListableBeanFactory     : Creating shared instance of singleton bean 'jpa.UserRepository.fragments#0'
2025-04-05T01:32:52.579+05:30 DEBUG 19296 --- [LoginSignup] [main] o.s.b.f.s.DefaultListableBeanFactory     : Creating shared instance of singleton bean 'jpaSharedEM_entityManagerFactory'
2025-04-05T01:32:52.643+05:30 DEBUG 19296 --- [LoginSignup] [main] o.s.b.f.s.DefaultListableBeanFactory     : Creating shared instance of singleton bean 'jpaMappingContext'
2025-04-05T01:32:52.644+05:30 DEBUG 19296 --- [LoginSignup] [main] .c.JpaMetamodelMappingContextFactoryBean : Initializing JpaMetamodelMappingContext…
2025-04-05T01:32:52.676+05:30 DEBUG 19296 --- [LoginSignup] [main] .c.JpaMetamodelMappingContextFactoryBean : Finished initializing JpaMetamodelMappingContext
2025-04-05T01:32:52.732+05:30 DEBUG 19296 --- [LoginSignup] [main] tor$SharedEntityManagerInvocationHandler : Creating new EntityManager for shared EntityManager invocation
2025-04-05T01:32:52.779+05:30 DEBUG 19296 --- [LoginSignup] [main] tor$SharedEntityManagerInvocationHandler : Creating new EntityManager for shared EntityManager invocation
2025-04-05T01:32:52.837+05:30 DEBUG 19296 --- [LoginSignup] [main] o.s.d.r.c.s.RepositoryFactorySupport     : Initializing repository instance for com.example.LoginSignup.repository.UserRepository…
2025-04-05T01:32:52.858+05:30 DEBUG 19296 --- [LoginSignup] [main] tor$SharedEntityManagerInvocationHandler : Creating new EntityManager for shared EntityManager invocation
2025-04-05T01:32:52.943+05:30 DEBUG 19296 --- [LoginSignup] [main] o.s.d.jpa.repository.query.NamedQuery    : Looking up named query 'UserModel.findByEmail'
2025-04-05T01:32:52.946+05:30 DEBUG 19296 --- [LoginSignup] [main] o.s.d.jpa.repository.query.NamedQuery    : Did not find named query UserModel.findByEmail
2025-04-05T01:32:52.951+05:30 DEBUG 19296 --- [LoginSignup] [main] tor$SharedEntityManagerInvocationHandler : Creating new EntityManager for shared EntityManager invocation
2025-04-05T01:32:53.038+05:30 DEBUG 19296 --- [LoginSignup] [main] o.s.d.r.c.s.RepositoryFactorySupport     : Finished creation of repository instance for com.example.LoginSignup.repository.UserRepository.
2025-04-05T01:32:53.045+05:30 DEBUG 19296 --- [LoginSignup] [main] o.s.b.f.s.DefaultListableBeanFactory     : Creating shared instance of singleton bean 'passwordEncoder'
2025-04-05T01:32:53.049+05:30 DEBUG 19296 --- [LoginSignup] [main] o.s.b.f.s.DefaultListableBeanFactory     : Autowiring by type from bean name 'userService' via constructor to bean named 'userRepository'
2025-04-05T01:32:53.049+05:30 DEBUG 19296 --- [LoginSignup] [main] o.s.b.f.s.DefaultListableBeanFactory     : Autowiring by type from bean name 'userService' via constructor to bean named 'jwtUtil'
2025-04-05T01:32:53.049+05:30 DEBUG 19296 --- [LoginSignup] [main] o.s.b.f.s.DefaultListableBeanFactory     : Autowiring by type from bean name 'userService' via constructor to bean named 'passwordEncoder'
2025-04-05T01:32:53.051+05:30 DEBUG 19296 --- [LoginSignup] [main] o.s.b.f.s.DefaultListableBeanFactory     : Creating shared instance of singleton bean 'customUserDetailsService'
2025-04-05T01:32:53.052+05:30 DEBUG 19296 --- [LoginSignup] [main] o.s.b.f.s.DefaultListableBeanFactory     : Autowiring by type from bean name 'customUserDetailsService' via constructor to bean named 'userRepository'
2025-04-05T01:32:53.053+05:30 DEBUG 19296 --- [LoginSignup] [main] o.s.b.f.s.DefaultListableBeanFactory     : Creating shared instance of singleton bean 'securityFilterChain'
2025-04-05T01:32:53.053+05:30 DEBUG 19296 --- [LoginSignup] [main] o.s.b.f.s.DefaultListableBeanFactory     : Creating shared instance of singleton bean 'org.springframework.security.config.annotation.web.configuration.HttpSecurityConfiguration'
2025-04-05T01:32:53.059+05:30 DEBUG 19296 --- [LoginSignup] [main] o.s.b.f.s.DefaultListableBeanFactory     : Creating shared instance of singleton bean 'objectPostProcessor'
2025-04-05T01:32:53.059+05:30 DEBUG 19296 --- [LoginSignup] [main] o.s.b.f.s.DefaultListableBeanFactory     : Creating shared instance of singleton bean 'org.springframework.security.config.annotation.configuration.ObjectPostProcessorConfiguration'
2025-04-05T01:32:53.061+05:30 DEBUG 19296 --- [LoginSignup] [main] o.s.b.f.s.DefaultListableBeanFactory     : Autowiring by type from bean name 'objectPostProcessor' via factory method to bean named 'org.springframework.beans.factory.support.DefaultListableBeanFactory@1253e7cb'
2025-04-05T01:32:53.065+05:30 DEBUG 19296 --- [LoginSignup] [main] o.s.b.f.s.DefaultListableBeanFactory     : Creating shared instance of singleton bean 'org.springframework.security.config.annotation.authentication.configuration.AuthenticationConfiguration'
2025-04-05T01:32:53.069+05:30 DEBUG 19296 --- [LoginSignup] [main] o.s.b.f.s.DefaultListableBeanFactory     : Creating shared instance of singleton bean 'enableGlobalAuthenticationAutowiredConfigurer'
2025-04-05T01:32:53.069+05:30 DEBUG 19296 --- [LoginSignup] [main] o.s.b.f.s.DefaultListableBeanFactory     : Autowiring by type from bean name 'enableGlobalAuthenticationAutowiredConfigurer' via factory method to bean named 'org.springframework.boot.web.servlet.context.AnnotationConfigServletWebServerApplicationContext@3b8f0a79'
2025-04-05T01:32:53.071+05:30 DEBUG 19296 --- [LoginSignup] [main] o.s.b.f.s.DefaultListableBeanFactory     : Creating shared instance of singleton bean 'initializeUserDetailsBeanManagerConfigurer'
2025-04-05T01:32:53.072+05:30 DEBUG 19296 --- [LoginSignup] [main] o.s.b.f.s.DefaultListableBeanFactory     : Autowiring by type from bean name 'initializeUserDetailsBeanManagerConfigurer' via factory method to bean named 'org.springframework.boot.web.servlet.context.AnnotationConfigServletWebServerApplicationContext@3b8f0a79'
2025-04-05T01:32:53.073+05:30 DEBUG 19296 --- [LoginSignup] [main] o.s.b.f.s.DefaultListableBeanFactory     : Creating shared instance of singleton bean 'initializeAuthenticationProviderBeanManagerConfigurer'
2025-04-05T01:32:53.074+05:30 DEBUG 19296 --- [LoginSignup] [main] o.s.b.f.s.DefaultListableBeanFactory     : Autowiring by type from bean name 'initializeAuthenticationProviderBeanManagerConfigurer' via factory method to bean named 'org.springframework.boot.web.servlet.context.AnnotationConfigServletWebServerApplicationContext@3b8f0a79'
2025-04-05T01:32:53.080+05:30 DEBUG 19296 --- [LoginSignup] [main] o.s.b.f.s.DefaultListableBeanFactory     : Creating shared instance of singleton bean 'mvcContentNegotiationManager'
2025-04-05T01:32:53.081+05:30 DEBUG 19296 --- [LoginSignup] [main] o.s.b.f.s.DefaultListableBeanFactory     : Creating shared instance of singleton bean 'org.springframework.boot.autoconfigure.web.servlet.WebMvcAutoConfiguration$EnableWebMvcConfiguration'
2025-04-05T01:32:53.085+05:30 DEBUG 19296 --- [LoginSignup] [main] o.s.b.f.s.DefaultListableBeanFactory     : Creating shared instance of singleton bean 'spring.web-org.springframework.boot.autoconfigure.web.WebProperties'
2025-04-05T01:32:53.092+05:30 DEBUG 19296 --- [LoginSignup] [main] o.s.b.f.s.DefaultListableBeanFactory     : Autowiring by type from bean name 'org.springframework.boot.autoconfigure.web.servlet.WebMvcAutoConfiguration$EnableWebMvcConfiguration' via constructor to bean named 'spring.mvc-org.springframework.boot.autoconfigure.web.servlet.WebMvcProperties'
2025-04-05T01:32:53.092+05:30 DEBUG 19296 --- [LoginSignup] [main] o.s.b.f.s.DefaultListableBeanFactory     : Autowiring by type from bean name 'org.springframework.boot.autoconfigure.web.servlet.WebMvcAutoConfiguration$EnableWebMvcConfiguration' via constructor to bean named 'spring.web-org.springframework.boot.autoconfigure.web.WebProperties'
2025-04-05T01:32:53.092+05:30 DEBUG 19296 --- [LoginSignup] [main] o.s.b.f.s.DefaultListableBeanFactory     : Autowiring by type from bean name 'org.springframework.boot.autoconfigure.web.servlet.WebMvcAutoConfiguration$EnableWebMvcConfiguration' via constructor to bean named 'org.springframework.beans.factory.support.DefaultListableBeanFactory@1253e7cb'
2025-04-05T01:32:53.104+05:30 DEBUG 19296 --- [LoginSignup] [main] o.s.b.f.s.DefaultListableBeanFactory     : Creating shared instance of singleton bean 'org.springframework.boot.autoconfigure.web.servlet.WebMvcAutoConfiguration$WebMvcAutoConfigurationAdapter'
2025-04-05T01:32:53.105+05:30 DEBUG 19296 --- [LoginSignup] [main] o.s.b.f.s.DefaultListableBeanFactory     : Autowiring by type from bean name 'org.springframework.boot.autoconfigure.web.servlet.WebMvcAutoConfiguration$WebMvcAutoConfigurationAdapter' via constructor to bean named 'spring.web-org.springframework.boot.autoconfigure.web.WebProperties'
2025-04-05T01:32:53.105+05:30 DEBUG 19296 --- [LoginSignup] [main] o.s.b.f.s.DefaultListableBeanFactory     : Autowiring by type from bean name 'org.springframework.boot.autoconfigure.web.servlet.WebMvcAutoConfiguration$WebMvcAutoConfigurationAdapter' via constructor to bean named 'spring.mvc-org.springframework.boot.autoconfigure.web.servlet.WebMvcProperties'
2025-04-05T01:32:53.105+05:30 DEBUG 19296 --- [LoginSignup] [main] o.s.b.f.s.DefaultListableBeanFactory     : Autowiring by type from bean name 'org.springframework.boot.autoconfigure.web.servlet.WebMvcAutoConfiguration$WebMvcAutoConfigurationAdapter' via constructor to bean named 'org.springframework.beans.factory.support.DefaultListableBeanFactory@1253e7cb'
2025-04-05T01:32:53.109+05:30 DEBUG 19296 --- [LoginSignup] [main] o.s.b.f.s.DefaultListableBeanFactory     : Creating shared instance of singleton bean 'openEntityManagerInViewInterceptorConfigurer'
2025-04-05T01:32:53.110+05:30 DEBUG 19296 --- [LoginSignup] [main] o.s.b.f.s.DefaultListableBeanFactory     : Creating shared instance of singleton bean 'org.springframework.boot.autoconfigure.orm.jpa.JpaBaseConfiguration$JpaWebConfiguration'
2025-04-05T01:32:53.111+05:30 DEBUG 19296 --- [LoginSignup] [main] o.s.b.f.s.DefaultListableBeanFactory     : Autowiring by type from bean name 'org.springframework.boot.autoconfigure.orm.jpa.JpaBaseConfiguration$JpaWebConfiguration' via constructor to bean named 'spring.jpa-org.springframework.boot.autoconfigure.orm.jpa.JpaProperties'
2025-04-05T01:32:53.112+05:30 DEBUG 19296 --- [LoginSignup] [main] o.s.b.f.s.DefaultListableBeanFactory     : Creating shared instance of singleton bean 'openEntityManagerInViewInterceptor'
2025-04-05T01:32:53.112+05:30  WARN 19296 --- [LoginSignup] [main] JpaBaseConfiguration$JpaWebConfiguration : spring.jpa.open-in-view is enabled by default. Therefore, database queries may be performed during view rendering. Explicitly configure spring.jpa.open-in-view to disable this warning
2025-04-05T01:32:53.117+05:30 DEBUG 19296 --- [LoginSignup] [main] o.s.b.f.s.DefaultListableBeanFactory     : Autowiring by type from bean name 'openEntityManagerInViewInterceptorConfigurer' via factory method to bean named 'openEntityManagerInViewInterceptor'
2025-04-05T01:32:53.119+05:30 DEBUG 19296 --- [LoginSignup] [main] o.s.b.f.s.DefaultListableBeanFactory     : Creating shared instance of singleton bean 'org.springframework.data.web.config.SpringDataWebConfiguration'
2025-04-05T01:32:53.122+05:30 DEBUG 19296 --- [LoginSignup] [main] o.s.b.f.s.DefaultListableBeanFactory     : Autowiring by type from bean name 'org.springframework.data.web.config.SpringDataWebConfiguration' via constructor to bean named 'org.springframework.boot.web.servlet.context.AnnotationConfigServletWebServerApplicationContext@3b8f0a79'
2025-04-05T01:32:53.125+05:30 DEBUG 19296 --- [LoginSignup] [main] o.s.b.f.s.DefaultListableBeanFactory     : Creating shared instance of singleton bean 'org.springframework.security.config.annotation.web.configuration.WebMvcSecurityConfiguration'
2025-04-05T01:32:53.144+05:30 DEBUG 19296 --- [LoginSignup] [main] o.s.b.f.s.DefaultListableBeanFactory     : Creating shared instance of singleton bean 'authenticationManagerBuilder'
2025-04-05T01:32:53.145+05:30 DEBUG 19296 --- [LoginSignup] [main] o.s.b.f.s.DefaultListableBeanFactory     : Autowiring by type from bean name 'authenticationManagerBuilder' via factory method to bean named 'objectPostProcessor'
2025-04-05T01:32:53.145+05:30 DEBUG 19296 --- [LoginSignup] [main] o.s.b.f.s.DefaultListableBeanFactory     : Autowiring by type from bean name 'authenticationManagerBuilder' via factory method to bean named 'org.springframework.boot.web.servlet.context.AnnotationConfigServletWebServerApplicationContext@3b8f0a79'
2025-04-05T01:32:53.147+05:30 DEBUG 19296 --- [LoginSignup] [main] o.s.b.f.s.DefaultListableBeanFactory     : Creating shared instance of singleton bean 'authenticationEventPublisher'
2025-04-05T01:32:53.147+05:30 DEBUG 19296 --- [LoginSignup] [main] o.s.b.f.s.DefaultListableBeanFactory     : Creating shared instance of singleton bean 'org.springframework.boot.autoconfigure.security.servlet.SecurityAutoConfiguration'
2025-04-05T01:32:53.149+05:30 DEBUG 19296 --- [LoginSignup] [main] o.s.b.f.s.DefaultListableBeanFactory     : Autowiring by type from bean name 'authenticationEventPublisher' via factory method to bean named 'org.springframework.boot.web.servlet.context.AnnotationConfigServletWebServerApplicationContext@3b8f0a79'
2025-04-05T01:32:53.162+05:30 DEBUG 19296 --- [LoginSignup] [main] o.s.b.f.s.DefaultListableBeanFactory     : Creating shared instance of singleton bean 'org.springframework.boot.autoconfigure.security.servlet.SpringBootWebSecurityConfiguration$WebSecurityEnablerConfiguration'
2025-04-05T01:32:53.166+05:30  WARN 19296 --- [LoginSignup] [main] r$InitializeUserDetailsManagerConfigurer : Found 2 UserDetailsService beans, with names [customUserDetailsService, userDetailsService]. Global Authentication Manager will not use a UserDetailsService for username/password login. Consider publishing a single UserDetailsService bean.
2025-04-05T01:32:53.166+05:30 DEBUG 19296 --- [LoginSignup] [main] swordEncoderAuthenticationManagerBuilder : No authenticationProviders and no parentAuthenticationManager defined. Returning null.
2025-04-05T01:32:53.173+05:30 DEBUG 19296 --- [LoginSignup] [main] o.s.aop.framework.ProxyFactoryBean       : Advice has changed; re-caching singleton instance
2025-04-05T01:32:53.260+05:30 DEBUG 19296 --- [LoginSignup] [main] o.s.b.f.s.DefaultListableBeanFactory     : Autowiring by type from bean name 'securityFilterChain' via factory method to bean named 'org.springframework.security.config.annotation.web.configuration.HttpSecurityConfiguration.httpSecurity'
2025-04-05T01:32:53.271+05:30 DEBUG 19296 --- [LoginSignup] [main] o.s.b.f.s.DefaultListableBeanFactory     : Creating shared instance of singleton bean 'webAuthorizationManagerPostProcessor'
2025-04-05T01:32:53.276+05:30 DEBUG 19296 --- [LoginSignup] [main] o.s.b.f.s.DefaultListableBeanFactory     : Creating shared instance of singleton bean 'mvcHandlerMappingIntrospector'
2025-04-05T01:32:53.284+05:30 DEBUG 19296 --- [LoginSignup] [main] o.s.b.f.s.DefaultListableBeanFactory     : Creating shared instance of singleton bean 'welcomePageHandlerMapping'
2025-04-05T01:32:53.285+05:30 DEBUG 19296 --- [LoginSignup] [main] o.s.b.f.s.DefaultListableBeanFactory     : Creating shared instance of singleton bean 'mvcConversionService'
2025-04-05T01:32:53.306+05:30 DEBUG 19296 --- [LoginSignup] [main] o.s.b.f.s.DefaultListableBeanFactory     : Creating shared instance of singleton bean 'mvcResourceUrlProvider'
2025-04-05T01:32:53.311+05:30 DEBUG 19296 --- [LoginSignup] [main] o.s.b.f.s.DefaultListableBeanFactory     : Autowiring by type from bean name 'welcomePageHandlerMapping' via factory method to bean named 'org.springframework.boot.web.servlet.context.AnnotationConfigServletWebServerApplicationContext@3b8f0a79'
2025-04-05T01:32:53.311+05:30 DEBUG 19296 --- [LoginSignup] [main] o.s.b.f.s.DefaultListableBeanFactory     : Autowiring by type from bean name 'welcomePageHandlerMapping' via factory method to bean named 'mvcConversionService'
2025-04-05T01:32:53.311+05:30 DEBUG 19296 --- [LoginSignup] [main] o.s.b.f.s.DefaultListableBeanFactory     : Autowiring by type from bean name 'welcomePageHandlerMapping' via factory method to bean named 'mvcResourceUrlProvider'
2025-04-05T01:32:53.386+05:30 DEBUG 19296 --- [LoginSignup] [main] o.s.b.f.s.DefaultListableBeanFactory     : Creating shared instance of singleton bean 'welcomePageNotAcceptableHandlerMapping'
2025-04-05T01:32:53.387+05:30 DEBUG 19296 --- [LoginSignup] [main] o.s.b.f.s.DefaultListableBeanFactory     : Autowiring by type from bean name 'welcomePageNotAcceptableHandlerMapping' via factory method to bean named 'org.springframework.boot.web.servlet.context.AnnotationConfigServletWebServerApplicationContext@3b8f0a79'
2025-04-05T01:32:53.387+05:30 DEBUG 19296 --- [LoginSignup] [main] o.s.b.f.s.DefaultListableBeanFactory     : Autowiring by type from bean name 'welcomePageNotAcceptableHandlerMapping' via factory method to bean named 'mvcConversionService'
2025-04-05T01:32:53.387+05:30 DEBUG 19296 --- [LoginSignup] [main] o.s.b.f.s.DefaultListableBeanFactory     : Autowiring by type from bean name 'welcomePageNotAcceptableHandlerMapping' via factory method to bean named 'mvcResourceUrlProvider'
2025-04-05T01:32:53.392+05:30 DEBUG 19296 --- [LoginSignup] [main] o.s.b.f.s.DefaultListableBeanFactory     : Creating shared instance of singleton bean 'requestMappingHandlerMapping'
2025-04-05T01:32:53.396+05:30 DEBUG 19296 --- [LoginSignup] [main] o.s.b.f.s.DefaultListableBeanFactory     : Autowiring by type from bean name 'requestMappingHandlerMapping' via factory method to bean named 'mvcContentNegotiationManager'
2025-04-05T01:32:53.396+05:30 DEBUG 19296 --- [LoginSignup] [main] o.s.b.f.s.DefaultListableBeanFactory     : Autowiring by type from bean name 'requestMappingHandlerMapping' via factory method to bean named 'mvcConversionService'
2025-04-05T01:32:53.396+05:30 DEBUG 19296 --- [LoginSignup] [main] o.s.b.f.s.DefaultListableBeanFactory     : Autowiring by type from bean name 'requestMappingHandlerMapping' via factory method to bean named 'mvcResourceUrlProvider'
2025-04-05T01:32:53.475+05:30 DEBUG 19296 --- [LoginSignup] [main] s.w.s.m.m.a.RequestMappingHandlerMapping : 4 mappings in 'requestMappingHandlerMapping'
2025-04-05T01:32:53.478+05:30 DEBUG 19296 --- [LoginSignup] [main] o.s.b.f.s.DefaultListableBeanFactory     : Creating shared instance of singleton bean 'viewControllerHandlerMapping'
2025-04-05T01:32:53.479+05:30 DEBUG 19296 --- [LoginSignup] [main] o.s.b.f.s.DefaultListableBeanFactory     : Autowiring by type from bean name 'viewControllerHandlerMapping' via factory method to bean named 'mvcConversionService'
2025-04-05T01:32:53.480+05:30 DEBUG 19296 --- [LoginSignup] [main] o.s.b.f.s.DefaultListableBeanFactory     : Autowiring by type from bean name 'viewControllerHandlerMapping' via factory method to bean named 'mvcResourceUrlProvider'
2025-04-05T01:32:53.480+05:30 DEBUG 19296 --- [LoginSignup] [main] o.s.b.f.s.DefaultListableBeanFactory     : Creating shared instance of singleton bean 'beanNameHandlerMapping'
2025-04-05T01:32:53.482+05:30 DEBUG 19296 --- [LoginSignup] [main] o.s.b.f.s.DefaultListableBeanFactory     : Autowiring by type from bean name 'beanNameHandlerMapping' via factory method to bean named 'mvcConversionService'
2025-04-05T01:32:53.482+05:30 DEBUG 19296 --- [LoginSignup] [main] o.s.b.f.s.DefaultListableBeanFactory     : Autowiring by type from bean name 'beanNameHandlerMapping' via factory method to bean named 'mvcResourceUrlProvider'
2025-04-05T01:32:53.487+05:30 DEBUG 19296 --- [LoginSignup] [main] o.s.b.f.s.DefaultListableBeanFactory     : Creating shared instance of singleton bean 'routerFunctionMapping'
2025-04-05T01:32:53.488+05:30 DEBUG 19296 --- [LoginSignup] [main] o.s.b.f.s.DefaultListableBeanFactory     : Autowiring by type from bean name 'routerFunctionMapping' via factory method to bean named 'mvcConversionService'
2025-04-05T01:32:53.488+05:30 DEBUG 19296 --- [LoginSignup] [main] o.s.b.f.s.DefaultListableBeanFactory     : Autowiring by type from bean name 'routerFunctionMapping' via factory method to bean named 'mvcResourceUrlProvider'
2025-04-05T01:32:53.490+05:30 DEBUG 19296 --- [LoginSignup] [main] o.s.b.f.s.DefaultListableBeanFactory     : Creating shared instance of singleton bean 'messageConverters'
2025-04-05T01:32:53.491+05:30 DEBUG 19296 --- [LoginSignup] [main] o.s.b.f.s.DefaultListableBeanFactory     : Creating shared instance of singleton bean 'org.springframework.boot.autoconfigure.http.HttpMessageConvertersAutoConfiguration'
2025-04-05T01:32:53.495+05:30 DEBUG 19296 --- [LoginSignup] [main] o.s.b.f.s.DefaultListableBeanFactory     : Creating shared instance of singleton bean 'stringHttpMessageConverter'
2025-04-05T01:32:53.495+05:30 DEBUG 19296 --- [LoginSignup] [main] o.s.b.f.s.DefaultListableBeanFactory     : Creating shared instance of singleton bean 'org.springframework.boot.autoconfigure.http.HttpMessageConvertersAutoConfiguration$StringHttpMessageConverterConfiguration'
2025-04-05T01:32:53.497+05:30 DEBUG 19296 --- [LoginSignup] [main] o.s.b.f.s.DefaultListableBeanFactory     : Autowiring by type from bean name 'stringHttpMessageConverter' via factory method to bean named 'environment'
2025-04-05T01:32:53.503+05:30 DEBUG 19296 --- [LoginSignup] [main] o.s.b.f.s.DefaultListableBeanFactory     : Creating shared instance of singleton bean 'mappingJackson2HttpMessageConverter'
2025-04-05T01:32:53.503+05:30 DEBUG 19296 --- [LoginSignup] [main] o.s.b.f.s.DefaultListableBeanFactory     : Creating shared instance of singleton bean 'org.springframework.boot.autoconfigure.http.JacksonHttpMessageConvertersConfiguration$MappingJackson2HttpMessageConverterConfiguration'
2025-04-05T01:32:53.504+05:30 DEBUG 19296 --- [LoginSignup] [main] o.s.b.f.s.DefaultListableBeanFactory     : Creating shared instance of singleton bean 'jacksonObjectMapper'
2025-04-05T01:32:53.505+05:30 DEBUG 19296 --- [LoginSignup] [main] o.s.b.f.s.DefaultListableBeanFactory     : Creating shared instance of singleton bean 'org.springframework.boot.autoconfigure.jackson.JacksonAutoConfiguration$JacksonObjectMapperConfiguration'
2025-04-05T01:32:53.506+05:30 DEBUG 19296 --- [LoginSignup] [main] o.s.b.f.s.DefaultListableBeanFactory     : Creating shared instance of singleton bean 'org.springframework.boot.autoconfigure.jackson.JacksonAutoConfiguration$JacksonObjectMapperBuilderConfiguration'
2025-04-05T01:32:53.507+05:30 DEBUG 19296 --- [LoginSignup] [main] o.s.b.f.s.DefaultListableBeanFactory     : Creating shared instance of singleton bean 'standardJacksonObjectMapperBuilderCustomizer'
2025-04-05T01:32:53.507+05:30 DEBUG 19296 --- [LoginSignup] [main] o.s.b.f.s.DefaultListableBeanFactory     : Creating shared instance of singleton bean 'org.springframework.boot.autoconfigure.jackson.JacksonAutoConfiguration$Jackson2ObjectMapperBuilderCustomizerConfiguration'
2025-04-05T01:32:53.508+05:30 DEBUG 19296 --- [LoginSignup] [main] o.s.b.f.s.DefaultListableBeanFactory     : Creating shared instance of singleton bean 'spring.jackson-org.springframework.boot.autoconfigure.jackson.JacksonProperties'
2025-04-05T01:32:53.512+05:30 DEBUG 19296 --- [LoginSignup] [main] o.s.b.f.s.DefaultListableBeanFactory     : Autowiring by type from bean name 'standardJacksonObjectMapperBuilderCustomizer' via factory method to bean named 'spring.jackson-org.springframework.boot.autoconfigure.jackson.JacksonProperties'
2025-04-05T01:32:53.513+05:30 DEBUG 19296 --- [LoginSignup] [main] o.s.b.f.s.DefaultListableBeanFactory     : Creating shared instance of singleton bean 'parameterNamesModule'
2025-04-05T01:32:53.514+05:30 DEBUG 19296 --- [LoginSignup] [main] o.s.b.f.s.DefaultListableBeanFactory     : Creating shared instance of singleton bean 'org.springframework.boot.autoconfigure.jackson.JacksonAutoConfiguration$ParameterNamesModuleConfiguration'
2025-04-05T01:32:53.520+05:30 DEBUG 19296 --- [LoginSignup] [main] o.s.b.f.s.DefaultListableBeanFactory     : Creating shared instance of singleton bean 'jsonMixinModule'
2025-04-05T01:32:53.520+05:30 DEBUG 19296 --- [LoginSignup] [main] o.s.b.f.s.DefaultListableBeanFactory     : Creating shared instance of singleton bean 'org.springframework.boot.autoconfigure.jackson.JacksonAutoConfiguration$JacksonMixinConfiguration'
2025-04-05T01:32:53.522+05:30 DEBUG 19296 --- [LoginSignup] [main] o.s.b.f.s.DefaultListableBeanFactory     : Creating shared instance of singleton bean 'jsonMixinModuleEntries'
2025-04-05T01:32:53.523+05:30 DEBUG 19296 --- [LoginSignup] [main] o.s.b.f.s.DefaultListableBeanFactory     : Autowiring by type from bean name 'jsonMixinModuleEntries' via factory method to bean named 'org.springframework.boot.web.servlet.context.AnnotationConfigServletWebServerApplicationContext@3b8f0a79'
2025-04-05T01:32:53.531+05:30 DEBUG 19296 --- [LoginSignup] [main] o.s.b.f.s.DefaultListableBeanFactory     : Autowiring by type from bean name 'jsonMixinModule' via factory method to bean named 'org.springframework.boot.web.servlet.context.AnnotationConfigServletWebServerApplicationContext@3b8f0a79'
2025-04-05T01:32:53.532+05:30 DEBUG 19296 --- [LoginSignup] [main] o.s.b.f.s.DefaultListableBeanFactory     : Autowiring by type from bean name 'jsonMixinModule' via factory method to bean named 'jsonMixinModuleEntries'
2025-04-05T01:32:53.534+05:30 DEBUG 19296 --- [LoginSignup] [main] o.s.b.f.s.DefaultListableBeanFactory     : Creating shared instance of singleton bean 'jsonComponentModule'
2025-04-05T01:32:53.535+05:30 DEBUG 19296 --- [LoginSignup] [main] o.s.b.f.s.DefaultListableBeanFactory     : Creating shared instance of singleton bean 'org.springframework.boot.autoconfigure.jackson.JacksonAutoConfiguration'
2025-04-05T01:32:53.539+05:30 DEBUG 19296 --- [LoginSignup] [main] o.s.b.f.s.DefaultListableBeanFactory     : Creating shared instance of singleton bean 'jacksonGeoModule'
2025-04-05T01:32:53.540+05:30 DEBUG 19296 --- [LoginSignup] [main] o.s.b.f.s.DefaultListableBeanFactory     : Creating shared instance of singleton bean 'org.springframework.data.web.config.SpringDataJacksonConfiguration'
2025-04-05T01:32:53.541+05:30 DEBUG 19296 --- [LoginSignup] [main] o.s.b.f.s.DefaultListableBeanFactory     : Creating shared instance of singleton bean 'springDataWebSettings'
2025-04-05T01:32:53.541+05:30 DEBUG 19296 --- [LoginSignup] [main] o.s.b.f.s.DefaultListableBeanFactory     : Creating shared instance of singleton bean 'org.springframework.boot.autoconfigure.data.web.SpringDataWebAutoConfiguration'
2025-04-05T01:32:53.542+05:30 DEBUG 19296 --- [LoginSignup] [main] o.s.b.f.s.DefaultListableBeanFactory     : Creating shared instance of singleton bean 'spring.data.web-org.springframework.boot.autoconfigure.data.web.SpringDataWebProperties'
2025-04-05T01:32:53.544+05:30 DEBUG 19296 --- [LoginSignup] [main] o.s.b.f.s.DefaultListableBeanFactory     : Autowiring by type from bean name 'org.springframework.boot.autoconfigure.data.web.SpringDataWebAutoConfiguration' via constructor to bean named 'spring.data.web-org.springframework.boot.autoconfigure.data.web.SpringDataWebProperties'
2025-04-05T01:32:53.552+05:30 DEBUG 19296 --- [LoginSignup] [main] o.s.b.f.s.DefaultListableBeanFactory     : Creating shared instance of singleton bean 'pageModule'
2025-04-05T01:32:53.555+05:30 DEBUG 19296 --- [LoginSignup] [main] o.s.b.f.s.DefaultListableBeanFactory     : Autowiring by type from bean name 'jacksonObjectMapperBuilder' via factory method to bean named 'org.springframework.boot.web.servlet.context.AnnotationConfigServletWebServerApplicationContext@3b8f0a79'
2025-04-05T01:32:53.556+05:30 DEBUG 19296 --- [LoginSignup] [main] o.s.b.f.s.DefaultListableBeanFactory     : Autowiring by type from bean name 'jacksonObjectMapperBuilder' via factory method to bean named 'standardJacksonObjectMapperBuilderCustomizer'
2025-04-05T01:32:53.560+05:30 DEBUG 19296 --- [LoginSignup] [main] o.s.b.f.s.DefaultListableBeanFactory     : Autowiring by type from bean name 'jacksonObjectMapper' via factory method to bean named 'jacksonObjectMapperBuilder'
2025-04-05T01:32:53.578+05:30 DEBUG 19296 --- [LoginSignup] [main] o.s.b.f.s.DefaultListableBeanFactory     : Autowiring by type from bean name 'mappingJackson2HttpMessageConverter' via factory method to bean named 'jacksonObjectMapper'
2025-04-05T01:32:53.592+05:30 DEBUG 19296 --- [LoginSignup] [main] o.s.b.f.s.DefaultListableBeanFactory     : Creating shared instance of singleton bean 'resourceHandlerMapping'
2025-04-05T01:32:53.593+05:30 DEBUG 19296 --- [LoginSignup] [main] o.s.b.f.s.DefaultListableBeanFactory     : Autowiring by type from bean name 'resourceHandlerMapping' via factory method to bean named 'mvcContentNegotiationManager'
2025-04-05T01:32:53.593+05:30 DEBUG 19296 --- [LoginSignup] [main] o.s.b.f.s.DefaultListableBeanFactory     : Autowiring by type from bean name 'resourceHandlerMapping' via factory method to bean named 'mvcConversionService'
2025-04-05T01:32:53.593+05:30 DEBUG 19296 --- [LoginSignup] [main] o.s.b.f.s.DefaultListableBeanFactory     : Autowiring by type from bean name 'resourceHandlerMapping' via factory method to bean named 'mvcResourceUrlProvider'
2025-04-05T01:32:53.611+05:30 DEBUG 19296 --- [LoginSignup] [main] o.s.w.s.handler.SimpleUrlHandlerMapping  : Patterns [/webjars/**, /**] in 'resourceHandlerMapping'
2025-04-05T01:32:53.616+05:30 DEBUG 19296 --- [LoginSignup] [main] o.s.b.f.s.DefaultListableBeanFactory     : Creating shared instance of singleton bean 'defaultServletHandlerMapping'
2025-04-05T01:32:53.640+05:30 DEBUG 19296 --- [LoginSignup] [main] o.s.b.f.s.DefaultListableBeanFactory     : Creating shared instance of singleton bean 'authenticationManagerPostProcessor'
2025-04-05T01:32:53.669+05:30 DEBUG 19296 --- [LoginSignup] [main] o.s.s.web.DefaultSecurityFilterChain     : Will secure any request with filters: DisableEncodeUrlFilter, WebAsyncManagerIntegrationFilter, SecurityContextHolderFilter, HeaderWriterFilter, LogoutFilter, RequestCacheAwareFilter, SecurityContextHolderAwareRequestFilter, AnonymousAuthenticationFilter, ExceptionTranslationFilter, AuthorizationFilter
2025-04-05T01:32:53.669+05:30 DEBUG 19296 --- [LoginSignup] [main] o.s.b.f.s.DefaultListableBeanFactory     : Creating shared instance of singleton bean 'userDetailsService'
2025-04-05T01:32:53.670+05:30 DEBUG 19296 --- [LoginSignup] [main] o.s.b.f.s.DefaultListableBeanFactory     : Autowiring by type from bean name 'userDetailsService' via factory method to bean named 'customUserDetailsService'
2025-04-05T01:32:53.670+05:30 DEBUG 19296 --- [LoginSignup] [main] o.s.b.f.s.DefaultListableBeanFactory     : Creating shared instance of singleton bean 'authenticationManager'
2025-04-05T01:32:53.671+05:30 DEBUG 19296 --- [LoginSignup] [main] o.s.b.f.s.DefaultListableBeanFactory     : Autowiring by type from bean name 'authenticationManager' via factory method to bean named 'userDetailsService'
2025-04-05T01:32:53.671+05:30 DEBUG 19296 --- [LoginSignup] [main] o.s.b.f.s.DefaultListableBeanFactory     : Autowiring by type from bean name 'authenticationManager' via factory method to bean named 'passwordEncoder'
2025-04-05T01:32:53.696+05:30 DEBUG 19296 --- [LoginSignup] [main] o.s.b.f.s.DefaultListableBeanFactory     : Creating shared instance of singleton bean 'org.springframework.boot.autoconfigure.context.PropertyPlaceholderAutoConfiguration'
2025-04-05T01:32:53.697+05:30 DEBUG 19296 --- [LoginSignup] [main] o.s.b.f.s.DefaultListableBeanFactory     : Creating shared instance of singleton bean 'org.springframework.boot.context.properties.EnableConfigurationPropertiesRegistrar.methodValidationExcludeFilter'
2025-04-05T01:32:53.700+05:30 DEBUG 19296 --- [LoginSignup] [main] o.s.b.f.s.DefaultListableBeanFactory     : Creating shared instance of singleton bean 'org.springframework.boot.autoconfigure.websocket.servlet.WebSocketServletAutoConfiguration'
2025-04-05T01:32:53.701+05:30 DEBUG 19296 --- [LoginSignup] [main] o.s.b.f.s.DefaultListableBeanFactory     : Creating shared instance of singleton bean 'org.springframework.boot.autoconfigure.web.servlet.DispatcherServletAutoConfiguration'
2025-04-05T01:32:53.703+05:30 DEBUG 19296 --- [LoginSignup] [main] o.s.b.f.s.DefaultListableBeanFactory     : Creating shared instance of singleton bean 'org.springframework.boot.autoconfigure.task.TaskExecutorConfigurations$ThreadPoolTaskExecutorBuilderConfiguration'
2025-04-05T01:32:53.704+05:30 DEBUG 19296 --- [LoginSignup] [main] o.s.b.f.s.DefaultListableBeanFactory     : Creating shared instance of singleton bean 'threadPoolTaskExecutorBuilder'
2025-04-05T01:32:53.706+05:30 DEBUG 19296 --- [LoginSignup] [main] o.s.b.f.s.DefaultListableBeanFactory     : Creating shared instance of singleton bean 'spring.task.execution-org.springframework.boot.autoconfigure.task.TaskExecutionProperties'
2025-04-05T01:32:53.709+05:30 DEBUG 19296 --- [LoginSignup] [main] o.s.b.f.s.DefaultListableBeanFactory     : Autowiring by type from bean name 'threadPoolTaskExecutorBuilder' via factory method to bean named 'spring.task.execution-org.springframework.boot.autoconfigure.task.TaskExecutionProperties'
2025-04-05T01:32:53.714+05:30 DEBUG 19296 --- [LoginSignup] [main] o.s.b.f.s.DefaultListableBeanFactory     : Creating shared instance of singleton bean 'org.springframework.boot.autoconfigure.task.TaskExecutorConfigurations$SimpleAsyncTaskExecutorBuilderConfiguration'
2025-04-05T01:32:53.716+05:30 DEBUG 19296 --- [LoginSignup] [main] o.s.b.f.s.DefaultListableBeanFactory     : Autowiring by type from bean name 'org.springframework.boot.autoconfigure.task.TaskExecutorConfigurations$SimpleAsyncTaskExecutorBuilderConfiguration' via constructor to bean named 'spring.task.execution-org.springframework.boot.autoconfigure.task.TaskExecutionProperties'
2025-04-05T01:32:53.718+05:30 DEBUG 19296 --- [LoginSignup] [main] o.s.b.f.s.DefaultListableBeanFactory     : Creating shared instance of singleton bean 'simpleAsyncTaskExecutorBuilder'
2025-04-05T01:32:53.721+05:30 DEBUG 19296 --- [LoginSignup] [main] o.s.b.f.s.DefaultListableBeanFactory     : Creating shared instance of singleton bean 'org.springframework.boot.autoconfigure.task.TaskExecutorConfigurations$TaskExecutorConfiguration'
2025-04-05T01:32:53.722+05:30 DEBUG 19296 --- [LoginSignup] [main] o.s.b.f.s.DefaultListableBeanFactory     : Creating shared instance of singleton bean 'org.springframework.boot.autoconfigure.task.TaskExecutionAutoConfiguration'
2025-04-05T01:32:53.723+05:30 DEBUG 19296 --- [LoginSignup] [main] o.s.b.f.s.DefaultListableBeanFactory     : Creating shared instance of singleton bean 'org.springframework.boot.autoconfigure.web.servlet.error.ErrorMvcAutoConfiguration$WhitelabelErrorViewConfiguration'
2025-04-05T01:32:53.726+05:30 DEBUG 19296 --- [LoginSignup] [main] o.s.b.f.s.DefaultListableBeanFactory     : Creating shared instance of singleton bean 'error'
2025-04-05T01:32:53.727+05:30 DEBUG 19296 --- [LoginSignup] [main] o.s.b.f.s.DefaultListableBeanFactory     : Creating shared instance of singleton bean 'beanNameViewResolver'
2025-04-05T01:32:53.728+05:30 DEBUG 19296 --- [LoginSignup] [main] o.s.b.f.s.DefaultListableBeanFactory     : Creating shared instance of singleton bean 'org.springframework.boot.autoconfigure.web.servlet.error.ErrorMvcAutoConfiguration$DefaultErrorViewResolverConfiguration'
2025-04-05T01:32:53.730+05:30 DEBUG 19296 --- [LoginSignup] [main] o.s.b.f.s.DefaultListableBeanFactory     : Autowiring by type from bean name 'org.springframework.boot.autoconfigure.web.servlet.error.ErrorMvcAutoConfiguration$DefaultErrorViewResolverConfiguration' via constructor to bean named 'org.springframework.boot.web.servlet.context.AnnotationConfigServletWebServerApplicationContext@3b8f0a79'
2025-04-05T01:32:53.730+05:30 DEBUG 19296 --- [LoginSignup] [main] o.s.b.f.s.DefaultListableBeanFactory     : Autowiring by type from bean name 'org.springframework.boot.autoconfigure.web.servlet.error.ErrorMvcAutoConfiguration$DefaultErrorViewResolverConfiguration' via constructor to bean named 'spring.web-org.springframework.boot.autoconfigure.web.WebProperties'
2025-04-05T01:32:53.731+05:30 DEBUG 19296 --- [LoginSignup] [main] o.s.b.f.s.DefaultListableBeanFactory     : Creating shared instance of singleton bean 'conventionErrorViewResolver'
2025-04-05T01:32:53.734+05:30 DEBUG 19296 --- [LoginSignup] [main] o.s.b.f.s.DefaultListableBeanFactory     : Creating shared instance of singleton bean 'errorAttributes'
2025-04-05T01:32:53.738+05:30 DEBUG 19296 --- [LoginSignup] [main] o.s.b.f.s.DefaultListableBeanFactory     : Creating shared instance of singleton bean 'basicErrorController'
2025-04-05T01:32:53.739+05:30 DEBUG 19296 --- [LoginSignup] [main] o.s.b.f.s.DefaultListableBeanFactory     : Autowiring by type from bean name 'basicErrorController' via factory method to bean named 'errorAttributes'
2025-04-05T01:32:53.742+05:30 DEBUG 19296 --- [LoginSignup] [main] o.s.b.f.s.DefaultListableBeanFactory     : Creating shared instance of singleton bean 'localeResolver'
2025-04-05T01:32:53.745+05:30 DEBUG 19296 --- [LoginSignup] [main] o.s.b.f.s.DefaultListableBeanFactory     : Creating shared instance of singleton bean 'themeResolver'
2025-04-05T01:32:53.749+05:30 DEBUG 19296 --- [LoginSignup] [main] o.s.b.f.s.DefaultListableBeanFactory     : Creating shared instance of singleton bean 'flashMapManager'
2025-04-05T01:32:53.755+05:30 DEBUG 19296 --- [LoginSignup] [main] o.s.b.f.s.DefaultListableBeanFactory     : Creating shared instance of singleton bean 'viewNameTranslator'
2025-04-05T01:32:53.757+05:30 DEBUG 19296 --- [LoginSignup] [main] o.s.b.f.s.DefaultListableBeanFactory     : Creating shared instance of singleton bean 'mvcValidator'
2025-04-05T01:32:53.759+05:30 DEBUG 19296 --- [LoginSignup] [main] o.s.b.f.s.DefaultListableBeanFactory     : Creating shared instance of singleton bean 'mvcPatternParser'
2025-04-05T01:32:53.761+05:30 DEBUG 19296 --- [LoginSignup] [main] o.s.b.f.s.DefaultListableBeanFactory     : Creating shared instance of singleton bean 'mvcUrlPathHelper'
2025-04-05T01:32:53.762+05:30 DEBUG 19296 --- [LoginSignup] [main] o.s.b.f.s.DefaultListableBeanFactory     : Creating shared instance of singleton bean 'mvcPathMatcher'
2025-04-05T01:32:53.763+05:30 DEBUG 19296 --- [LoginSignup] [main] o.s.b.f.s.DefaultListableBeanFactory     : Creating shared instance of singleton bean 'requestMappingHandlerAdapter'
2025-04-05T01:32:53.765+05:30 DEBUG 19296 --- [LoginSignup] [main] o.s.b.f.s.DefaultListableBeanFactory     : Autowiring by type from bean name 'requestMappingHandlerAdapter' via factory method to bean named 'mvcContentNegotiationManager'
2025-04-05T01:32:53.766+05:30 DEBUG 19296 --- [LoginSignup] [main] o.s.b.f.s.DefaultListableBeanFactory     : Autowiring by type from bean name 'requestMappingHandlerAdapter' via factory method to bean named 'mvcConversionService'
2025-04-05T01:32:53.766+05:30 DEBUG 19296 --- [LoginSignup] [main] o.s.b.f.s.DefaultListableBeanFactory     : Autowiring by type from bean name 'requestMappingHandlerAdapter' via factory method to bean named 'mvcValidator'
2025-04-05T01:32:53.780+05:30 DEBUG 19296 --- [LoginSignup] [main] o.s.b.f.s.DefaultListableBeanFactory     : Creating shared instance of singleton bean 'sortResolver'
2025-04-05T01:32:53.784+05:30 DEBUG 19296 --- [LoginSignup] [main] o.s.b.f.s.DefaultListableBeanFactory     : Creating shared instance of singleton bean 'sortCustomizer'
2025-04-05T01:32:53.790+05:30 DEBUG 19296 --- [LoginSignup] [main] o.s.b.f.s.DefaultListableBeanFactory     : Creating shared instance of singleton bean 'pageableResolver'
2025-04-05T01:32:53.793+05:30 DEBUG 19296 --- [LoginSignup] [main] o.s.b.f.s.DefaultListableBeanFactory     : Creating shared instance of singleton bean 'pageableCustomizer'
2025-04-05T01:32:53.805+05:30 DEBUG 19296 --- [LoginSignup] [main] o.s.b.f.s.DefaultListableBeanFactory     : Creating shared instance of singleton bean 'applicationTaskExecutor'
2025-04-05T01:32:53.806+05:30 DEBUG 19296 --- [LoginSignup] [main] o.s.b.f.s.DefaultListableBeanFactory     : Autowiring by type from bean name 'applicationTaskExecutor' via factory method to bean named 'threadPoolTaskExecutorBuilder'
2025-04-05T01:32:53.810+05:30 DEBUG 19296 --- [LoginSignup] [main] o.s.s.concurrent.ThreadPoolTaskExecutor  : Initializing ExecutorService 'applicationTaskExecutor'
2025-04-05T01:32:53.826+05:30 DEBUG 19296 --- [LoginSignup] [main] s.w.s.m.m.a.RequestMappingHandlerAdapter : ControllerAdvice beans: 0 @ModelAttribute, 0 @InitBinder, 1 RequestBodyAdvice, 1 ResponseBodyAdvice
2025-04-05T01:32:53.861+05:30 DEBUG 19296 --- [LoginSignup] [main] o.s.b.f.s.DefaultListableBeanFactory     : Creating shared instance of singleton bean 'mvcViewResolver'
2025-04-05T01:32:53.862+05:30 DEBUG 19296 --- [LoginSignup] [main] o.s.b.f.s.DefaultListableBeanFactory     : Autowiring by type from bean name 'mvcViewResolver' via factory method to bean named 'mvcContentNegotiationManager'
2025-04-05T01:32:53.866+05:30 DEBUG 19296 --- [LoginSignup] [main] o.s.b.f.s.DefaultListableBeanFactory     : Creating shared instance of singleton bean 'defaultViewResolver'
2025-04-05T01:32:53.873+05:30 DEBUG 19296 --- [LoginSignup] [main] o.s.b.f.s.DefaultListableBeanFactory     : Creating shared instance of singleton bean 'viewResolver'
2025-04-05T01:32:53.874+05:30 DEBUG 19296 --- [LoginSignup] [main] o.s.b.f.s.DefaultListableBeanFactory     : Autowiring by type from bean name 'viewResolver' via factory method to bean named 'org.springframework.beans.factory.support.DefaultListableBeanFactory@1253e7cb'
2025-04-05T01:32:53.876+05:30 DEBUG 19296 --- [LoginSignup] [main] o.s.b.f.s.DefaultListableBeanFactory     : Creating shared instance of singleton bean 'viewResolver'
2025-04-05T01:32:53.883+05:30 DEBUG 19296 --- [LoginSignup] [main] o.s.b.f.s.DefaultListableBeanFactory     : Creating shared instance of singleton bean 'handlerFunctionAdapter'
2025-04-05T01:32:53.885+05:30 DEBUG 19296 --- [LoginSignup] [main] o.s.b.f.s.DefaultListableBeanFactory     : Creating shared instance of singleton bean 'mvcUriComponentsContributor'
2025-04-05T01:32:53.886+05:30 DEBUG 19296 --- [LoginSignup] [main] o.s.b.f.s.DefaultListableBeanFactory     : Autowiring by type from bean name 'mvcUriComponentsContributor' via factory method to bean named 'mvcConversionService'
2025-04-05T01:32:53.886+05:30 DEBUG 19296 --- [LoginSignup] [main] o.s.b.f.s.DefaultListableBeanFactory     : Autowiring by type from bean name 'mvcUriComponentsContributor' via factory method to bean named 'requestMappingHandlerAdapter'
2025-04-05T01:32:53.888+05:30 DEBUG 19296 --- [LoginSignup] [main] o.s.b.f.s.DefaultListableBeanFactory     : Creating shared instance of singleton bean 'httpRequestHandlerAdapter'
2025-04-05T01:32:53.890+05:30 DEBUG 19296 --- [LoginSignup] [main] o.s.b.f.s.DefaultListableBeanFactory     : Creating shared instance of singleton bean 'simpleControllerHandlerAdapter'
2025-04-05T01:32:53.891+05:30 DEBUG 19296 --- [LoginSignup] [main] o.s.b.f.s.DefaultListableBeanFactory     : Creating shared instance of singleton bean 'handlerExceptionResolver'
2025-04-05T01:32:53.891+05:30 DEBUG 19296 --- [LoginSignup] [main] o.s.b.f.s.DefaultListableBeanFactory     : Autowiring by type from bean name 'handlerExceptionResolver' via factory method to bean named 'mvcContentNegotiationManager'
2025-04-05T01:32:53.894+05:30 DEBUG 19296 --- [LoginSignup] [main] .m.m.a.ExceptionHandlerExceptionResolver : ControllerAdvice beans: 0 @ExceptionHandler, 1 ResponseBodyAdvice
2025-04-05T01:32:53.900+05:30 DEBUG 19296 --- [LoginSignup] [main] o.s.b.f.s.DefaultListableBeanFactory     : Creating shared instance of singleton bean 'org.springframework.boot.autoconfigure.aop.AopAutoConfiguration$AspectJAutoProxyingConfiguration$CglibAutoProxyConfiguration'
2025-04-05T01:32:53.901+05:30 DEBUG 19296 --- [LoginSignup] [main] o.s.b.f.s.DefaultListableBeanFactory     : Creating shared instance of singleton bean 'org.springframework.boot.autoconfigure.aop.AopAutoConfiguration$AspectJAutoProxyingConfiguration'
2025-04-05T01:32:53.902+05:30 DEBUG 19296 --- [LoginSignup] [main] o.s.b.f.s.DefaultListableBeanFactory     : Creating shared instance of singleton bean 'org.springframework.boot.autoconfigure.aop.AopAutoConfiguration'
2025-04-05T01:32:53.902+05:30 DEBUG 19296 --- [LoginSignup] [main] o.s.b.f.s.DefaultListableBeanFactory     : Creating shared instance of singleton bean 'org.springframework.boot.autoconfigure.availability.ApplicationAvailabilityAutoConfiguration'
2025-04-05T01:32:53.902+05:30 DEBUG 19296 --- [LoginSignup] [main] o.s.b.f.s.DefaultListableBeanFactory     : Creating shared instance of singleton bean 'applicationAvailability'
2025-04-05T01:32:53.905+05:30 DEBUG 19296 --- [LoginSignup] [main] o.s.b.f.s.DefaultListableBeanFactory     : Creating shared instance of singleton bean 'org.springframework.boot.autoconfigure.transaction.jta.JtaAutoConfiguration'
2025-04-05T01:32:53.906+05:30 DEBUG 19296 --- [LoginSignup] [main] o.s.b.f.s.DefaultListableBeanFactory     : Creating shared instance of singleton bean 'org.springframework.boot.autoconfigure.jdbc.DataSourceJmxConfiguration$Hikari'
2025-04-05T01:32:53.907+05:30 DEBUG 19296 --- [LoginSignup] [main] o.s.b.f.s.DefaultListableBeanFactory     : Autowiring by type from bean name 'org.springframework.boot.autoconfigure.jdbc.DataSourceJmxConfiguration$Hikari' via constructor to bean named 'dataSource'
2025-04-05T01:32:53.907+05:30 DEBUG 19296 --- [LoginSignup] [main] o.s.b.f.s.DefaultListableBeanFactory     : Creating shared instance of singleton bean 'org.springframework.boot.autoconfigure.jdbc.DataSourceJmxConfiguration'
2025-04-05T01:32:53.908+05:30 DEBUG 19296 --- [LoginSignup] [main] o.s.b.f.s.DefaultListableBeanFactory     : Creating shared instance of singleton bean 'org.springframework.boot.autoconfigure.jdbc.metadata.DataSourcePoolMetadataProvidersConfiguration'
2025-04-05T01:32:53.909+05:30 DEBUG 19296 --- [LoginSignup] [main] o.s.b.f.s.DefaultListableBeanFactory     : Creating shared instance of singleton bean 'org.springframework.boot.autoconfigure.jdbc.DataSourceAutoConfiguration'
2025-04-05T01:32:53.910+05:30 DEBUG 19296 --- [LoginSignup] [main] o.s.b.f.s.DefaultListableBeanFactory     : Creating shared instance of singleton bean 'org.springframework.boot.autoconfigure.transaction.TransactionManagerCustomizationAutoConfiguration'
2025-04-05T01:32:53.911+05:30 DEBUG 19296 --- [LoginSignup] [main] o.s.b.f.s.DefaultListableBeanFactory     : Creating shared instance of singleton bean 'platformTransactionManagerCustomizers'
2025-04-05T01:32:53.912+05:30 DEBUG 19296 --- [LoginSignup] [main] o.s.b.f.s.DefaultListableBeanFactory     : Creating shared instance of singleton bean 'transactionExecutionListeners'
2025-04-05T01:32:53.914+05:30 DEBUG 19296 --- [LoginSignup] [main] o.s.b.f.s.DefaultListableBeanFactory     : Creating shared instance of singleton bean 'spring.transaction-org.springframework.boot.autoconfigure.transaction.TransactionProperties'
2025-04-05T01:32:53.921+05:30 DEBUG 19296 --- [LoginSignup] [main] o.s.b.f.s.DefaultListableBeanFactory     : Creating shared instance of singleton bean 'org.springframework.boot.autoconfigure.orm.jpa.JpaBaseConfiguration$PersistenceManagedTypesConfiguration'
2025-04-05T01:32:53.921+05:30 DEBUG 19296 --- [LoginSignup] [main] o.s.b.f.s.DefaultListableBeanFactory     : Creating shared instance of singleton bean 'transactionManager'
2025-04-05T01:32:53.933+05:30 DEBUG 19296 --- [LoginSignup] [main] o.s.b.f.s.DefaultListableBeanFactory     : Creating shared instance of singleton bean 'org.springframework.boot.autoconfigure.orm.jpa.HibernateJpaAutoConfiguration'
2025-04-05T01:32:53.934+05:30 DEBUG 19296 --- [LoginSignup] [main] o.s.b.f.s.DefaultListableBeanFactory     : Creating shared instance of singleton bean 'org.springframework.boot.autoconfigure.context.ConfigurationPropertiesAutoConfiguration'
2025-04-05T01:32:53.935+05:30 DEBUG 19296 --- [LoginSignup] [main] o.s.b.f.s.DefaultListableBeanFactory     : Creating shared instance of singleton bean 'org.springframework.boot.autoconfigure.context.LifecycleAutoConfiguration'
2025-04-05T01:32:53.935+05:30 DEBUG 19296 --- [LoginSignup] [main] o.s.b.f.s.DefaultListableBeanFactory     : Creating shared instance of singleton bean 'lifecycleProcessor'
2025-04-05T01:32:53.936+05:30 DEBUG 19296 --- [LoginSignup] [main] o.s.b.f.s.DefaultListableBeanFactory     : Creating shared instance of singleton bean 'spring.lifecycle-org.springframework.boot.autoconfigure.context.LifecycleProperties'
2025-04-05T01:32:53.937+05:30 DEBUG 19296 --- [LoginSignup] [main] o.s.b.f.s.DefaultListableBeanFactory     : Autowiring by type from bean name 'lifecycleProcessor' via factory method to bean named 'spring.lifecycle-org.springframework.boot.autoconfigure.context.LifecycleProperties'
2025-04-05T01:32:53.940+05:30 DEBUG 19296 --- [LoginSignup] [main] o.s.b.f.s.DefaultListableBeanFactory     : Creating shared instance of singleton bean 'org.springframework.boot.autoconfigure.dao.PersistenceExceptionTranslationAutoConfiguration'
2025-04-05T01:32:53.941+05:30 DEBUG 19296 --- [LoginSignup] [main] o.s.b.f.s.DefaultListableBeanFactory     : Creating shared instance of singleton bean 'org.springframework.boot.autoconfigure.data.jpa.JpaRepositoriesAutoConfiguration'
2025-04-05T01:32:53.942+05:30 DEBUG 19296 --- [LoginSignup] [main] o.s.b.f.s.DefaultListableBeanFactory     : Creating shared instance of singleton bean 'org.springframework.data.jpa.util.JpaMetamodelCacheCleanup'
2025-04-05T01:32:53.944+05:30 DEBUG 19296 --- [LoginSignup] [main] o.s.b.f.s.DefaultListableBeanFactory     : Creating shared instance of singleton bean 'org.springframework.data.jpa.repository.support.JpaEvaluationContextExtension'
2025-04-05T01:32:53.946+05:30 DEBUG 19296 --- [LoginSignup] [main] o.s.b.f.s.DefaultListableBeanFactory     : Creating shared instance of singleton bean 'data-jpa.repository-aot-processor#0'
2025-04-05T01:32:53.955+05:30 DEBUG 19296 --- [LoginSignup] [main] o.s.b.f.s.DefaultListableBeanFactory     : Creating shared instance of singleton bean 'org.springframework.boot.autoconfigure.http.JacksonHttpMessageConvertersConfiguration'
2025-04-05T01:32:53.956+05:30 DEBUG 19296 --- [LoginSignup] [main] o.s.b.f.s.DefaultListableBeanFactory     : Creating shared instance of singleton bean 'org.springframework.data.web.config.ProjectingArgumentResolverRegistrar'
2025-04-05T01:32:53.956+05:30 DEBUG 19296 --- [LoginSignup] [main] o.s.b.f.s.DefaultListableBeanFactory     : Creating shared instance of singleton bean 'offsetResolver'
2025-04-05T01:32:53.959+05:30 DEBUG 19296 --- [LoginSignup] [main] o.s.b.f.s.DefaultListableBeanFactory     : Creating shared instance of singleton bean 'org.springframework.boot.autoconfigure.http.client.HttpClientAutoConfiguration'
2025-04-05T01:32:53.960+05:30 DEBUG 19296 --- [LoginSignup] [main] o.s.b.f.s.DefaultListableBeanFactory     : Creating shared instance of singleton bean 'clientHttpRequestFactoryBuilder'
2025-04-05T01:32:53.961+05:30 DEBUG 19296 --- [LoginSignup] [main] o.s.b.f.s.DefaultListableBeanFactory     : Creating shared instance of singleton bean 'spring.http.client-org.springframework.boot.autoconfigure.http.client.HttpClientProperties'
2025-04-05T01:32:53.964+05:30 DEBUG 19296 --- [LoginSignup] [main] o.s.b.f.s.DefaultListableBeanFactory     : Autowiring by type from bean name 'clientHttpRequestFactoryBuilder' via factory method to bean named 'spring.http.client-org.springframework.boot.autoconfigure.http.client.HttpClientProperties'
2025-04-05T01:32:53.980+05:30 DEBUG 19296 --- [LoginSignup] [main] o.s.b.f.s.DefaultListableBeanFactory     : Creating shared instance of singleton bean 'clientHttpRequestFactorySettings'
2025-04-05T01:32:53.982+05:30 DEBUG 19296 --- [LoginSignup] [main] o.s.b.f.s.DefaultListableBeanFactory     : Autowiring by type from bean name 'clientHttpRequestFactorySettings' via factory method to bean named 'spring.http.client-org.springframework.boot.autoconfigure.http.client.HttpClientProperties'
2025-04-05T01:32:53.984+05:30 DEBUG 19296 --- [LoginSignup] [main] o.s.b.f.s.DefaultListableBeanFactory     : Creating shared instance of singleton bean 'org.springframework.boot.autoconfigure.info.ProjectInfoAutoConfiguration'
2025-04-05T01:32:53.989+05:30 DEBUG 19296 --- [LoginSignup] [main] o.s.b.f.s.DefaultListableBeanFactory     : Creating shared instance of singleton bean 'spring.info-org.springframework.boot.autoconfigure.info.ProjectInfoProperties'
2025-04-05T01:32:53.990+05:30 DEBUG 19296 --- [LoginSignup] [main] o.s.b.f.s.DefaultListableBeanFactory     : Autowiring by type from bean name 'org.springframework.boot.autoconfigure.info.ProjectInfoAutoConfiguration' via constructor to bean named 'spring.info-org.springframework.boot.autoconfigure.info.ProjectInfoProperties'
2025-04-05T01:32:53.991+05:30 DEBUG 19296 --- [LoginSignup] [main] o.s.b.f.s.DefaultListableBeanFactory     : Creating shared instance of singleton bean 'org.springframework.boot.autoconfigure.jdbc.JdbcTemplateConfiguration'
2025-04-05T01:32:53.992+05:30 DEBUG 19296 --- [LoginSignup] [main] o.s.b.f.s.DefaultListableBeanFactory     : Creating shared instance of singleton bean 'jdbcTemplate'
2025-04-05T01:32:53.993+05:30 DEBUG 19296 --- [LoginSignup] [main] o.s.b.f.s.DefaultListableBeanFactory     : Creating shared instance of singleton bean 'spring.jdbc-org.springframework.boot.autoconfigure.jdbc.JdbcProperties'
2025-04-05T01:32:53.996+05:30 DEBUG 19296 --- [LoginSignup] [main] o.s.b.f.s.DefaultListableBeanFactory     : Autowiring by type from bean name 'jdbcTemplate' via factory method to bean named 'dataSource'
2025-04-05T01:32:53.996+05:30 DEBUG 19296 --- [LoginSignup] [main] o.s.b.f.s.DefaultListableBeanFactory     : Autowiring by type from bean name 'jdbcTemplate' via factory method to bean named 'spring.jdbc-org.springframework.boot.autoconfigure.jdbc.JdbcProperties'
2025-04-05T01:32:54.009+05:30 DEBUG 19296 --- [LoginSignup] [main] o.s.b.f.s.DefaultListableBeanFactory     : Creating shared instance of singleton bean 'org.springframework.boot.autoconfigure.jdbc.NamedParameterJdbcTemplateConfiguration'
2025-04-05T01:32:54.010+05:30 DEBUG 19296 --- [LoginSignup] [main] o.s.b.f.s.DefaultListableBeanFactory     : Creating shared instance of singleton bean 'namedParameterJdbcTemplate'
2025-04-05T01:32:54.010+05:30 DEBUG 19296 --- [LoginSignup] [main] o.s.b.f.s.DefaultListableBeanFactory     : Autowiring by type from bean name 'namedParameterJdbcTemplate' via factory method to bean named 'jdbcTemplate'
2025-04-05T01:32:54.017+05:30 DEBUG 19296 --- [LoginSignup] [main] o.s.b.f.s.DefaultListableBeanFactory     : Creating shared instance of singleton bean 'org.springframework.boot.autoconfigure.jdbc.JdbcTemplateAutoConfiguration'
2025-04-05T01:32:54.017+05:30 DEBUG 19296 --- [LoginSignup] [main] o.s.b.f.s.DefaultListableBeanFactory     : Creating shared instance of singleton bean 'org.springframework.boot.autoconfigure.jdbc.JdbcClientAutoConfiguration'
2025-04-05T01:32:54.018+05:30 DEBUG 19296 --- [LoginSignup] [main] o.s.b.f.s.DefaultListableBeanFactory     : Creating shared instance of singleton bean 'jdbcClient'
2025-04-05T01:32:54.018+05:30 DEBUG 19296 --- [LoginSignup] [main] o.s.b.f.s.DefaultListableBeanFactory     : Autowiring by type from bean name 'jdbcClient' via factory method to bean named 'namedParameterJdbcTemplate'
2025-04-05T01:32:54.020+05:30 DEBUG 19296 --- [LoginSignup] [main] o.s.b.f.s.DefaultListableBeanFactory     : Creating shared instance of singleton bean 'org.springframework.security.config.annotation.web.configuration.WebSecurityConfiguration'
2025-04-05T01:32:54.032+05:30 DEBUG 19296 --- [LoginSignup] [main] o.s.b.f.s.DefaultListableBeanFactory     : Creating shared instance of singleton bean 'filterChainDecoratorPostProcessor'
2025-04-05T01:32:54.034+05:30 DEBUG 19296 --- [LoginSignup] [main] o.s.b.f.s.DefaultListableBeanFactory     : Creating shared instance of singleton bean 'mvcHandlerMappingIntrospectorRequestTransformer'
2025-04-05T01:32:54.039+05:30 DEBUG 19296 --- [LoginSignup] [main] o.s.b.f.s.DefaultListableBeanFactory     : Creating shared instance of singleton bean 'delegatingApplicationListener'
2025-04-05T01:32:54.039+05:30 DEBUG 19296 --- [LoginSignup] [main] o.s.b.f.s.DefaultListableBeanFactory     : Creating shared instance of singleton bean 'springSecurityFilterChain'
2025-04-05T01:32:54.054+05:30 DEBUG 19296 --- [LoginSignup] [main] o.s.b.f.s.DefaultListableBeanFactory     : Creating shared instance of singleton bean 'webSecurityExpressionHandler'
2025-04-05T01:32:54.055+05:30 DEBUG 19296 --- [LoginSignup] [main] o.s.b.f.s.DefaultListableBeanFactory     : Creating shared instance of singleton bean 'privilegeEvaluator'
2025-04-05T01:32:54.055+05:30 DEBUG 19296 --- [LoginSignup] [main] o.s.b.f.s.DefaultListableBeanFactory     : Creating shared instance of singleton bean 'requestDataValueProcessor'
2025-04-05T01:32:54.057+05:30 DEBUG 19296 --- [LoginSignup] [main] o.s.b.f.s.DefaultListableBeanFactory     : Creating shared instance of singleton bean 'org.springframework.security.config.annotation.web.configuration.ObservationConfiguration'
2025-04-05T01:32:54.058+05:30 DEBUG 19296 --- [LoginSignup] [main] o.s.b.f.s.DefaultListableBeanFactory     : Creating shared instance of singleton bean 'org.springframework.boot.autoconfigure.security.servlet.SpringBootWebSecurityConfiguration'
2025-04-05T01:32:54.058+05:30 DEBUG 19296 --- [LoginSignup] [main] o.s.b.f.s.DefaultListableBeanFactory     : Creating shared instance of singleton bean 'org.springframework.boot.autoconfigure.sql.init.SqlInitializationAutoConfiguration'
2025-04-05T01:32:54.059+05:30 DEBUG 19296 --- [LoginSignup] [main] o.s.b.f.s.DefaultListableBeanFactory     : Creating shared instance of singleton bean 'org.springframework.boot.autoconfigure.task.TaskSchedulingConfigurations$ThreadPoolTaskSchedulerBuilderConfiguration'
2025-04-05T01:32:54.059+05:30 DEBUG 19296 --- [LoginSignup] [main] o.s.b.f.s.DefaultListableBeanFactory     : Creating shared instance of singleton bean 'threadPoolTaskSchedulerBuilder'
2025-04-05T01:32:54.060+05:30 DEBUG 19296 --- [LoginSignup] [main] o.s.b.f.s.DefaultListableBeanFactory     : Creating shared instance of singleton bean 'spring.task.scheduling-org.springframework.boot.autoconfigure.task.TaskSchedulingProperties'
2025-04-05T01:32:54.062+05:30 DEBUG 19296 --- [LoginSignup] [main] o.s.b.f.s.DefaultListableBeanFactory     : Autowiring by type from bean name 'threadPoolTaskSchedulerBuilder' via factory method to bean named 'spring.task.scheduling-org.springframework.boot.autoconfigure.task.TaskSchedulingProperties'
2025-04-05T01:32:54.064+05:30 DEBUG 19296 --- [LoginSignup] [main] o.s.b.f.s.DefaultListableBeanFactory     : Creating shared instance of singleton bean 'org.springframework.boot.autoconfigure.task.TaskSchedulingConfigurations$SimpleAsyncTaskSchedulerBuilderConfiguration'
2025-04-05T01:32:54.066+05:30 DEBUG 19296 --- [LoginSignup] [main] o.s.b.f.s.DefaultListableBeanFactory     : Autowiring by type from bean name 'org.springframework.boot.autoconfigure.task.TaskSchedulingConfigurations$SimpleAsyncTaskSchedulerBuilderConfiguration' via constructor to bean named 'spring.task.scheduling-org.springframework.boot.autoconfigure.task.TaskSchedulingProperties'
2025-04-05T01:32:54.066+05:30 DEBUG 19296 --- [LoginSignup] [main] o.s.b.f.s.DefaultListableBeanFactory     : Creating shared instance of singleton bean 'simpleAsyncTaskSchedulerBuilder'
2025-04-05T01:32:54.070+05:30 DEBUG 19296 --- [LoginSignup] [main] o.s.b.f.s.DefaultListableBeanFactory     : Creating shared instance of singleton bean 'org.springframework.boot.autoconfigure.task.TaskSchedulingAutoConfiguration'
2025-04-05T01:32:54.071+05:30 DEBUG 19296 --- [LoginSignup] [main] o.s.b.f.s.DefaultListableBeanFactory     : Creating shared instance of singleton bean 'org.springframework.boot.autoconfigure.jdbc.DataSourceTransactionManagerAutoConfiguration$JdbcTransactionManagerConfiguration'
2025-04-05T01:32:54.074+05:30 DEBUG 19296 --- [LoginSignup] [main] o.s.b.f.s.DefaultListableBeanFactory     : Creating shared instance of singleton bean 'org.springframework.boot.autoconfigure.jdbc.DataSourceTransactionManagerAutoConfiguration'
2025-04-05T01:32:54.075+05:30 DEBUG 19296 --- [LoginSignup] [main] o.s.b.f.s.DefaultListableBeanFactory     : Creating shared instance of singleton bean 'org.springframework.boot.autoconfigure.transaction.TransactionAutoConfiguration$EnableTransactionManagementConfiguration$CglibAutoProxyConfiguration'
2025-04-05T01:32:54.075+05:30 DEBUG 19296 --- [LoginSignup] [main] o.s.b.f.s.DefaultListableBeanFactory     : Creating shared instance of singleton bean 'org.springframework.boot.autoconfigure.transaction.TransactionAutoConfiguration$EnableTransactionManagementConfiguration'
2025-04-05T01:32:54.076+05:30 DEBUG 19296 --- [LoginSignup] [main] o.s.b.f.s.DefaultListableBeanFactory     : Creating shared instance of singleton bean 'org.springframework.boot.autoconfigure.transaction.TransactionAutoConfiguration$TransactionTemplateConfiguration'
2025-04-05T01:32:54.076+05:30 DEBUG 19296 --- [LoginSignup] [main] o.s.b.f.s.DefaultListableBeanFactory     : Creating shared instance of singleton bean 'transactionTemplate'
2025-04-05T01:32:54.077+05:30 DEBUG 19296 --- [LoginSignup] [main] o.s.b.f.s.DefaultListableBeanFactory     : Autowiring by type from bean name 'transactionTemplate' via factory method to bean named 'transactionManager'
2025-04-05T01:32:54.079+05:30 DEBUG 19296 --- [LoginSignup] [main] o.s.b.f.s.DefaultListableBeanFactory     : Creating shared instance of singleton bean 'org.springframework.boot.autoconfigure.transaction.TransactionAutoConfiguration'
2025-04-05T01:32:54.081+05:30 DEBUG 19296 --- [LoginSignup] [main] o.s.b.f.s.DefaultListableBeanFactory     : Creating shared instance of singleton bean 'org.springframework.boot.autoconfigure.web.client.RestClientAutoConfiguration'
2025-04-05T01:32:54.081+05:30 DEBUG 19296 --- [LoginSignup] [main] o.s.b.f.s.DefaultListableBeanFactory     : Creating shared instance of singleton bean 'httpMessageConvertersRestClientCustomizer'
2025-04-05T01:32:54.083+05:30 DEBUG 19296 --- [LoginSignup] [main] o.s.b.f.s.DefaultListableBeanFactory     : Creating shared instance of singleton bean 'restClientSsl'
2025-04-05T01:32:54.084+05:30 DEBUG 19296 --- [LoginSignup] [main] o.s.b.f.s.DefaultListableBeanFactory     : Autowiring by type from bean name 'restClientSsl' via factory method to bean named 'sslBundleRegistry'
2025-04-05T01:32:54.085+05:30 DEBUG 19296 --- [LoginSignup] [main] o.s.b.f.s.DefaultListableBeanFactory     : Creating shared instance of singleton bean 'restClientBuilderConfigurer'
2025-04-05T01:32:54.087+05:30 DEBUG 19296 --- [LoginSignup] [main] o.s.b.f.s.DefaultListableBeanFactory     : Creating shared instance of singleton bean 'org.springframework.boot.autoconfigure.web.client.RestTemplateAutoConfiguration'
2025-04-05T01:32:54.087+05:30 DEBUG 19296 --- [LoginSignup] [main] o.s.b.f.s.DefaultListableBeanFactory     : Creating shared instance of singleton bean 'org.springframework.boot.autoconfigure.web.embedded.EmbeddedWebServerFactoryCustomizerAutoConfiguration'
2025-04-05T01:32:54.088+05:30 DEBUG 19296 --- [LoginSignup] [main] o.s.b.f.s.DefaultListableBeanFactory     : Creating shared instance of singleton bean 'multipartResolver'
2025-04-05T01:32:54.103+05:30 DEBUG 19296 --- [LoginSignup] [main] o.s.c.support.DefaultLifecycleProcessor  : Starting beans in phase -2147483647
2025-04-05T01:32:54.104+05:30 DEBUG 19296 --- [LoginSignup] [main] o.s.c.support.DefaultLifecycleProcessor  : Successfully started bean 'springBootLoggingLifecycle'
2025-04-05T01:32:54.104+05:30 DEBUG 19296 --- [LoginSignup] [main] o.s.c.support.DefaultLifecycleProcessor  : Starting beans in phase 1073741823
2025-04-05T01:32:54.104+05:30 DEBUG 19296 --- [LoginSignup] [main] o.s.c.support.DefaultLifecycleProcessor  : Starting beans in phase 2147481599
2025-04-05T01:32:54.145+05:30  INFO 19296 --- [LoginSignup] [main] o.s.b.w.embedded.tomcat.TomcatWebServer  : Tomcat started on port 8083 (http) with context path '/'
2025-04-05T01:32:54.147+05:30 DEBUG 19296 --- [LoginSignup] [main] o.s.c.support.DefaultLifecycleProcessor  : Successfully started bean 'webServerStartStop'
2025-04-05T01:32:54.147+05:30 DEBUG 19296 --- [LoginSignup] [main] o.s.c.support.DefaultLifecycleProcessor  : Starting beans in phase 2147482623
2025-04-05T01:32:54.147+05:30 DEBUG 19296 --- [LoginSignup] [main] o.s.c.support.DefaultLifecycleProcessor  : Successfully started bean 'webServerGracefulShutdown'
2025-04-05T01:32:54.172+05:30 DEBUG 19296 --- [LoginSignup] [main] .s.b.a.l.ConditionEvaluationReportLogger : 


============================
CONDITIONS EVALUATION REPORT
============================


Positive matches:
-----------------

   AopAutoConfiguration matched:
      - @ConditionalOnProperty (spring.aop.auto=true) matched (OnPropertyCondition)

   AopAutoConfiguration.AspectJAutoProxyingConfiguration matched:
      - @ConditionalOnClass found required class 'org.aspectj.weaver.Advice' (OnClassCondition)

   AopAutoConfiguration.AspectJAutoProxyingConfiguration.CglibAutoProxyConfiguration matched:
      - @ConditionalOnProperty (spring.aop.proxy-target-class=true) matched (OnPropertyCondition)

   ApplicationAvailabilityAutoConfiguration#applicationAvailability matched:
      - @ConditionalOnMissingBean (types: org.springframework.boot.availability.ApplicationAvailability; SearchStrategy: all) did not find any beans (OnBeanCondition)

   DataSourceAutoConfiguration matched:
      - @ConditionalOnClass found required classes 'javax.sql.DataSource', 'org.springframework.jdbc.datasource.embedded.EmbeddedDatabaseType' (OnClassCondition)
      - @ConditionalOnMissingBean (types: io.r2dbc.spi.ConnectionFactory; SearchStrategy: all) did not find any beans (OnBeanCondition)

   DataSourceAutoConfiguration.PooledDataSourceConfiguration matched:
      - AnyNestedCondition 1 matched 1 did not; NestedCondition on DataSourceAutoConfiguration.PooledDataSourceCondition.PooledDataSourceAvailable PooledDataSource found supported DataSource; NestedCondition on DataSourceAutoConfiguration.PooledDataSourceCondition.ExplicitType @ConditionalOnProperty (spring.datasource.type) did not find property 'type' (DataSourceAutoConfiguration.PooledDataSourceCondition)
      - @ConditionalOnMissingBean (types: javax.sql.DataSource,javax.sql.XADataSource; SearchStrategy: all) did not find any beans (OnBeanCondition)

   DataSourceAutoConfiguration.PooledDataSourceConfiguration#jdbcConnectionDetails matched:
      - @ConditionalOnMissingBean (types: org.springframework.boot.autoconfigure.jdbc.JdbcConnectionDetails; SearchStrategy: all) did not find any beans (OnBeanCondition)

   DataSourceConfiguration.Hikari matched:
      - @ConditionalOnClass found required class 'com.zaxxer.hikari.HikariDataSource' (OnClassCondition)
      - @ConditionalOnProperty (spring.datasource.type=com.zaxxer.hikari.HikariDataSource) matched (OnPropertyCondition)
      - @ConditionalOnMissingBean (types: javax.sql.DataSource; SearchStrategy: all) did not find any beans (OnBeanCondition)

   DataSourceInitializationConfiguration matched:
      - @ConditionalOnClass found required class 'org.springframework.jdbc.datasource.init.DatabasePopulator' (OnClassCondition)
      - @ConditionalOnSingleCandidate (types: javax.sql.DataSource; SearchStrategy: all) found a single bean 'dataSource'; @ConditionalOnMissingBean (types: org.springframework.boot.autoconfigure.sql.init.SqlDataSourceScriptDatabaseInitializer,org.springframework.boot.autoconfigure.sql.init.SqlR2dbcScriptDatabaseInitializer; SearchStrategy: all) did not find any beans (OnBeanCondition)

   DataSourceJmxConfiguration matched:
      - @ConditionalOnProperty (spring.jmx.enabled=true) matched (OnPropertyCondition)

   DataSourceJmxConfiguration.Hikari matched:
      - @ConditionalOnClass found required class 'com.zaxxer.hikari.HikariDataSource' (OnClassCondition)
      - @ConditionalOnSingleCandidate (types: javax.sql.DataSource; SearchStrategy: all) found a single bean 'dataSource' (OnBeanCondition)

   DataSourcePoolMetadataProvidersConfiguration.HikariPoolDataSourceMetadataProviderConfiguration matched:
      - @ConditionalOnClass found required class 'com.zaxxer.hikari.HikariDataSource' (OnClassCondition)

   DataSourceTransactionManagerAutoConfiguration matched:
      - @ConditionalOnClass found required classes 'javax.sql.DataSource', 'org.springframework.jdbc.core.JdbcTemplate', 'org.springframework.transaction.TransactionManager' (OnClassCondition)

   DataSourceTransactionManagerAutoConfiguration.JdbcTransactionManagerConfiguration matched:
      - @ConditionalOnSingleCandidate (types: javax.sql.DataSource; SearchStrategy: all) found a single bean 'dataSource' (OnBeanCondition)

   DispatcherServletAutoConfiguration matched:
      - @ConditionalOnClass found required class 'org.springframework.web.servlet.DispatcherServlet' (OnClassCondition)
      - found 'session' scope (OnWebApplicationCondition)

   DispatcherServletAutoConfiguration.DispatcherServletConfiguration matched:
      - @ConditionalOnClass found required class 'jakarta.servlet.ServletRegistration' (OnClassCondition)
      - Default DispatcherServlet did not find dispatcher servlet beans (DispatcherServletAutoConfiguration.DefaultDispatcherServletCondition)

   DispatcherServletAutoConfiguration.DispatcherServletRegistrationConfiguration matched:
      - @ConditionalOnClass found required class 'jakarta.servlet.ServletRegistration' (OnClassCondition)
      - DispatcherServlet Registration did not find servlet registration bean (DispatcherServletAutoConfiguration.DispatcherServletRegistrationCondition)

   DispatcherServletAutoConfiguration.DispatcherServletRegistrationConfiguration#dispatcherServletRegistration matched:
      - @ConditionalOnBean (names: dispatcherServlet types: org.springframework.web.servlet.DispatcherServlet; SearchStrategy: all) found bean 'dispatcherServlet' (OnBeanCondition)

   EmbeddedWebServerFactoryCustomizerAutoConfiguration matched:
      - @ConditionalOnWebApplication (required) found 'session' scope (OnWebApplicationCondition)
      - @ConditionalOnWarDeployment the application is not deployed as a WAR file. (OnWarDeploymentCondition)

   EmbeddedWebServerFactoryCustomizerAutoConfiguration.TomcatWebServerFactoryCustomizerConfiguration matched:
      - @ConditionalOnClass found required classes 'org.apache.catalina.startup.Tomcat', 'org.apache.coyote.UpgradeProtocol' (OnClassCondition)

   ErrorMvcAutoConfiguration matched:
      - @ConditionalOnClass found required classes 'jakarta.servlet.Servlet', 'org.springframework.web.servlet.DispatcherServlet' (OnClassCondition)
      - found 'session' scope (OnWebApplicationCondition)

   ErrorMvcAutoConfiguration#basicErrorController matched:
      - @ConditionalOnMissingBean (types: org.springframework.boot.web.servlet.error.ErrorController; SearchStrategy: current) did not find any beans (OnBeanCondition)

   ErrorMvcAutoConfiguration#errorAttributes matched:
      - @ConditionalOnMissingBean (types: org.springframework.boot.web.servlet.error.ErrorAttributes; SearchStrategy: current) did not find any beans (OnBeanCondition)

   ErrorMvcAutoConfiguration.DefaultErrorViewResolverConfiguration#conventionErrorViewResolver matched:
      - @ConditionalOnBean (types: org.springframework.web.servlet.DispatcherServlet; SearchStrategy: all) found bean 'dispatcherServlet'; @ConditionalOnMissingBean (types: org.springframework.boot.autoconfigure.web.servlet.error.ErrorViewResolver; SearchStrategy: all) did not find any beans (OnBeanCondition)

   ErrorMvcAutoConfiguration.WhitelabelErrorViewConfiguration matched:
      - @ConditionalOnProperty (server.error.whitelabel.enabled) matched (OnPropertyCondition)
      - ErrorTemplate Missing did not find error template view (ErrorMvcAutoConfiguration.ErrorTemplateMissingCondition)

   ErrorMvcAutoConfiguration.WhitelabelErrorViewConfiguration#beanNameViewResolver matched:
      - @ConditionalOnMissingBean (types: org.springframework.web.servlet.view.BeanNameViewResolver; SearchStrategy: all) did not find any beans (OnBeanCondition)

   ErrorMvcAutoConfiguration.WhitelabelErrorViewConfiguration#defaultErrorView matched:
      - @ConditionalOnMissingBean (names: error; SearchStrategy: all) did not find any beans (OnBeanCondition)

   GenericCacheConfiguration matched:
      - Cache org.springframework.boot.autoconfigure.cache.GenericCacheConfiguration automatic cache type (CacheCondition)

   HibernateJpaAutoConfiguration matched:
      - @ConditionalOnClass found required classes 'org.springframework.orm.jpa.LocalContainerEntityManagerFactoryBean', 'jakarta.persistence.EntityManager', 'org.hibernate.engine.spi.SessionImplementor' (OnClassCondition)

   HibernateJpaConfiguration matched:
      - @ConditionalOnSingleCandidate (types: javax.sql.DataSource; SearchStrategy: all) found a single bean 'dataSource' (OnBeanCondition)

   HttpClientAutoConfiguration matched:
      - @ConditionalOnClass found required class 'org.springframework.http.client.ClientHttpRequestFactory' (OnClassCondition)
      - NoneNestedConditions 0 matched 1 did not; NestedCondition on NotReactiveWebApplicationCondition.ReactiveWebApplication did not find reactive web application classes (NotReactiveWebApplicationCondition)

   HttpClientAutoConfiguration#clientHttpRequestFactoryBuilder matched:
      - @ConditionalOnMissingBean (types: org.springframework.boot.http.client.ClientHttpRequestFactoryBuilder; SearchStrategy: all) did not find any beans (OnBeanCondition)

   HttpClientAutoConfiguration#clientHttpRequestFactorySettings matched:
      - @ConditionalOnMissingBean (types: org.springframework.boot.http.client.ClientHttpRequestFactorySettings; SearchStrategy: all) did not find any beans (OnBeanCondition)

   HttpEncodingAutoConfiguration matched:
      - @ConditionalOnClass found required class 'org.springframework.web.filter.CharacterEncodingFilter' (OnClassCondition)
      - found 'session' scope (OnWebApplicationCondition)
      - @ConditionalOnProperty (server.servlet.encoding.enabled) matched (OnPropertyCondition)

   HttpEncodingAutoConfiguration#characterEncodingFilter matched:
      - @ConditionalOnMissingBean (types: org.springframework.web.filter.CharacterEncodingFilter; SearchStrategy: all) did not find any beans (OnBeanCondition)

   HttpMessageConvertersAutoConfiguration matched:
      - @ConditionalOnClass found required class 'org.springframework.http.converter.HttpMessageConverter' (OnClassCondition)
      - NoneNestedConditions 0 matched 1 did not; NestedCondition on HttpMessageConvertersAutoConfiguration.NotReactiveWebApplicationCondition.ReactiveWebApplication did not find reactive web application classes (HttpMessageConvertersAutoConfiguration.NotReactiveWebApplicationCondition)

   HttpMessageConvertersAutoConfiguration#messageConverters matched:
      - @ConditionalOnMissingBean (types: org.springframework.boot.autoconfigure.http.HttpMessageConverters; SearchStrategy: all) did not find any beans (OnBeanCondition)

   HttpMessageConvertersAutoConfiguration.StringHttpMessageConverterConfiguration matched:
      - @ConditionalOnClass found required class 'org.springframework.http.converter.StringHttpMessageConverter' (OnClassCondition)

   HttpMessageConvertersAutoConfiguration.StringHttpMessageConverterConfiguration#stringHttpMessageConverter matched:
      - @ConditionalOnMissingBean (types: org.springframework.http.converter.StringHttpMessageConverter; SearchStrategy: all) did not find any beans (OnBeanCondition)

   JacksonAutoConfiguration matched:
      - @ConditionalOnClass found required class 'com.fasterxml.jackson.databind.ObjectMapper' (OnClassCondition)

   JacksonAutoConfiguration.Jackson2ObjectMapperBuilderCustomizerConfiguration matched:
      - @ConditionalOnClass found required class 'org.springframework.http.converter.json.Jackson2ObjectMapperBuilder' (OnClassCondition)

   JacksonAutoConfiguration.JacksonObjectMapperBuilderConfiguration matched:
      - @ConditionalOnClass found required class 'org.springframework.http.converter.json.Jackson2ObjectMapperBuilder' (OnClassCondition)

   JacksonAutoConfiguration.JacksonObjectMapperBuilderConfiguration#jacksonObjectMapperBuilder matched:
      - @ConditionalOnMissingBean (types: org.springframework.http.converter.json.Jackson2ObjectMapperBuilder; SearchStrategy: all) did not find any beans (OnBeanCondition)

   JacksonAutoConfiguration.JacksonObjectMapperConfiguration matched:
      - @ConditionalOnClass found required class 'org.springframework.http.converter.json.Jackson2ObjectMapperBuilder' (OnClassCondition)

   JacksonAutoConfiguration.JacksonObjectMapperConfiguration#jacksonObjectMapper matched:
      - @ConditionalOnMissingBean (types: com.fasterxml.jackson.databind.ObjectMapper; SearchStrategy: all) did not find any beans (OnBeanCondition)

   JacksonAutoConfiguration.ParameterNamesModuleConfiguration matched:
      - @ConditionalOnClass found required class 'com.fasterxml.jackson.module.paramnames.ParameterNamesModule' (OnClassCondition)

   JacksonAutoConfiguration.ParameterNamesModuleConfiguration#parameterNamesModule matched:
      - @ConditionalOnMissingBean (types: com.fasterxml.jackson.module.paramnames.ParameterNamesModule; SearchStrategy: all) did not find any beans (OnBeanCondition)

   JacksonHttpMessageConvertersConfiguration.MappingJackson2HttpMessageConverterConfiguration matched:
      - @ConditionalOnClass found required class 'com.fasterxml.jackson.databind.ObjectMapper' (OnClassCondition)
      - @ConditionalOnProperty (spring.mvc.converters.preferred-json-mapper=jackson) matched (OnPropertyCondition)
      - @ConditionalOnBean (types: com.fasterxml.jackson.databind.ObjectMapper; SearchStrategy: all) found bean 'jacksonObjectMapper' (OnBeanCondition)

   JacksonHttpMessageConvertersConfiguration.MappingJackson2HttpMessageConverterConfiguration#mappingJackson2HttpMessageConverter matched:
      - @ConditionalOnMissingBean (types: org.springframework.http.converter.json.MappingJackson2HttpMessageConverter ignored: org.springframework.hateoas.server.mvc.TypeConstrainedMappingJackson2HttpMessageConverter,org.springframework.data.rest.webmvc.alps.AlpsJsonHttpMessageConverter; SearchStrategy: all) did not find any beans (OnBeanCondition)

   JdbcClientAutoConfiguration matched:
      - @ConditionalOnSingleCandidate (types: org.springframework.jdbc.core.namedparam.NamedParameterJdbcTemplate; SearchStrategy: all) found a single bean 'namedParameterJdbcTemplate'; @ConditionalOnMissingBean (types: org.springframework.jdbc.core.simple.JdbcClient; SearchStrategy: all) did not find any beans (OnBeanCondition)

   JdbcTemplateAutoConfiguration matched:
      - @ConditionalOnClass found required classes 'javax.sql.DataSource', 'org.springframework.jdbc.core.JdbcTemplate' (OnClassCondition)
      - @ConditionalOnSingleCandidate (types: javax.sql.DataSource; SearchStrategy: all) found a single bean 'dataSource' (OnBeanCondition)

   JdbcTemplateConfiguration matched:
      - @ConditionalOnMissingBean (types: org.springframework.jdbc.core.JdbcOperations; SearchStrategy: all) did not find any beans (OnBeanCondition)

   JpaBaseConfiguration#entityManagerFactory matched:
      - @ConditionalOnMissingBean (types: org.springframework.orm.jpa.LocalContainerEntityManagerFactoryBean,jakarta.persistence.EntityManagerFactory; SearchStrategy: all) did not find any beans (OnBeanCondition)

   JpaBaseConfiguration#entityManagerFactoryBuilder matched:
      - @ConditionalOnMissingBean (types: org.springframework.boot.orm.jpa.EntityManagerFactoryBuilder; SearchStrategy: all) did not find any beans (OnBeanCondition)

   JpaBaseConfiguration#jpaVendorAdapter matched:
      - @ConditionalOnMissingBean (types: org.springframework.orm.jpa.JpaVendorAdapter; SearchStrategy: all) did not find any beans (OnBeanCondition)

   JpaBaseConfiguration#transactionManager matched:
      - @ConditionalOnMissingBean (types: org.springframework.transaction.TransactionManager; SearchStrategy: all) did not find any beans (OnBeanCondition)

   JpaBaseConfiguration.JpaWebConfiguration matched:
      - @ConditionalOnClass found required class 'org.springframework.web.servlet.config.annotation.WebMvcConfigurer' (OnClassCondition)
      - found 'session' scope (OnWebApplicationCondition)
      - @ConditionalOnProperty (spring.jpa.open-in-view=true) matched (OnPropertyCondition)
      - @ConditionalOnMissingBean (types: org.springframework.orm.jpa.support.OpenEntityManagerInViewInterceptor,org.springframework.orm.jpa.support.OpenEntityManagerInViewFilter; SearchStrategy: all) did not find any beans (OnBeanCondition)

   JpaBaseConfiguration.PersistenceManagedTypesConfiguration matched:
      - @ConditionalOnMissingBean (types: org.springframework.orm.jpa.LocalContainerEntityManagerFactoryBean,jakarta.persistence.EntityManagerFactory; SearchStrategy: all) did not find any beans (OnBeanCondition)

   JpaBaseConfiguration.PersistenceManagedTypesConfiguration#persistenceManagedTypes matched:
      - @ConditionalOnMissingBean (types: org.springframework.orm.jpa.persistenceunit.PersistenceManagedTypes; SearchStrategy: all) did not find any beans (OnBeanCondition)

   JpaRepositoriesAutoConfiguration matched:
      - @ConditionalOnClass found required class 'org.springframework.data.jpa.repository.JpaRepository' (OnClassCondition)
      - @ConditionalOnProperty (spring.data.jpa.repositories.enabled=true) matched (OnPropertyCondition)
      - @ConditionalOnBean (types: javax.sql.DataSource; SearchStrategy: all) found bean 'dataSource'; @ConditionalOnMissingBean (types: org.springframework.data.jpa.repository.support.JpaRepositoryFactoryBean,org.springframework.data.jpa.repository.config.JpaRepositoryConfigExtension; SearchStrategy: all) did not find any beans (OnBeanCondition)

   JtaAutoConfiguration matched:
      - @ConditionalOnClass found required class 'jakarta.transaction.Transaction' (OnClassCondition)
      - @ConditionalOnProperty (spring.jta.enabled) matched (OnPropertyCondition)

   LifecycleAutoConfiguration#defaultLifecycleProcessor matched:
      - @ConditionalOnMissingBean (names: lifecycleProcessor; SearchStrategy: current) did not find any beans (OnBeanCondition)

   MultipartAutoConfiguration matched:
      - @ConditionalOnClass found required classes 'jakarta.servlet.Servlet', 'org.springframework.web.multipart.support.StandardServletMultipartResolver', 'jakarta.servlet.MultipartConfigElement' (OnClassCondition)
      - found 'session' scope (OnWebApplicationCondition)
      - @ConditionalOnProperty (spring.servlet.multipart.enabled) matched (OnPropertyCondition)

   MultipartAutoConfiguration#multipartConfigElement matched:
      - @ConditionalOnMissingBean (types: jakarta.servlet.MultipartConfigElement; SearchStrategy: all) did not find any beans (OnBeanCondition)

   MultipartAutoConfiguration#multipartResolver matched:
      - @ConditionalOnMissingBean (types: org.springframework.web.multipart.MultipartResolver; SearchStrategy: all) did not find any beans (OnBeanCondition)

   NamedParameterJdbcTemplateConfiguration matched:
      - @ConditionalOnSingleCandidate (types: org.springframework.jdbc.core.JdbcTemplate; SearchStrategy: all) found a single bean 'jdbcTemplate'; @ConditionalOnMissingBean (types: org.springframework.jdbc.core.namedparam.NamedParameterJdbcOperations; SearchStrategy: all) did not find any beans (OnBeanCondition)

   NoOpCacheConfiguration matched:
      - Cache org.springframework.boot.autoconfigure.cache.NoOpCacheConfiguration automatic cache type (CacheCondition)

   PersistenceExceptionTranslationAutoConfiguration matched:
      - @ConditionalOnClass found required class 'org.springframework.dao.annotation.PersistenceExceptionTranslationPostProcessor' (OnClassCondition)

   PersistenceExceptionTranslationAutoConfiguration#persistenceExceptionTranslationPostProcessor matched:
      - @ConditionalOnProperty (spring.dao.exceptiontranslation.enabled) matched (OnPropertyCondition)
      - @ConditionalOnMissingBean (types: org.springframework.dao.annotation.PersistenceExceptionTranslationPostProcessor; SearchStrategy: all) did not find any beans (OnBeanCondition)

   PropertyPlaceholderAutoConfiguration#propertySourcesPlaceholderConfigurer matched:
      - @ConditionalOnMissingBean (types: org.springframework.context.support.PropertySourcesPlaceholderConfigurer; SearchStrategy: current) did not find any beans (OnBeanCondition)

   RestClientAutoConfiguration matched:
      - @ConditionalOnClass found required class 'org.springframework.web.client.RestClient' (OnClassCondition)
      - NoneNestedConditions 0 matched 1 did not; NestedCondition on NotReactiveWebApplicationCondition.ReactiveWebApplication did not find reactive web application classes (NotReactiveWebApplicationCondition)

   RestClientAutoConfiguration#httpMessageConvertersRestClientCustomizer matched:
      - @ConditionalOnMissingBean (types: org.springframework.boot.autoconfigure.web.client.HttpMessageConvertersRestClientCustomizer; SearchStrategy: all) did not find any beans (OnBeanCondition)

   RestClientAutoConfiguration#restClientBuilder matched:
      - @ConditionalOnMissingBean (types: org.springframework.web.client.RestClient$Builder; SearchStrategy: all) did not find any beans (OnBeanCondition)

   RestClientAutoConfiguration#restClientBuilderConfigurer matched:
      - @ConditionalOnMissingBean (types: org.springframework.boot.autoconfigure.web.client.RestClientBuilderConfigurer; SearchStrategy: all) did not find any beans (OnBeanCondition)

   RestClientAutoConfiguration#restClientSsl matched:
      - @ConditionalOnBean (types: org.springframework.boot.ssl.SslBundles; SearchStrategy: all) found bean 'sslBundleRegistry'; @ConditionalOnMissingBean (types: org.springframework.boot.autoconfigure.web.client.RestClientSsl; SearchStrategy: all) did not find any beans (OnBeanCondition)

   RestTemplateAutoConfiguration matched:
      - @ConditionalOnClass found required class 'org.springframework.web.client.RestTemplate' (OnClassCondition)
      - NoneNestedConditions 0 matched 1 did not; NestedCondition on NotReactiveWebApplicationCondition.ReactiveWebApplication did not find reactive web application classes (NotReactiveWebApplicationCondition)

   RestTemplateAutoConfiguration#restTemplateBuilder matched:
      - @ConditionalOnMissingBean (types: org.springframework.boot.web.client.RestTemplateBuilder; SearchStrategy: all) did not find any beans (OnBeanCondition)

   SecurityAutoConfiguration matched:
      - @ConditionalOnClass found required class 'org.springframework.security.authentication.DefaultAuthenticationEventPublisher' (OnClassCondition)

   SecurityAutoConfiguration#authenticationEventPublisher matched:
      - @ConditionalOnMissingBean (types: org.springframework.security.authentication.AuthenticationEventPublisher; SearchStrategy: all) did not find any beans (OnBeanCondition)

   SecurityFilterAutoConfiguration matched:
      - @ConditionalOnClass found required classes 'org.springframework.security.web.context.AbstractSecurityWebApplicationInitializer', 'org.springframework.security.config.http.SessionCreationPolicy' (OnClassCondition)
      - found 'session' scope (OnWebApplicationCondition)

   SecurityFilterAutoConfiguration#securityFilterChainRegistration matched:
      - @ConditionalOnBean (names: springSecurityFilterChain; SearchStrategy: all) found bean 'springSecurityFilterChain' (OnBeanCondition)

   ServletWebServerFactoryAutoConfiguration matched:
      - @ConditionalOnClass found required class 'jakarta.servlet.ServletRequest' (OnClassCondition)
      - found 'session' scope (OnWebApplicationCondition)

   ServletWebServerFactoryAutoConfiguration#tomcatServletWebServerFactoryCustomizer matched:
      - @ConditionalOnClass found required class 'org.apache.catalina.startup.Tomcat' (OnClassCondition)

   ServletWebServerFactoryConfiguration.EmbeddedTomcat matched:
      - @ConditionalOnClass found required classes 'jakarta.servlet.Servlet', 'org.apache.catalina.startup.Tomcat', 'org.apache.coyote.UpgradeProtocol' (OnClassCondition)
      - @ConditionalOnMissingBean (types: org.springframework.boot.web.servlet.server.ServletWebServerFactory; SearchStrategy: current) did not find any beans (OnBeanCondition)

   SimpleCacheConfiguration matched:
      - Cache org.springframework.boot.autoconfigure.cache.SimpleCacheConfiguration automatic cache type (CacheCondition)

   SpringBootWebSecurityConfiguration matched:
      - found 'session' scope (OnWebApplicationCondition)

   SpringBootWebSecurityConfiguration.WebSecurityEnablerConfiguration matched:
      - @ConditionalOnClass found required class 'org.springframework.security.config.annotation.web.configuration.EnableWebSecurity' (OnClassCondition)
      - @ConditionalOnMissingBean (names: springSecurityFilterChain; SearchStrategy: all) did not find any beans (OnBeanCondition)

   SpringDataWebAutoConfiguration matched:
      - @ConditionalOnClass found required classes 'org.springframework.data.web.PageableHandlerMethodArgumentResolver', 'org.springframework.web.servlet.config.annotation.WebMvcConfigurer' (OnClassCondition)
      - found 'session' scope (OnWebApplicationCondition)
      - @ConditionalOnMissingBean (types: org.springframework.data.web.PageableHandlerMethodArgumentResolver; SearchStrategy: all) did not find any beans (OnBeanCondition)

   SpringDataWebAutoConfiguration#pageableCustomizer matched:
      - @ConditionalOnMissingBean (types: org.springframework.data.web.config.PageableHandlerMethodArgumentResolverCustomizer; SearchStrategy: all) did not find any beans (OnBeanCondition)

   SpringDataWebAutoConfiguration#sortCustomizer matched:
      - @ConditionalOnMissingBean (types: org.springframework.data.web.config.SortHandlerMethodArgumentResolverCustomizer; SearchStrategy: all) did not find any beans (OnBeanCondition)

   SpringDataWebAutoConfiguration#springDataWebSettings matched:
      - @ConditionalOnMissingBean (types: org.springframework.data.web.config.SpringDataWebSettings; SearchStrategy: all) did not find any beans (OnBeanCondition)

   SqlInitializationAutoConfiguration matched:
      - @ConditionalOnProperty (spring.sql.init.enabled) matched (OnPropertyCondition)
      - NoneNestedConditions 0 matched 1 did not; NestedCondition on SqlInitializationAutoConfiguration.SqlInitializationModeCondition.ModeIsNever @ConditionalOnProperty (spring.sql.init.mode=never) did not find property 'mode' (SqlInitializationAutoConfiguration.SqlInitializationModeCondition)

   SslAutoConfiguration#sslBundleRegistry matched:
      - @ConditionalOnMissingBean (types: org.springframework.boot.ssl.SslBundleRegistry,org.springframework.boot.ssl.SslBundles; SearchStrategy: all) did not find any beans (OnBeanCondition)

   TaskExecutionAutoConfiguration matched:
      - @ConditionalOnClass found required class 'org.springframework.scheduling.concurrent.ThreadPoolTaskExecutor' (OnClassCondition)

   TaskExecutorConfigurations.SimpleAsyncTaskExecutorBuilderConfiguration#simpleAsyncTaskExecutorBuilder matched:
      - @ConditionalOnMissingBean (types: org.springframework.boot.task.SimpleAsyncTaskExecutorBuilder; SearchStrategy: all) did not find any beans (OnBeanCondition)
      - @ConditionalOnThreading found PLATFORM (OnThreadingCondition)

   TaskExecutorConfigurations.TaskExecutorConfiguration matched:
      - @ConditionalOnMissingBean (types: java.util.concurrent.Executor; SearchStrategy: all) did not find any beans (OnBeanCondition)

   TaskExecutorConfigurations.TaskExecutorConfiguration#applicationTaskExecutor matched:
      - @ConditionalOnThreading found PLATFORM (OnThreadingCondition)

   TaskExecutorConfigurations.ThreadPoolTaskExecutorBuilderConfiguration#threadPoolTaskExecutorBuilder matched:
      - @ConditionalOnMissingBean (types: org.springframework.boot.task.ThreadPoolTaskExecutorBuilder; SearchStrategy: all) did not find any beans (OnBeanCondition)

   TaskSchedulingAutoConfiguration matched:
      - @ConditionalOnClass found required class 'org.springframework.scheduling.concurrent.ThreadPoolTaskScheduler' (OnClassCondition)

   TaskSchedulingConfigurations.SimpleAsyncTaskSchedulerBuilderConfiguration#simpleAsyncTaskSchedulerBuilder matched:
      - @ConditionalOnMissingBean (types: org.springframework.boot.task.SimpleAsyncTaskSchedulerBuilder; SearchStrategy: all) did not find any beans (OnBeanCondition)
      - @ConditionalOnThreading found PLATFORM (OnThreadingCondition)

   TaskSchedulingConfigurations.ThreadPoolTaskSchedulerBuilderConfiguration#threadPoolTaskSchedulerBuilder matched:
      - @ConditionalOnMissingBean (types: org.springframework.boot.task.ThreadPoolTaskSchedulerBuilder; SearchStrategy: all) did not find any beans (OnBeanCondition)

   TransactionAutoConfiguration matched:
      - @ConditionalOnClass found required class 'org.springframework.transaction.PlatformTransactionManager' (OnClassCondition)

   TransactionAutoConfiguration.EnableTransactionManagementConfiguration matched:
      - @ConditionalOnBean (types: org.springframework.transaction.TransactionManager; SearchStrategy: all) found bean 'transactionManager'; @ConditionalOnMissingBean (types: org.springframework.transaction.annotation.AbstractTransactionManagementConfiguration; SearchStrategy: all) did not find any beans (OnBeanCondition)

   TransactionAutoConfiguration.EnableTransactionManagementConfiguration.CglibAutoProxyConfiguration matched:
      - @ConditionalOnProperty (spring.aop.proxy-target-class=true) matched (OnPropertyCondition)

   TransactionAutoConfiguration.TransactionTemplateConfiguration matched:
      - @ConditionalOnSingleCandidate (types: org.springframework.transaction.PlatformTransactionManager; SearchStrategy: all) found a single bean 'transactionManager' (OnBeanCondition)

   TransactionAutoConfiguration.TransactionTemplateConfiguration#transactionTemplate matched:
      - @ConditionalOnMissingBean (types: org.springframework.transaction.support.TransactionOperations; SearchStrategy: all) did not find any beans (OnBeanCondition)

   TransactionManagerCustomizationAutoConfiguration matched:
      - @ConditionalOnClass found required class 'org.springframework.transaction.PlatformTransactionManager' (OnClassCondition)

   TransactionManagerCustomizationAutoConfiguration#platformTransactionManagerCustomizers matched:
      - @ConditionalOnMissingBean (types: org.springframework.boot.autoconfigure.transaction.TransactionManagerCustomizers; SearchStrategy: all) did not find any beans (OnBeanCondition)

   WebMvcAutoConfiguration matched:
      - @ConditionalOnClass found required classes 'jakarta.servlet.Servlet', 'org.springframework.web.servlet.DispatcherServlet', 'org.springframework.web.servlet.config.annotation.WebMvcConfigurer' (OnClassCondition)
      - found 'session' scope (OnWebApplicationCondition)
      - @ConditionalOnMissingBean (types: org.springframework.web.servlet.config.annotation.WebMvcConfigurationSupport; SearchStrategy: all) did not find any beans (OnBeanCondition)

   WebMvcAutoConfiguration#formContentFilter matched:
      - @ConditionalOnProperty (spring.mvc.formcontent.filter.enabled) matched (OnPropertyCondition)
      - @ConditionalOnMissingBean (types: org.springframework.web.filter.FormContentFilter; SearchStrategy: all) did not find any beans (OnBeanCondition)

   WebMvcAutoConfiguration.EnableWebMvcConfiguration#flashMapManager matched:
      - @ConditionalOnMissingBean (names: flashMapManager; SearchStrategy: all) did not find any beans (OnBeanCondition)

   WebMvcAutoConfiguration.EnableWebMvcConfiguration#localeResolver matched:
      - @ConditionalOnMissingBean (names: localeResolver; SearchStrategy: all) did not find any beans (OnBeanCondition)

   WebMvcAutoConfiguration.EnableWebMvcConfiguration#themeResolver matched:
      - @ConditionalOnMissingBean (names: themeResolver; SearchStrategy: all) did not find any beans (OnBeanCondition)

   WebMvcAutoConfiguration.EnableWebMvcConfiguration#viewNameTranslator matched:
      - @ConditionalOnMissingBean (names: viewNameTranslator; SearchStrategy: all) did not find any beans (OnBeanCondition)

   WebMvcAutoConfiguration.WebMvcAutoConfigurationAdapter#defaultViewResolver matched:
      - @ConditionalOnMissingBean (types: org.springframework.web.servlet.view.InternalResourceViewResolver; SearchStrategy: all) did not find any beans (OnBeanCondition)

   WebMvcAutoConfiguration.WebMvcAutoConfigurationAdapter#requestContextFilter matched:
      - @ConditionalOnMissingBean (types: org.springframework.web.context.request.RequestContextListener,org.springframework.web.filter.RequestContextFilter; SearchStrategy: all) did not find any beans (OnBeanCondition)

   WebMvcAutoConfiguration.WebMvcAutoConfigurationAdapter#viewResolver matched:
      - @ConditionalOnBean (types: org.springframework.web.servlet.ViewResolver; SearchStrategy: all) found beans 'defaultViewResolver', 'beanNameViewResolver', 'mvcViewResolver'; @ConditionalOnMissingBean (names: viewResolver types: org.springframework.web.servlet.view.ContentNegotiatingViewResolver; SearchStrategy: all) did not find any beans (OnBeanCondition)

   WebSocketServletAutoConfiguration matched:
      - @ConditionalOnClass found required classes 'jakarta.servlet.Servlet', 'jakarta.websocket.server.ServerContainer' (OnClassCondition)
      - found 'session' scope (OnWebApplicationCondition)

   WebSocketServletAutoConfiguration.TomcatWebSocketConfiguration matched:
      - @ConditionalOnClass found required classes 'org.apache.catalina.startup.Tomcat', 'org.apache.tomcat.websocket.server.WsSci' (OnClassCondition)

   WebSocketServletAutoConfiguration.TomcatWebSocketConfiguration#websocketServletWebServerCustomizer matched:
      - @ConditionalOnMissingBean (names: websocketServletWebServerCustomizer; SearchStrategy: all) did not find any beans (OnBeanCondition)


Negative matches:
-----------------

   ActiveMQAutoConfiguration:
      Did not match:
         - @ConditionalOnClass did not find required class 'jakarta.jms.ConnectionFactory' (OnClassCondition)

   AopAutoConfiguration.AspectJAutoProxyingConfiguration.JdkDynamicAutoProxyConfiguration:
      Did not match:
         - @ConditionalOnProperty (spring.aop.proxy-target-class=false) did not find property 'proxy-target-class' (OnPropertyCondition)

   AopAutoConfiguration.ClassProxyingConfiguration:
      Did not match:
         - @ConditionalOnMissingClass found unwanted class 'org.aspectj.weaver.Advice' (OnClassCondition)

   ArtemisAutoConfiguration:
      Did not match:
         - @ConditionalOnClass did not find required class 'jakarta.jms.ConnectionFactory' (OnClassCondition)

   BatchAutoConfiguration:
      Did not match:
         - @ConditionalOnClass did not find required class 'org.springframework.batch.core.launch.JobLauncher' (OnClassCondition)

   Cache2kCacheConfiguration:
      Did not match:
         - @ConditionalOnClass did not find required class 'org.cache2k.Cache2kBuilder' (OnClassCondition)

   CacheAutoConfiguration:
      Did not match:
         - @ConditionalOnBean (types: org.springframework.cache.interceptor.CacheAspectSupport; SearchStrategy: all) did not find any beans of type org.springframework.cache.interceptor.CacheAspectSupport (OnBeanCondition)
      Matched:
         - @ConditionalOnClass found required class 'org.springframework.cache.CacheManager' (OnClassCondition)

   CacheAutoConfiguration.CacheManagerEntityManagerFactoryDependsOnPostProcessor:
      Did not match:
         - Ancestor org.springframework.boot.autoconfigure.cache.CacheAutoConfiguration did not match (ConditionEvaluationReport.AncestorsMatchedCondition)
      Matched:
         - @ConditionalOnClass found required class 'org.springframework.orm.jpa.LocalContainerEntityManagerFactoryBean' (OnClassCondition)

   CaffeineCacheConfiguration:
      Did not match:
         - @ConditionalOnClass did not find required class 'com.github.benmanes.caffeine.cache.Caffeine' (OnClassCondition)

   CassandraAutoConfiguration:
      Did not match:
         - @ConditionalOnClass did not find required class 'com.datastax.oss.driver.api.core.CqlSession' (OnClassCondition)

   CassandraDataAutoConfiguration:
      Did not match:
         - @ConditionalOnClass did not find required class 'com.datastax.oss.driver.api.core.CqlSession' (OnClassCondition)

   CassandraReactiveDataAutoConfiguration:
      Did not match:
         - @ConditionalOnClass did not find required class 'com.datastax.oss.driver.api.core.CqlSession' (OnClassCondition)

   CassandraReactiveRepositoriesAutoConfiguration:
      Did not match:
         - @ConditionalOnClass did not find required class 'org.springframework.data.cassandra.ReactiveSession' (OnClassCondition)

   CassandraRepositoriesAutoConfiguration:
      Did not match:
         - @ConditionalOnClass did not find required class 'com.datastax.oss.driver.api.core.CqlSession' (OnClassCondition)

   ClientHttpConnectorAutoConfiguration:
      Did not match:
         - @ConditionalOnClass did not find required class 'org.springframework.web.reactive.function.client.WebClient' (OnClassCondition)

   CodecsAutoConfiguration:
      Did not match:
         - @ConditionalOnClass did not find required class 'org.springframework.web.reactive.function.client.WebClient' (OnClassCondition)

   CouchbaseAutoConfiguration:
      Did not match:
         - @ConditionalOnClass did not find required class 'com.couchbase.client.java.Cluster' (OnClassCondition)

   CouchbaseCacheConfiguration:
      Did not match:
         - @ConditionalOnClass did not find required class 'com.couchbase.client.java.Cluster' (OnClassCondition)

   CouchbaseDataAutoConfiguration:
      Did not match:
         - @ConditionalOnClass did not find required class 'com.couchbase.client.java.Bucket' (OnClassCondition)

   CouchbaseReactiveDataAutoConfiguration:
      Did not match:
         - @ConditionalOnClass did not find required class 'com.couchbase.client.java.Cluster' (OnClassCondition)

   CouchbaseReactiveRepositoriesAutoConfiguration:
      Did not match:
         - @ConditionalOnClass did not find required class 'com.couchbase.client.java.Cluster' (OnClassCondition)

   CouchbaseRepositoriesAutoConfiguration:
      Did not match:
         - @ConditionalOnClass did not find required class 'com.couchbase.client.java.Bucket' (OnClassCondition)

   DataSourceAutoConfiguration.EmbeddedDatabaseConfiguration:
      Did not match:
         - EmbeddedDataSource spring.datasource.url is set (DataSourceAutoConfiguration.EmbeddedDatabaseCondition)

   DataSourceCheckpointRestoreConfiguration:
      Did not match:
         - @ConditionalOnClass did not find required class 'org.crac.Resource' (OnClassCondition)

   DataSourceConfiguration.Dbcp2:
      Did not match:
         - @ConditionalOnClass did not find required class 'org.apache.commons.dbcp2.BasicDataSource' (OnClassCondition)

   DataSourceConfiguration.Generic:
      Did not match:
         - @ConditionalOnProperty (spring.datasource.type) did not find property 'spring.datasource.type' (OnPropertyCondition)

   DataSourceConfiguration.OracleUcp:
      Did not match:
         - @ConditionalOnClass did not find required classes 'oracle.ucp.jdbc.PoolDataSourceImpl', 'oracle.jdbc.OracleConnection' (OnClassCondition)

   DataSourceConfiguration.Tomcat:
      Did not match:
         - @ConditionalOnClass did not find required class 'org.apache.tomcat.jdbc.pool.DataSource' (OnClassCondition)

   DataSourceJmxConfiguration.TomcatDataSourceJmxConfiguration:
      Did not match:
         - @ConditionalOnClass did not find required class 'org.apache.tomcat.jdbc.pool.DataSourceProxy' (OnClassCondition)

   DataSourcePoolMetadataProvidersConfiguration.CommonsDbcp2PoolDataSourceMetadataProviderConfiguration:
      Did not match:
         - @ConditionalOnClass did not find required class 'org.apache.commons.dbcp2.BasicDataSource' (OnClassCondition)

   DataSourcePoolMetadataProvidersConfiguration.OracleUcpPoolDataSourceMetadataProviderConfiguration:
      Did not match:
         - @ConditionalOnClass did not find required classes 'oracle.ucp.jdbc.PoolDataSource', 'oracle.jdbc.OracleConnection' (OnClassCondition)

   DataSourcePoolMetadataProvidersConfiguration.TomcatDataSourcePoolMetadataProviderConfiguration:
      Did not match:
         - @ConditionalOnClass did not find required class 'org.apache.tomcat.jdbc.pool.DataSource' (OnClassCondition)

   DataSourceTransactionManagerAutoConfiguration.JdbcTransactionManagerConfiguration#transactionManager:
      Did not match:
         - @ConditionalOnMissingBean (types: org.springframework.transaction.TransactionManager; SearchStrategy: all) found beans of type 'org.springframework.transaction.TransactionManager' transactionManager (OnBeanCondition)

   DispatcherServletAutoConfiguration.DispatcherServletConfiguration#multipartResolver:
      Did not match:
         - @ConditionalOnBean (types: org.springframework.web.multipart.MultipartResolver; SearchStrategy: all) did not find any beans of type org.springframework.web.multipart.MultipartResolver (OnBeanCondition)

   ElasticsearchClientAutoConfiguration:
      Did not match:
         - @ConditionalOnClass did not find required class 'co.elastic.clients.elasticsearch.ElasticsearchClient' (OnClassCondition)

   ElasticsearchDataAutoConfiguration:
      Did not match:
         - @ConditionalOnClass did not find required class 'org.springframework.data.elasticsearch.client.elc.ElasticsearchTemplate' (OnClassCondition)

   ElasticsearchRepositoriesAutoConfiguration:
      Did not match:
         - @ConditionalOnClass did not find required class 'org.springframework.data.elasticsearch.repository.ElasticsearchRepository' (OnClassCondition)

   ElasticsearchRestClientAutoConfiguration:
      Did not match:
         - @ConditionalOnClass did not find required class 'org.elasticsearch.client.RestClientBuilder' (OnClassCondition)

   EmbeddedLdapAutoConfiguration:
      Did not match:
         - @ConditionalOnClass did not find required class 'com.unboundid.ldap.listener.InMemoryDirectoryServer' (OnClassCondition)

   EmbeddedWebServerFactoryCustomizerAutoConfiguration.JettyWebServerFactoryCustomizerConfiguration:
      Did not match:
         - @ConditionalOnClass did not find required classes 'org.eclipse.jetty.server.Server', 'org.eclipse.jetty.util.Loader', 'org.eclipse.jetty.ee10.webapp.WebAppContext' (OnClassCondition)

   EmbeddedWebServerFactoryCustomizerAutoConfiguration.NettyWebServerFactoryCustomizerConfiguration:
      Did not match:
         - @ConditionalOnClass did not find required class 'reactor.netty.http.server.HttpServer' (OnClassCondition)

   EmbeddedWebServerFactoryCustomizerAutoConfiguration.TomcatWebServerFactoryCustomizerConfiguration#tomcatVirtualThreadsProtocolHandlerCustomizer:
      Did not match:
         - @ConditionalOnThreading did not find VIRTUAL (OnThreadingCondition)

   EmbeddedWebServerFactoryCustomizerAutoConfiguration.UndertowWebServerFactoryCustomizerConfiguration:
      Did not match:
         - @ConditionalOnClass did not find required classes 'io.undertow.Undertow', 'org.xnio.SslClientAuthMode' (OnClassCondition)

   ErrorWebFluxAutoConfiguration:
      Did not match:
         - @ConditionalOnClass did not find required class 'org.springframework.web.reactive.config.WebFluxConfigurer' (OnClassCondition)

   FlywayAutoConfiguration:
      Did not match:
         - @ConditionalOnClass did not find required class 'org.flywaydb.core.Flyway' (OnClassCondition)

   FreeMarkerAutoConfiguration:
      Did not match:
         - @ConditionalOnClass did not find required class 'freemarker.template.Configuration' (OnClassCondition)

   GraphQlAutoConfiguration:
      Did not match:
         - @ConditionalOnClass did not find required class 'graphql.GraphQL' (OnClassCondition)

   GraphQlQueryByExampleAutoConfiguration:
      Did not match:
         - @ConditionalOnClass did not find required class 'graphql.GraphQL' (OnClassCondition)

   GraphQlQuerydslAutoConfiguration:
      Did not match:
         - @ConditionalOnClass did not find required class 'com.querydsl.core.Query' (OnClassCondition)

   GraphQlRSocketAutoConfiguration:
      Did not match:
         - @ConditionalOnClass did not find required class 'graphql.GraphQL' (OnClassCondition)

   GraphQlReactiveQueryByExampleAutoConfiguration:
      Did not match:
         - @ConditionalOnClass did not find required class 'graphql.GraphQL' (OnClassCondition)

   GraphQlReactiveQuerydslAutoConfiguration:
      Did not match:
         - @ConditionalOnClass did not find required class 'com.querydsl.core.Query' (OnClassCondition)

   GraphQlWebFluxAutoConfiguration:
      Did not match:
         - @ConditionalOnClass did not find required class 'graphql.GraphQL' (OnClassCondition)

   GraphQlWebFluxSecurityAutoConfiguration:
      Did not match:
         - @ConditionalOnClass did not find required class 'graphql.GraphQL' (OnClassCondition)

   GraphQlWebMvcAutoConfiguration:
      Did not match:
         - @ConditionalOnClass did not find required class 'graphql.GraphQL' (OnClassCondition)

   GraphQlWebMvcSecurityAutoConfiguration:
      Did not match:
         - @ConditionalOnClass did not find required class 'graphql.GraphQL' (OnClassCondition)

   GroovyTemplateAutoConfiguration:
      Did not match:
         - @ConditionalOnClass did not find required class 'groovy.text.markup.MarkupTemplateEngine' (OnClassCondition)

   GsonAutoConfiguration:
      Did not match:
         - @ConditionalOnClass did not find required class 'com.google.gson.Gson' (OnClassCondition)

   GsonHttpMessageConvertersConfiguration:
      Did not match:
         - @ConditionalOnClass did not find required class 'com.google.gson.Gson' (OnClassCondition)

   H2ConsoleAutoConfiguration:
      Did not match:
         - @ConditionalOnClass did not find required class 'org.h2.server.web.JakartaWebServlet' (OnClassCondition)

   HazelcastAutoConfiguration:
      Did not match:
         - @ConditionalOnClass did not find required class 'com.hazelcast.core.HazelcastInstance' (OnClassCondition)

   HazelcastCacheConfiguration:
      Did not match:
         - @ConditionalOnClass did not find required class 'com.hazelcast.core.HazelcastInstance' (OnClassCondition)

   HazelcastJpaDependencyAutoConfiguration:
      Did not match:
         - @ConditionalOnClass did not find required class 'com.hazelcast.core.HazelcastInstance' (OnClassCondition)

   HttpHandlerAutoConfiguration:
      Did not match:
         - @ConditionalOnClass did not find required class 'org.springframework.web.reactive.DispatcherHandler' (OnClassCondition)

   HypermediaAutoConfiguration:
      Did not match:
         - @ConditionalOnClass did not find required class 'org.springframework.hateoas.EntityModel' (OnClassCondition)

   InfinispanCacheConfiguration:
      Did not match:
         - @ConditionalOnClass did not find required class 'org.infinispan.spring.embedded.provider.SpringEmbeddedCacheManager' (OnClassCondition)

   IntegrationAutoConfiguration:
      Did not match:
         - @ConditionalOnClass did not find required class 'org.springframework.integration.config.EnableIntegration' (OnClassCondition)

   JCacheCacheConfiguration:
      Did not match:
         - @ConditionalOnClass did not find required class 'javax.cache.Caching' (OnClassCondition)

   JacksonHttpMessageConvertersConfiguration.MappingJackson2XmlHttpMessageConverterConfiguration:
      Did not match:
         - @ConditionalOnClass did not find required class 'com.fasterxml.jackson.dataformat.xml.XmlMapper' (OnClassCondition)

   JdbcRepositoriesAutoConfiguration:
      Did not match:
         - @ConditionalOnClass did not find required class 'org.springframework.data.jdbc.repository.config.AbstractJdbcConfiguration' (OnClassCondition)

   JerseyAutoConfiguration:
      Did not match:
         - @ConditionalOnClass did not find required class 'org.glassfish.jersey.server.spring.SpringComponentProvider' (OnClassCondition)

   JmsAutoConfiguration:
      Did not match:
         - @ConditionalOnClass did not find required class 'jakarta.jms.Message' (OnClassCondition)

   JmxAutoConfiguration:
      Did not match:
         - @ConditionalOnProperty (spring.jmx.enabled=true) did not find property 'enabled' (OnPropertyCondition)
      Matched:
         - @ConditionalOnClass found required class 'org.springframework.jmx.export.MBeanExporter' (OnClassCondition)

   JndiConnectionFactoryAutoConfiguration:
      Did not match:
         - @ConditionalOnClass did not find required class 'org.springframework.jms.core.JmsTemplate' (OnClassCondition)

   JndiDataSourceAutoConfiguration:
      Did not match:
         - @ConditionalOnProperty (spring.datasource.jndi-name) did not find property 'jndi-name' (OnPropertyCondition)
      Matched:
         - @ConditionalOnClass found required classes 'javax.sql.DataSource', 'org.springframework.jdbc.datasource.embedded.EmbeddedDatabaseType' (OnClassCondition)

   JndiJtaConfiguration:
      Did not match:
         - @ConditionalOnJndi JNDI environment is not available (OnJndiCondition)
      Matched:
         - @ConditionalOnClass found required class 'org.springframework.transaction.jta.JtaTransactionManager' (OnClassCondition)

   JooqAutoConfiguration:
      Did not match:
         - @ConditionalOnClass did not find required class 'org.jooq.DSLContext' (OnClassCondition)

   JpaRepositoriesAutoConfiguration#entityManagerFactoryBootstrapExecutorCustomizer:
      Did not match:
         - AnyNestedCondition 0 matched 2 did not; NestedCondition on JpaRepositoriesAutoConfiguration.BootstrapExecutorCondition.LazyBootstrapMode @ConditionalOnProperty (spring.data.jpa.repositories.bootstrap-mode=lazy) did not find property 'bootstrap-mode'; NestedCondition on JpaRepositoriesAutoConfiguration.BootstrapExecutorCondition.DeferredBootstrapMode @ConditionalOnProperty (spring.data.jpa.repositories.bootstrap-mode=deferred) did not find property 'bootstrap-mode' (JpaRepositoriesAutoConfiguration.BootstrapExecutorCondition)

   JsonbAutoConfiguration:
      Did not match:
         - @ConditionalOnClass did not find required class 'jakarta.json.bind.Jsonb' (OnClassCondition)

   JsonbHttpMessageConvertersConfiguration:
      Did not match:
         - @ConditionalOnClass did not find required class 'jakarta.json.bind.Jsonb' (OnClassCondition)

   KafkaAutoConfiguration:
      Did not match:
         - @ConditionalOnClass did not find required class 'org.springframework.kafka.core.KafkaTemplate' (OnClassCondition)

   LdapAutoConfiguration:
      Did not match:
         - @ConditionalOnClass did not find required class 'org.springframework.ldap.core.ContextSource' (OnClassCondition)

   LdapRepositoriesAutoConfiguration:
      Did not match:
         - @ConditionalOnClass did not find required class 'org.springframework.data.ldap.repository.LdapRepository' (OnClassCondition)

   LiquibaseAutoConfiguration:
      Did not match:
         - @ConditionalOnClass did not find required class 'liquibase.change.DatabaseChange' (OnClassCondition)

   MailSenderAutoConfiguration:
      Did not match:
         - @ConditionalOnClass did not find required class 'jakarta.mail.internet.MimeMessage' (OnClassCondition)

   MailSenderValidatorAutoConfiguration:
      Did not match:
         - @ConditionalOnSingleCandidate did not find required type 'org.springframework.mail.javamail.JavaMailSenderImpl' (OnBeanCondition)

   MessageSourceAutoConfiguration:
      Did not match:
         - ResourceBundle did not find bundle with basename messages (MessageSourceAutoConfiguration.ResourceBundleCondition)

   MongoAutoConfiguration:
      Did not match:
         - @ConditionalOnClass did not find required class 'com.mongodb.client.MongoClient' (OnClassCondition)

   MongoDataAutoConfiguration:
      Did not match:
         - @ConditionalOnClass did not find required class 'com.mongodb.client.MongoClient' (OnClassCondition)

   MongoReactiveAutoConfiguration:
      Did not match:
         - @ConditionalOnClass did not find required class 'com.mongodb.reactivestreams.client.MongoClient' (OnClassCondition)

   MongoReactiveDataAutoConfiguration:
      Did not match:
         - @ConditionalOnClass did not find required class 'com.mongodb.reactivestreams.client.MongoClient' (OnClassCondition)

   MongoReactiveRepositoriesAutoConfiguration:
      Did not match:
         - @ConditionalOnClass did not find required class 'com.mongodb.reactivestreams.client.MongoClient' (OnClassCondition)

   MongoRepositoriesAutoConfiguration:
      Did not match:
         - @ConditionalOnClass did not find required class 'com.mongodb.client.MongoClient' (OnClassCondition)

   MustacheAutoConfiguration:
      Did not match:
         - @ConditionalOnClass did not find required class 'com.samskivert.mustache.Mustache' (OnClassCondition)

   Neo4jAutoConfiguration:
      Did not match:
         - @ConditionalOnClass did not find required class 'org.neo4j.driver.Driver' (OnClassCondition)

   Neo4jDataAutoConfiguration:
      Did not match:
         - @ConditionalOnClass did not find required class 'org.neo4j.driver.Driver' (OnClassCondition)

   Neo4jReactiveDataAutoConfiguration:
      Did not match:
         - @ConditionalOnClass did not find required class 'org.neo4j.driver.Driver' (OnClassCondition)

   Neo4jReactiveRepositoriesAutoConfiguration:
      Did not match:
         - @ConditionalOnClass did not find required class 'org.neo4j.driver.Driver' (OnClassCondition)

   Neo4jRepositoriesAutoConfiguration:
      Did not match:
         - @ConditionalOnClass did not find required class 'org.neo4j.driver.Driver' (OnClassCondition)

   NettyAutoConfiguration:
      Did not match:
         - @ConditionalOnClass did not find required class 'io.netty.util.NettyRuntime' (OnClassCondition)

   OAuth2AuthorizationServerAutoConfiguration:
      Did not match:
         - @ConditionalOnClass did not find required class 'org.springframework.security.oauth2.server.authorization.OAuth2Authorization' (OnClassCondition)

   OAuth2AuthorizationServerJwtAutoConfiguration:
      Did not match:
         - @ConditionalOnClass did not find required class 'org.springframework.security.oauth2.server.authorization.OAuth2Authorization' (OnClassCondition)

   OAuth2ClientAutoConfiguration:
      Did not match:
         - @ConditionalOnClass did not find required class 'org.springframework.security.oauth2.client.registration.ClientRegistration' (OnClassCondition)

   OAuth2ResourceServerAutoConfiguration:
      Did not match:
         - @ConditionalOnClass did not find required class 'org.springframework.security.oauth2.server.resource.authentication.BearerTokenAuthenticationToken' (OnClassCondition)

   ProjectInfoAutoConfiguration#buildProperties:
      Did not match:
         - @ConditionalOnResource did not find resource '${spring.info.build.location:classpath:META-INF/build-info.properties}' (OnResourceCondition)

   ProjectInfoAutoConfiguration#gitProperties:
      Did not match:
         - GitResource did not find git info at classpath:git.properties (ProjectInfoAutoConfiguration.GitResourceAvailableCondition)

   PulsarAutoConfiguration:
      Did not match:
         - @ConditionalOnClass did not find required class 'org.apache.pulsar.client.api.PulsarClient' (OnClassCondition)

   PulsarReactiveAutoConfiguration:
      Did not match:
         - @ConditionalOnClass did not find required class 'org.apache.pulsar.client.api.PulsarClient' (OnClassCondition)

   QuartzAutoConfiguration:
      Did not match:
         - @ConditionalOnClass did not find required class 'org.quartz.Scheduler' (OnClassCondition)

   R2dbcAutoConfiguration:
      Did not match:
         - @ConditionalOnClass did not find required class 'io.r2dbc.spi.ConnectionFactory' (OnClassCondition)

   R2dbcDataAutoConfiguration:
      Did not match:
         - @ConditionalOnClass did not find required class 'org.springframework.data.r2dbc.core.R2dbcEntityTemplate' (OnClassCondition)

   R2dbcInitializationConfiguration:
      Did not match:
         - @ConditionalOnClass did not find required classes 'io.r2dbc.spi.ConnectionFactory', 'org.springframework.r2dbc.connection.init.DatabasePopulator' (OnClassCondition)

   R2dbcProxyAutoConfiguration:
      Did not match:
         - @ConditionalOnClass did not find required class 'io.r2dbc.proxy.ProxyConnectionFactory' (OnClassCondition)

   R2dbcRepositoriesAutoConfiguration:
      Did not match:
         - @ConditionalOnClass did not find required class 'io.r2dbc.spi.ConnectionFactory' (OnClassCondition)

   R2dbcTransactionManagerAutoConfiguration:
      Did not match:
         - @ConditionalOnClass did not find required class 'org.springframework.r2dbc.connection.R2dbcTransactionManager' (OnClassCondition)

   RSocketGraphQlClientAutoConfiguration:
      Did not match:
         - @ConditionalOnClass did not find required class 'graphql.GraphQL' (OnClassCondition)

   RSocketMessagingAutoConfiguration:
      Did not match:
         - @ConditionalOnClass did not find required class 'io.rsocket.RSocket' (OnClassCondition)

   RSocketRequesterAutoConfiguration:
      Did not match:
         - @ConditionalOnClass did not find required class 'io.rsocket.RSocket' (OnClassCondition)

   RSocketSecurityAutoConfiguration:
      Did not match:
         - @ConditionalOnClass did not find required class 'org.springframework.security.rsocket.core.SecuritySocketAcceptorInterceptor' (OnClassCondition)

   RSocketServerAutoConfiguration:
      Did not match:
         - @ConditionalOnClass did not find required class 'io.rsocket.core.RSocketServer' (OnClassCondition)

   RSocketStrategiesAutoConfiguration:
      Did not match:
         - @ConditionalOnClass did not find required class 'io.netty.buffer.PooledByteBufAllocator' (OnClassCondition)

   RabbitAutoConfiguration:
      Did not match:
         - @ConditionalOnClass did not find required class 'com.rabbitmq.client.Channel' (OnClassCondition)

   ReactiveElasticsearchClientAutoConfiguration:
      Did not match:
         - @ConditionalOnClass did not find required class 'co.elastic.clients.transport.ElasticsearchTransport' (OnClassCondition)

   ReactiveElasticsearchRepositoriesAutoConfiguration:
      Did not match:
         - @ConditionalOnClass did not find required class 'reactor.core.publisher.Mono' (OnClassCondition)

   ReactiveMultipartAutoConfiguration:
      Did not match:
         - @ConditionalOnClass did not find required class 'org.springframework.web.reactive.config.WebFluxConfigurer' (OnClassCondition)

   ReactiveOAuth2ClientAutoConfiguration:
      Did not match:
         - @ConditionalOnClass did not find required class 'reactor.core.publisher.Flux' (OnClassCondition)

   ReactiveOAuth2ResourceServerAutoConfiguration:
      Did not match:
         - @ConditionalOnWebApplication did not find reactive web application classes (OnWebApplicationCondition)

   ReactiveSecurityAutoConfiguration:
      Did not match:
         - @ConditionalOnClass did not find required class 'reactor.core.publisher.Flux' (OnClassCondition)

   ReactiveUserDetailsServiceAutoConfiguration:
      Did not match:
         - AnyNestedCondition 0 matched 2 did not; NestedCondition on ReactiveUserDetailsServiceAutoConfiguration.RSocketEnabledOrReactiveWebApplication.ReactiveWebApplicationCondition did not find reactive web application classes; NestedCondition on ReactiveUserDetailsServiceAutoConfiguration.RSocketEnabledOrReactiveWebApplication.RSocketSecurityEnabledCondition @ConditionalOnBean (types: org.springframework.messaging.rsocket.annotation.support.RSocketMessageHandler; SearchStrategy: all) did not find any beans of type org.springframework.messaging.rsocket.annotation.support.RSocketMessageHandler (ReactiveUserDetailsServiceAutoConfiguration.RSocketEnabledOrReactiveWebApplication)
      Matched:
         - @ConditionalOnClass found required class 'org.springframework.security.authentication.ReactiveAuthenticationManager' (OnClassCondition)
         - AnyNestedCondition 1 matched 2 did not; NestedCondition on ReactiveUserDetailsServiceAutoConfiguration.MissingAlternativeOrUserPropertiesConfigured.PasswordConfigured @ConditionalOnProperty (spring.security.user.password) did not find property 'password'; NestedCondition on ReactiveUserDetailsServiceAutoConfiguration.MissingAlternativeOrUserPropertiesConfigured.NameConfigured @ConditionalOnProperty (spring.security.user.name) did not find property 'name'; NestedCondition on ReactiveUserDetailsServiceAutoConfiguration.MissingAlternativeOrUserPropertiesConfigured.MissingAlternative @ConditionalOnMissingClass did not find unwanted classes 'org.springframework.security.oauth2.client.registration.ClientRegistrationRepository', 'org.springframework.security.oauth2.server.resource.introspection.ReactiveOpaqueTokenIntrospector' (ReactiveUserDetailsServiceAutoConfiguration.MissingAlternativeOrUserPropertiesConfigured)

   ReactiveWebServerFactoryAutoConfiguration:
      Did not match:
         - @ConditionalOnWebApplication did not find reactive web application classes (OnWebApplicationCondition)

   ReactorAutoConfiguration:
      Did not match:
         - @ConditionalOnClass did not find required class 'reactor.core.publisher.Hooks' (OnClassCondition)

   RedisAutoConfiguration:
      Did not match:
         - @ConditionalOnClass did not find required class 'org.springframework.data.redis.core.RedisOperations' (OnClassCondition)

   RedisCacheConfiguration:
      Did not match:
         - @ConditionalOnClass did not find required class 'org.springframework.data.redis.connection.RedisConnectionFactory' (OnClassCondition)

   RedisReactiveAutoConfiguration:
      Did not match:
         - @ConditionalOnClass did not find required class 'reactor.core.publisher.Flux' (OnClassCondition)

   RedisRepositoriesAutoConfiguration:
      Did not match:
         - @ConditionalOnClass did not find required class 'org.springframework.data.redis.repository.configuration.EnableRedisRepositories' (OnClassCondition)

   RepositoryRestMvcAutoConfiguration:
      Did not match:
         - @ConditionalOnClass did not find required class 'org.springframework.data.rest.webmvc.config.RepositoryRestMvcConfiguration' (OnClassCondition)

   Saml2RelyingPartyAutoConfiguration:
      Did not match:
         - @ConditionalOnClass did not find required class 'org.springframework.security.saml2.provider.service.registration.RelyingPartyRegistrationRepository' (OnClassCondition)

   SecurityDataConfiguration:
      Did not match:
         - @ConditionalOnClass did not find required class 'org.springframework.security.data.repository.query.SecurityEvaluationContextExtension' (OnClassCondition)

   SendGridAutoConfiguration:
      Did not match:
         - @ConditionalOnClass did not find required class 'com.sendgrid.SendGrid' (OnClassCondition)

   ServletWebServerFactoryAutoConfiguration.ForwardedHeaderFilterConfiguration:
      Did not match:
         - @ConditionalOnProperty (server.forward-headers-strategy=framework) did not find property 'server.forward-headers-strategy' (OnPropertyCondition)

   ServletWebServerFactoryConfiguration.EmbeddedJetty:
      Did not match:
         - @ConditionalOnClass did not find required classes 'org.eclipse.jetty.server.Server', 'org.eclipse.jetty.util.Loader', 'org.eclipse.jetty.ee10.webapp.WebAppContext' (OnClassCondition)

   ServletWebServerFactoryConfiguration.EmbeddedUndertow:
      Did not match:
         - @ConditionalOnClass did not find required classes 'io.undertow.Undertow', 'org.xnio.SslClientAuthMode' (OnClassCondition)

   SessionAutoConfiguration:
      Did not match:
         - @ConditionalOnClass did not find required class 'org.springframework.session.Session' (OnClassCondition)

   SpringApplicationAdminJmxAutoConfiguration:
      Did not match:
         - @ConditionalOnProperty (spring.application.admin.enabled=true) did not find property 'enabled' (OnPropertyCondition)

   SpringBootWebSecurityConfiguration.SecurityFilterChainConfiguration:
      Did not match:
         - AllNestedConditions 1 matched 1 did not; NestedCondition on DefaultWebSecurityCondition.Beans @ConditionalOnMissingBean (types: org.springframework.security.web.SecurityFilterChain; SearchStrategy: all) found beans of type 'org.springframework.security.web.SecurityFilterChain' securityFilterChain; NestedCondition on DefaultWebSecurityCondition.Classes @ConditionalOnClass found required classes 'org.springframework.security.web.SecurityFilterChain', 'org.springframework.security.config.annotation.web.builders.HttpSecurity' (DefaultWebSecurityCondition)

   TaskExecutorConfigurations.SimpleAsyncTaskExecutorBuilderConfiguration#simpleAsyncTaskExecutorBuilderVirtualThreads:
      Did not match:
         - @ConditionalOnMissingBean (types: org.springframework.boot.task.SimpleAsyncTaskExecutorBuilder; SearchStrategy: all) found beans of type 'org.springframework.boot.task.SimpleAsyncTaskExecutorBuilder' simpleAsyncTaskExecutorBuilder (OnBeanCondition)

   TaskExecutorConfigurations.TaskExecutorConfiguration#applicationTaskExecutorVirtualThreads:
      Did not match:
         - @ConditionalOnThreading did not find VIRTUAL (OnThreadingCondition)

   TaskSchedulingAutoConfiguration#scheduledBeanLazyInitializationExcludeFilter:
      Did not match:
         - @ConditionalOnBean (names: org.springframework.context.annotation.internalScheduledAnnotationProcessor; SearchStrategy: all) did not find any beans named org.springframework.context.annotation.internalScheduledAnnotationProcessor (OnBeanCondition)

   TaskSchedulingConfigurations.SimpleAsyncTaskSchedulerBuilderConfiguration#simpleAsyncTaskSchedulerBuilderVirtualThreads:
      Did not match:
         - @ConditionalOnMissingBean (types: org.springframework.boot.task.SimpleAsyncTaskSchedulerBuilder; SearchStrategy: all) found beans of type 'org.springframework.boot.task.SimpleAsyncTaskSchedulerBuilder' simpleAsyncTaskSchedulerBuilder (OnBeanCondition)

   TaskSchedulingConfigurations.TaskSchedulerConfiguration:
      Did not match:
         - @ConditionalOnBean (names: org.springframework.context.annotation.internalScheduledAnnotationProcessor; SearchStrategy: all) did not find any beans named org.springframework.context.annotation.internalScheduledAnnotationProcessor (OnBeanCondition)

   ThymeleafAutoConfiguration:
      Did not match:
         - @ConditionalOnClass did not find required class 'org.thymeleaf.spring6.SpringTemplateEngine' (OnClassCondition)

   TransactionAutoConfiguration#transactionalOperator:
      Did not match:
         - @ConditionalOnSingleCandidate (types: org.springframework.transaction.ReactiveTransactionManager; SearchStrategy: all) did not find any beans (OnBeanCondition)

   TransactionAutoConfiguration.AspectJTransactionManagementConfiguration:
      Did not match:
         - @ConditionalOnBean (types: org.springframework.transaction.aspectj.AbstractTransactionAspect; SearchStrategy: all) did not find any beans of type org.springframework.transaction.aspectj.AbstractTransactionAspect (OnBeanCondition)

   TransactionAutoConfiguration.EnableTransactionManagementConfiguration.JdkDynamicAutoProxyConfiguration:
      Did not match:
         - @ConditionalOnProperty (spring.aop.proxy-target-class=false) did not find property 'proxy-target-class' (OnPropertyCondition)

   UserDetailsServiceAutoConfiguration:
      Did not match:
         - @ConditionalOnMissingBean (types: org.springframework.security.authentication.AuthenticationManager,org.springframework.security.authentication.AuthenticationProvider,org.springframework.security.core.userdetails.UserDetailsService,org.springframework.security.authentication.AuthenticationManagerResolver,org.springframework.security.oauth2.jwt.JwtDecoder; SearchStrategy: all) found beans of type 'org.springframework.security.authentication.AuthenticationManager' authenticationManager and found beans of type 'org.springframework.security.core.userdetails.UserDetailsService' customUserDetailsService, userDetailsService (OnBeanCondition)
      Matched:
         - @ConditionalOnClass found required class 'org.springframework.security.authentication.AuthenticationManager' (OnClassCondition)
         - found 'session' scope (OnWebApplicationCondition)
         - AnyNestedCondition 1 matched 2 did not; NestedCondition on UserDetailsServiceAutoConfiguration.MissingAlternativeOrUserPropertiesConfigured.PasswordConfigured @ConditionalOnProperty (spring.security.user.password) did not find property 'password'; NestedCondition on UserDetailsServiceAutoConfiguration.MissingAlternativeOrUserPropertiesConfigured.NameConfigured @ConditionalOnProperty (spring.security.user.name) did not find property 'name'; NestedCondition on UserDetailsServiceAutoConfiguration.MissingAlternativeOrUserPropertiesConfigured.MissingAlternative @ConditionalOnMissingClass did not find unwanted classes 'org.springframework.security.oauth2.client.registration.ClientRegistrationRepository', 'org.springframework.security.oauth2.server.resource.introspection.OpaqueTokenIntrospector', 'org.springframework.security.saml2.provider.service.registration.RelyingPartyRegistrationRepository' (UserDetailsServiceAutoConfiguration.MissingAlternativeOrUserPropertiesConfigured)

   ValidationAutoConfiguration:
      Did not match:
         - @ConditionalOnClass did not find required class 'jakarta.validation.executable.ExecutableValidator' (OnClassCondition)

   WebClientAutoConfiguration:
      Did not match:
         - @ConditionalOnClass did not find required class 'org.springframework.web.reactive.function.client.WebClient' (OnClassCondition)

   WebFluxAutoConfiguration:
      Did not match:
         - @ConditionalOnClass did not find required class 'org.springframework.web.reactive.config.WebFluxConfigurer' (OnClassCondition)

   WebMvcAutoConfiguration#hiddenHttpMethodFilter:
      Did not match:
         - @ConditionalOnProperty (spring.mvc.hiddenmethod.filter.enabled) did not find property 'enabled' (OnPropertyCondition)

   WebMvcAutoConfiguration.ProblemDetailsErrorHandlingConfiguration:
      Did not match:
         - @ConditionalOnProperty (spring.mvc.problemdetails.enabled=true) did not find property 'enabled' (OnPropertyCondition)

   WebMvcAutoConfiguration.ResourceChainCustomizerConfiguration:
      Did not match:
         - @ConditionalOnEnabledResourceChain did not find class org.webjars.WebJarVersionLocator (OnEnabledResourceChainCondition)

   WebMvcAutoConfiguration.WebMvcAutoConfigurationAdapter#beanNameViewResolver:
      Did not match:
         - @ConditionalOnMissingBean (types: org.springframework.web.servlet.view.BeanNameViewResolver; SearchStrategy: all) found beans of type 'org.springframework.web.servlet.view.BeanNameViewResolver' beanNameViewResolver (OnBeanCondition)

   WebServiceTemplateAutoConfiguration:
      Did not match:
         - @ConditionalOnClass did not find required class 'org.springframework.oxm.Marshaller' (OnClassCondition)

   WebServicesAutoConfiguration:
      Did not match:
         - @ConditionalOnClass did not find required class 'org.springframework.ws.transport.http.MessageDispatcherServlet' (OnClassCondition)

   WebSessionIdResolverAutoConfiguration:
      Did not match:
         - @ConditionalOnClass did not find required class 'reactor.core.publisher.Mono' (OnClassCondition)

   WebSocketMessagingAutoConfiguration:
      Did not match:
         - @ConditionalOnClass did not find required class 'org.springframework.web.socket.config.annotation.WebSocketMessageBrokerConfigurer' (OnClassCondition)

   WebSocketReactiveAutoConfiguration:
      Did not match:
         - @ConditionalOnWebApplication did not find reactive web application classes (OnWebApplicationCondition)

   WebSocketServletAutoConfiguration.JettyWebSocketConfiguration:
      Did not match:
         - @ConditionalOnClass did not find required class 'org.eclipse.jetty.ee10.websocket.jakarta.server.config.JakartaWebSocketServletContainerInitializer' (OnClassCondition)

   WebSocketServletAutoConfiguration.UndertowWebSocketConfiguration:
      Did not match:
         - @ConditionalOnClass did not find required class 'io.undertow.websockets.jsr.Bootstrap' (OnClassCondition)

   XADataSourceAutoConfiguration:
      Did not match:
         - @ConditionalOnBean (types: org.springframework.boot.jdbc.XADataSourceWrapper; SearchStrategy: all) did not find any beans of type org.springframework.boot.jdbc.XADataSourceWrapper (OnBeanCondition)
      Matched:
         - @ConditionalOnClass found required classes 'javax.sql.DataSource', 'jakarta.transaction.TransactionManager', 'org.springframework.jdbc.datasource.embedded.EmbeddedDatabaseType' (OnClassCondition)


Exclusions:
-----------

    None


Unconditional classes:
----------------------

    org.springframework.boot.autoconfigure.context.ConfigurationPropertiesAutoConfiguration

    org.springframework.boot.autoconfigure.ssl.SslAutoConfiguration

    org.springframework.boot.autoconfigure.context.LifecycleAutoConfiguration

    org.springframework.boot.autoconfigure.context.PropertyPlaceholderAutoConfiguration

    org.springframework.boot.autoconfigure.availability.ApplicationAvailabilityAutoConfiguration

    org.springframework.boot.autoconfigure.info.ProjectInfoAutoConfiguration



2025-04-05T01:32:54.183+05:30  INFO 19296 --- [LoginSignup] [main] c.e.LoginSignup.LoginSignupApplication   : Started LoginSignupApplication in 7.432 seconds (process running for 9.108)
2025-04-05T01:32:54.185+05:30 DEBUG 19296 --- [LoginSignup] [main] o.s.b.a.ApplicationAvailabilityBean      : Application availability state LivenessState changed to CORRECT
2025-04-05T01:32:54.189+05:30 DEBUG 19296 --- [LoginSignup] [main] o.s.b.a.ApplicationAvailabilityBean      : Application availability state ReadinessState changed to ACCEPTING_TRAFFIC
2025-04-05T01:35:32.340+05:30  INFO 19296 --- [LoginSignup] [http-nio-8083-exec-1] o.a.c.c.C.[Tomcat].[localhost].[/]       : Initializing Spring DispatcherServlet 'dispatcherServlet'
2025-04-05T01:35:32.342+05:30  INFO 19296 --- [LoginSignup] [http-nio-8083-exec-1] o.s.web.servlet.DispatcherServlet        : Initializing Servlet 'dispatcherServlet'
2025-04-05T01:35:32.343+05:30 DEBUG 19296 --- [LoginSignup] [http-nio-8083-exec-1] o.s.web.servlet.DispatcherServlet        : Detected StandardServletMultipartResolver
2025-04-05T01:35:32.343+05:30 DEBUG 19296 --- [LoginSignup] [http-nio-8083-exec-1] o.s.web.servlet.DispatcherServlet        : Detected AcceptHeaderLocaleResolver
2025-04-05T01:35:32.343+05:30 DEBUG 19296 --- [LoginSignup] [http-nio-8083-exec-1] o.s.web.servlet.DispatcherServlet        : Detected FixedThemeResolver
2025-04-05T01:35:32.347+05:30 DEBUG 19296 --- [LoginSignup] [http-nio-8083-exec-1] o.s.web.servlet.DispatcherServlet        : Detected org.springframework.web.servlet.view.DefaultRequestToViewNameTranslator@79e28671
2025-04-05T01:35:32.348+05:30 DEBUG 19296 --- [LoginSignup] [http-nio-8083-exec-1] o.s.web.servlet.DispatcherServlet        : Detected org.springframework.web.servlet.support.SessionFlashMapManager@71f042b1
2025-04-05T01:35:32.349+05:30 DEBUG 19296 --- [LoginSignup] [http-nio-8083-exec-1] o.s.web.servlet.DispatcherServlet        : enableLoggingRequestDetails='false': request parameters and headers will be masked to prevent unsafe logging of potentially sensitive data
2025-04-05T01:35:32.349+05:30  INFO 19296 --- [LoginSignup] [http-nio-8083-exec-1] o.s.web.servlet.DispatcherServlet        : Completed initialization in 7 ms
2025-04-05T01:35:32.395+05:30 DEBUG 19296 --- [LoginSignup] [http-nio-8083-exec-1] o.s.security.web.FilterChainProxy        : Securing POST /auth/signup
2025-04-05T01:35:32.413+05:30 DEBUG 19296 --- [LoginSignup] [http-nio-8083-exec-1] o.s.security.web.FilterChainProxy        : Secured POST /auth/signup
2025-04-05T01:35:32.416+05:30 DEBUG 19296 --- [LoginSignup] [http-nio-8083-exec-1] o.s.web.servlet.DispatcherServlet        : POST "/auth/signup", parameters={}
2025-04-05T01:35:32.421+05:30 DEBUG 19296 --- [LoginSignup] [http-nio-8083-exec-1] s.w.s.m.m.a.RequestMappingHandlerMapping : Mapped to com.example.LoginSignup.controller.UserController#signup(UserDTO)
2025-04-05T01:35:32.425+05:30 DEBUG 19296 --- [LoginSignup] [http-nio-8083-exec-1] o.j.s.OpenEntityManagerInViewInterceptor : Opening JPA EntityManager in OpenEntityManagerInViewInterceptor
2025-04-05T01:35:32.601+05:30 DEBUG 19296 --- [LoginSignup] [http-nio-8083-exec-1] m.m.a.RequestResponseBodyMethodProcessor : Read "application/json;charset=UTF-8" to [com.example.LoginSignup.dto.UserDTO@66b328b3]
2025-04-05T01:35:32.921+05:30 DEBUG 19296 --- [LoginSignup] [http-nio-8083-exec-1] org.hibernate.SQL                        : select um1_0.id,um1_0.email,um1_0.password,um1_0.role,um1_0.user_name from user_information um1_0 where um1_0.email=?
2025-04-05T01:35:33.240+05:30 DEBUG 19296 --- [LoginSignup] [http-nio-8083-exec-1] o.s.orm.jpa.JpaTransactionManager        : Found thread-bound EntityManager [SessionImpl(139552323<open>)] for JPA transaction
2025-04-05T01:35:33.241+05:30 DEBUG 19296 --- [LoginSignup] [http-nio-8083-exec-1] o.s.orm.jpa.JpaTransactionManager        : Creating new transaction with name [org.springframework.data.jpa.repository.support.SimpleJpaRepository.save]: PROPAGATION_REQUIRED,ISOLATION_DEFAULT
2025-04-05T01:35:33.248+05:30 DEBUG 19296 --- [LoginSignup] [http-nio-8083-exec-1] o.s.orm.jpa.JpaTransactionManager        : Exposing JPA transaction as JDBC [org.springframework.orm.jpa.vendor.HibernateJpaDialect$HibernateConnectionHandle@7f329fe8]
2025-04-05T01:35:33.302+05:30 DEBUG 19296 --- [LoginSignup] [http-nio-8083-exec-1] org.hibernate.SQL                        : insert into user_information (email,password,role,user_name) values (?,?,?,?)
2025-04-05T01:35:33.370+05:30 DEBUG 19296 --- [LoginSignup] [http-nio-8083-exec-1] o.s.orm.jpa.JpaTransactionManager        : Initiating transaction commit
2025-04-05T01:35:33.372+05:30 DEBUG 19296 --- [LoginSignup] [http-nio-8083-exec-1] o.s.orm.jpa.JpaTransactionManager        : Committing JPA transaction on EntityManager [SessionImpl(139552323<open>)]
2025-04-05T01:35:33.426+05:30 DEBUG 19296 --- [LoginSignup] [http-nio-8083-exec-1] o.s.orm.jpa.JpaTransactionManager        : Not closing pre-bound JPA EntityManager after transaction
2025-04-05T01:35:33.463+05:30 DEBUG 19296 --- [LoginSignup] [http-nio-8083-exec-1] o.s.w.s.m.m.a.HttpEntityMethodProcessor  : Using 'text/plain', given [*/*] and supported [text/plain, */*, application/json, application/*+json]
2025-04-05T01:35:33.465+05:30 DEBUG 19296 --- [LoginSignup] [http-nio-8083-exec-1] o.s.w.s.m.m.a.HttpEntityMethodProcessor  : Writing ["Signup Successful: Welcome deepak_user!"]
2025-04-05T01:35:33.481+05:30 DEBUG 19296 --- [LoginSignup] [http-nio-8083-exec-1] o.j.s.OpenEntityManagerInViewInterceptor : Closing JPA EntityManager in OpenEntityManagerInViewInterceptor
2025-04-05T01:35:33.484+05:30 DEBUG 19296 --- [LoginSignup] [http-nio-8083-exec-1] o.s.web.servlet.DispatcherServlet        : Completed 200 OK
2025-04-05T01:35:33.486+05:30 DEBUG 19296 --- [LoginSignup] [http-nio-8083-exec-1] o.s.s.w.a.AnonymousAuthenticationFilter  : Set SecurityContextHolder to anonymous SecurityContext
2025-04-05T01:35:45.404+05:30 DEBUG 19296 --- [LoginSignup] [http-nio-8083-exec-2] o.s.security.web.FilterChainProxy        : Securing POST /auth/signup
2025-04-05T01:35:45.405+05:30 DEBUG 19296 --- [LoginSignup] [http-nio-8083-exec-2] o.s.security.web.FilterChainProxy        : Secured POST /auth/signup
2025-04-05T01:35:45.405+05:30 DEBUG 19296 --- [LoginSignup] [http-nio-8083-exec-2] o.s.web.servlet.DispatcherServlet        : POST "/auth/signup", parameters={}
2025-04-05T01:35:45.406+05:30 DEBUG 19296 --- [LoginSignup] [http-nio-8083-exec-2] s.w.s.m.m.a.RequestMappingHandlerMapping : Mapped to com.example.LoginSignup.controller.UserController#signup(UserDTO)
2025-04-05T01:35:45.406+05:30 DEBUG 19296 --- [LoginSignup] [http-nio-8083-exec-2] o.j.s.OpenEntityManagerInViewInterceptor : Opening JPA EntityManager in OpenEntityManagerInViewInterceptor
2025-04-05T01:35:45.409+05:30 DEBUG 19296 --- [LoginSignup] [http-nio-8083-exec-2] m.m.a.RequestResponseBodyMethodProcessor : Read "application/json;charset=UTF-8" to [com.example.LoginSignup.dto.UserDTO@a48d508]
2025-04-05T01:35:45.412+05:30 DEBUG 19296 --- [LoginSignup] [http-nio-8083-exec-2] org.hibernate.SQL                        : select um1_0.id,um1_0.email,um1_0.password,um1_0.role,um1_0.user_name from user_information um1_0 where um1_0.email=?
2025-04-05T01:35:45.594+05:30 DEBUG 19296 --- [LoginSignup] [http-nio-8083-exec-2] o.s.orm.jpa.JpaTransactionManager        : Found thread-bound EntityManager [SessionImpl(1586620818<open>)] for JPA transaction
2025-04-05T01:35:45.594+05:30 DEBUG 19296 --- [LoginSignup] [http-nio-8083-exec-2] o.s.orm.jpa.JpaTransactionManager        : Creating new transaction with name [org.springframework.data.jpa.repository.support.SimpleJpaRepository.save]: PROPAGATION_REQUIRED,ISOLATION_DEFAULT
2025-04-05T01:35:45.595+05:30 DEBUG 19296 --- [LoginSignup] [http-nio-8083-exec-2] o.s.orm.jpa.JpaTransactionManager        : Exposing JPA transaction as JDBC [org.springframework.orm.jpa.vendor.HibernateJpaDialect$HibernateConnectionHandle@43357379]
2025-04-05T01:35:45.596+05:30 DEBUG 19296 --- [LoginSignup] [http-nio-8083-exec-2] org.hibernate.SQL                        : insert into user_information (email,password,role,user_name) values (?,?,?,?)
2025-04-05T01:35:45.602+05:30 DEBUG 19296 --- [LoginSignup] [http-nio-8083-exec-2] o.s.orm.jpa.JpaTransactionManager        : Initiating transaction commit
2025-04-05T01:35:45.602+05:30 DEBUG 19296 --- [LoginSignup] [http-nio-8083-exec-2] o.s.orm.jpa.JpaTransactionManager        : Committing JPA transaction on EntityManager [SessionImpl(1586620818<open>)]
2025-04-05T01:35:45.608+05:30 DEBUG 19296 --- [LoginSignup] [http-nio-8083-exec-2] o.s.orm.jpa.JpaTransactionManager        : Not closing pre-bound JPA EntityManager after transaction
2025-04-05T01:35:45.610+05:30 DEBUG 19296 --- [LoginSignup] [http-nio-8083-exec-2] o.s.w.s.m.m.a.HttpEntityMethodProcessor  : Using 'text/plain', given [*/*] and supported [text/plain, */*, application/json, application/*+json]
2025-04-05T01:35:45.611+05:30 DEBUG 19296 --- [LoginSignup] [http-nio-8083-exec-2] o.s.w.s.m.m.a.HttpEntityMethodProcessor  : Writing ["Signup Successful: Welcome deepak_admin!"]
2025-04-05T01:35:45.613+05:30 DEBUG 19296 --- [LoginSignup] [http-nio-8083-exec-2] o.j.s.OpenEntityManagerInViewInterceptor : Closing JPA EntityManager in OpenEntityManagerInViewInterceptor
2025-04-05T01:35:45.614+05:30 DEBUG 19296 --- [LoginSignup] [http-nio-8083-exec-2] o.s.web.servlet.DispatcherServlet        : Completed 200 OK
2025-04-05T01:35:45.614+05:30 DEBUG 19296 --- [LoginSignup] [http-nio-8083-exec-2] o.s.s.w.a.AnonymousAuthenticationFilter  : Set SecurityContextHolder to anonymous SecurityContext
2025-04-05T01:36:02.931+05:30 DEBUG 19296 --- [LoginSignup] [http-nio-8083-exec-3] o.s.security.web.FilterChainProxy        : Securing POST /auth/login
2025-04-05T01:36:02.932+05:30 DEBUG 19296 --- [LoginSignup] [http-nio-8083-exec-3] o.s.security.web.FilterChainProxy        : Secured POST /auth/login
2025-04-05T01:36:02.932+05:30 DEBUG 19296 --- [LoginSignup] [http-nio-8083-exec-3] o.s.web.servlet.DispatcherServlet        : POST "/auth/login", parameters={}
2025-04-05T01:36:02.932+05:30 DEBUG 19296 --- [LoginSignup] [http-nio-8083-exec-3] s.w.s.m.m.a.RequestMappingHandlerMapping : Mapped to com.example.LoginSignup.controller.UserController#login(UserDTO)
2025-04-05T01:36:02.932+05:30 DEBUG 19296 --- [LoginSignup] [http-nio-8083-exec-3] o.j.s.OpenEntityManagerInViewInterceptor : Opening JPA EntityManager in OpenEntityManagerInViewInterceptor
2025-04-05T01:36:02.935+05:30 DEBUG 19296 --- [LoginSignup] [http-nio-8083-exec-3] m.m.a.RequestResponseBodyMethodProcessor : Read "application/json;charset=UTF-8" to [com.example.LoginSignup.dto.UserDTO@19c01077]
2025-04-05T01:36:02.937+05:30 DEBUG 19296 --- [LoginSignup] [http-nio-8083-exec-3] org.hibernate.SQL                        : select um1_0.id,um1_0.email,um1_0.password,um1_0.role,um1_0.user_name from user_information um1_0 where um1_0.email=?
2025-04-05T01:36:03.128+05:30 DEBUG 19296 --- [LoginSignup] [http-nio-8083-exec-3] o.j.s.OpenEntityManagerInViewInterceptor : Closing JPA EntityManager in OpenEntityManagerInViewInterceptor
2025-04-05T01:36:03.129+05:30 DEBUG 19296 --- [LoginSignup] [http-nio-8083-exec-3] o.s.web.servlet.DispatcherServlet        : Failed to complete request: io.jsonwebtoken.security.WeakKeyException: The signing key's size is 16 bits which is not secure enough for the HS256 algorithm.  The JWT JWA Specification (RFC 7518, Section 3.2) states that keys used with HS256 MUST have a size >= 256 bits (the key size must be greater than or equal to the hash output size).  Consider using the io.jsonwebtoken.security.Keys class's 'secretKeyFor(SignatureAlgorithm.HS256)' method to create a key guaranteed to be secure enough for HS256.  See https://tools.ietf.org/html/rfc7518#section-3.2 for more information.
2025-04-05T01:36:03.130+05:30 DEBUG 19296 --- [LoginSignup] [http-nio-8083-exec-3] o.s.s.w.a.AnonymousAuthenticationFilter  : Set SecurityContextHolder to anonymous SecurityContext
2025-04-05T01:36:03.132+05:30 ERROR 19296 --- [LoginSignup] [http-nio-8083-exec-3] o.a.c.c.C.[.[.[/].[dispatcherServlet]    : Servlet.service() for servlet [dispatcherServlet] in context with path [] threw exception [Request processing failed: io.jsonwebtoken.security.WeakKeyException: The signing key's size is 16 bits which is not secure enough for the HS256 algorithm.  The JWT JWA Specification (RFC 7518, Section 3.2) states that keys used with HS256 MUST have a size >= 256 bits (the key size must be greater than or equal to the hash output size).  Consider using the io.jsonwebtoken.security.Keys class's 'secretKeyFor(SignatureAlgorithm.HS256)' method to create a key guaranteed to be secure enough for HS256.  See https://tools.ietf.org/html/rfc7518#section-3.2 for more information.] with root cause

io.jsonwebtoken.security.WeakKeyException: The signing key's size is 16 bits which is not secure enough for the HS256 algorithm.  The JWT JWA Specification (RFC 7518, Section 3.2) states that keys used with HS256 MUST have a size >= 256 bits (the key size must be greater than or equal to the hash output size).  Consider using the io.jsonwebtoken.security.Keys class's 'secretKeyFor(SignatureAlgorithm.HS256)' method to create a key guaranteed to be secure enough for HS256.  See https://tools.ietf.org/html/rfc7518#section-3.2 for more information.
	at io.jsonwebtoken.SignatureAlgorithm.assertValid(SignatureAlgorithm.java:387) ~[jjwt-api-0.11.5.jar:0.11.5]
	at io.jsonwebtoken.SignatureAlgorithm.assertValidSigningKey(SignatureAlgorithm.java:315) ~[jjwt-api-0.11.5.jar:0.11.5]
	at io.jsonwebtoken.impl.DefaultJwtBuilder.signWith(DefaultJwtBuilder.java:112) ~[jjwt-impl-0.11.5.jar:0.11.5]
	at io.jsonwebtoken.impl.DefaultJwtBuilder.signWith(DefaultJwtBuilder.java:125) ~[jjwt-impl-0.11.5.jar:0.11.5]
	at io.jsonwebtoken.impl.DefaultJwtBuilder.signWith(DefaultJwtBuilder.java:133) ~[jjwt-impl-0.11.5.jar:0.11.5]
	at com.example.LoginSignup.component.JwtUtil.generateToken(JwtUtil.java:27) ~[classes/:na]
	at com.example.LoginSignup.service.UserService.login(UserService.java:61) ~[classes/:na]
	at com.example.LoginSignup.controller.UserController.login(UserController.java:22) ~[classes/:na]
	at java.base/jdk.internal.reflect.DirectMethodHandleAccessor.invoke(DirectMethodHandleAccessor.java:103) ~[na:na]
	at java.base/java.lang.reflect.Method.invoke(Method.java:580) ~[na:na]
	at org.springframework.web.method.support.InvocableHandlerMethod.doInvoke(InvocableHandlerMethod.java:258) ~[spring-web-6.2.5.jar:6.2.5]
	at org.springframework.web.method.support.InvocableHandlerMethod.invokeForRequest(InvocableHandlerMethod.java:191) ~[spring-web-6.2.5.jar:6.2.5]
	at org.springframework.web.servlet.mvc.method.annotation.ServletInvocableHandlerMethod.invokeAndHandle(ServletInvocableHandlerMethod.java:118) ~[spring-webmvc-6.2.5.jar:6.2.5]
	at org.springframework.web.servlet.mvc.method.annotation.RequestMappingHandlerAdapter.invokeHandlerMethod(RequestMappingHandlerAdapter.java:986) ~[spring-webmvc-6.2.5.jar:6.2.5]
	at org.springframework.web.servlet.mvc.method.annotation.RequestMappingHandlerAdapter.handleInternal(RequestMappingHandlerAdapter.java:891) ~[spring-webmvc-6.2.5.jar:6.2.5]
	at org.springframework.web.servlet.mvc.method.AbstractHandlerMethodAdapter.handle(AbstractHandlerMethodAdapter.java:87) ~[spring-webmvc-6.2.5.jar:6.2.5]
	at org.springframework.web.servlet.DispatcherServlet.doDispatch(DispatcherServlet.java:1089) ~[spring-webmvc-6.2.5.jar:6.2.5]
	at org.springframework.web.servlet.DispatcherServlet.doService(DispatcherServlet.java:979) ~[spring-webmvc-6.2.5.jar:6.2.5]
	at org.springframework.web.servlet.FrameworkServlet.processRequest(FrameworkServlet.java:1014) ~[spring-webmvc-6.2.5.jar:6.2.5]
	at org.springframework.web.servlet.FrameworkServlet.doPost(FrameworkServlet.java:914) ~[spring-webmvc-6.2.5.jar:6.2.5]
	at jakarta.servlet.http.HttpServlet.service(HttpServlet.java:590) ~[tomcat-embed-core-10.1.39.jar:6.0]
	at org.springframework.web.servlet.FrameworkServlet.service(FrameworkServlet.java:885) ~[spring-webmvc-6.2.5.jar:6.2.5]
	at jakarta.servlet.http.HttpServlet.service(HttpServlet.java:658) ~[tomcat-embed-core-10.1.39.jar:6.0]
	at org.apache.catalina.core.ApplicationFilterChain.internalDoFilter(ApplicationFilterChain.java:195) ~[tomcat-embed-core-10.1.39.jar:10.1.39]
	at org.apache.catalina.core.ApplicationFilterChain.doFilter(ApplicationFilterChain.java:140) ~[tomcat-embed-core-10.1.39.jar:10.1.39]
	at org.apache.tomcat.websocket.server.WsFilter.doFilter(WsFilter.java:51) ~[tomcat-embed-websocket-10.1.39.jar:10.1.39]
	at org.apache.catalina.core.ApplicationFilterChain.internalDoFilter(ApplicationFilterChain.java:164) ~[tomcat-embed-core-10.1.39.jar:10.1.39]
	at org.apache.catalina.core.ApplicationFilterChain.doFilter(ApplicationFilterChain.java:140) ~[tomcat-embed-core-10.1.39.jar:10.1.39]
	at org.springframework.web.filter.CompositeFilter$VirtualFilterChain.doFilter(CompositeFilter.java:108) ~[spring-web-6.2.5.jar:6.2.5]
	at org.springframework.security.web.FilterChainProxy.lambda$doFilterInternal$3(FilterChainProxy.java:231) ~[spring-security-web-6.4.4.jar:6.4.4]
	at org.springframework.security.web.FilterChainProxy$VirtualFilterChain.doFilter(FilterChainProxy.java:365) ~[spring-security-web-6.4.4.jar:6.4.4]
	at org.springframework.security.web.access.intercept.AuthorizationFilter.doFilter(AuthorizationFilter.java:101) ~[spring-security-web-6.4.4.jar:6.4.4]
	at org.springframework.security.web.FilterChainProxy$VirtualFilterChain.doFilter(FilterChainProxy.java:374) ~[spring-security-web-6.4.4.jar:6.4.4]
	at org.springframework.security.web.access.ExceptionTranslationFilter.doFilter(ExceptionTranslationFilter.java:126) ~[spring-security-web-6.4.4.jar:6.4.4]
	at org.springframework.security.web.access.ExceptionTranslationFilter.doFilter(ExceptionTranslationFilter.java:120) ~[spring-security-web-6.4.4.jar:6.4.4]
	at org.springframework.security.web.FilterChainProxy$VirtualFilterChain.doFilter(FilterChainProxy.java:374) ~[spring-security-web-6.4.4.jar:6.4.4]
	at org.springframework.security.web.authentication.AnonymousAuthenticationFilter.doFilter(AnonymousAuthenticationFilter.java:100) ~[spring-security-web-6.4.4.jar:6.4.4]
	at org.springframework.security.web.FilterChainProxy$VirtualFilterChain.doFilter(FilterChainProxy.java:374) ~[spring-security-web-6.4.4.jar:6.4.4]
	at org.springframework.security.web.servletapi.SecurityContextHolderAwareRequestFilter.doFilter(SecurityContextHolderAwareRequestFilter.java:179) ~[spring-security-web-6.4.4.jar:6.4.4]
	at org.springframework.security.web.FilterChainProxy$VirtualFilterChain.doFilter(FilterChainProxy.java:374) ~[spring-security-web-6.4.4.jar:6.4.4]
	at org.springframework.security.web.savedrequest.RequestCacheAwareFilter.doFilter(RequestCacheAwareFilter.java:63) ~[spring-security-web-6.4.4.jar:6.4.4]
	at org.springframework.security.web.FilterChainProxy$VirtualFilterChain.doFilter(FilterChainProxy.java:374) ~[spring-security-web-6.4.4.jar:6.4.4]
	at org.springframework.security.web.authentication.logout.LogoutFilter.doFilter(LogoutFilter.java:107) ~[spring-security-web-6.4.4.jar:6.4.4]
	at org.springframework.security.web.authentication.logout.LogoutFilter.doFilter(LogoutFilter.java:93) ~[spring-security-web-6.4.4.jar:6.4.4]
	at org.springframework.security.web.FilterChainProxy$VirtualFilterChain.doFilter(FilterChainProxy.java:374) ~[spring-security-web-6.4.4.jar:6.4.4]
	at org.springframework.security.web.header.HeaderWriterFilter.doHeadersAfter(HeaderWriterFilter.java:90) ~[spring-security-web-6.4.4.jar:6.4.4]
	at org.springframework.security.web.header.HeaderWriterFilter.doFilterInternal(HeaderWriterFilter.java:75) ~[spring-security-web-6.4.4.jar:6.4.4]
	at org.springframework.web.filter.OncePerRequestFilter.doFilter(OncePerRequestFilter.java:116) ~[spring-web-6.2.5.jar:6.2.5]
	at org.springframework.security.web.FilterChainProxy$VirtualFilterChain.doFilter(FilterChainProxy.java:374) ~[spring-security-web-6.4.4.jar:6.4.4]
	at org.springframework.security.web.context.SecurityContextHolderFilter.doFilter(SecurityContextHolderFilter.java:82) ~[spring-security-web-6.4.4.jar:6.4.4]
	at org.springframework.security.web.context.SecurityContextHolderFilter.doFilter(SecurityContextHolderFilter.java:69) ~[spring-security-web-6.4.4.jar:6.4.4]
	at org.springframework.security.web.FilterChainProxy$VirtualFilterChain.doFilter(FilterChainProxy.java:374) ~[spring-security-web-6.4.4.jar:6.4.4]
	at org.springframework.security.web.context.request.async.WebAsyncManagerIntegrationFilter.doFilterInternal(WebAsyncManagerIntegrationFilter.java:62) ~[spring-security-web-6.4.4.jar:6.4.4]
	at org.springframework.web.filter.OncePerRequestFilter.doFilter(OncePerRequestFilter.java:116) ~[spring-web-6.2.5.jar:6.2.5]
	at org.springframework.security.web.FilterChainProxy$VirtualFilterChain.doFilter(FilterChainProxy.java:374) ~[spring-security-web-6.4.4.jar:6.4.4]
	at org.springframework.security.web.session.DisableEncodeUrlFilter.doFilterInternal(DisableEncodeUrlFilter.java:42) ~[spring-security-web-6.4.4.jar:6.4.4]
	at org.springframework.web.filter.OncePerRequestFilter.doFilter(OncePerRequestFilter.java:116) ~[spring-web-6.2.5.jar:6.2.5]
	at org.springframework.security.web.FilterChainProxy$VirtualFilterChain.doFilter(FilterChainProxy.java:374) ~[spring-security-web-6.4.4.jar:6.4.4]
	at org.springframework.security.web.FilterChainProxy.doFilterInternal(FilterChainProxy.java:233) ~[spring-security-web-6.4.4.jar:6.4.4]
	at org.springframework.security.web.FilterChainProxy.doFilter(FilterChainProxy.java:191) ~[spring-security-web-6.4.4.jar:6.4.4]
	at org.springframework.web.filter.CompositeFilter$VirtualFilterChain.doFilter(CompositeFilter.java:113) ~[spring-web-6.2.5.jar:6.2.5]
	at org.springframework.web.servlet.handler.HandlerMappingIntrospector.lambda$createCacheFilter$3(HandlerMappingIntrospector.java:243) ~[spring-webmvc-6.2.5.jar:6.2.5]
	at org.springframework.web.filter.CompositeFilter$VirtualFilterChain.doFilter(CompositeFilter.java:113) ~[spring-web-6.2.5.jar:6.2.5]
	at org.springframework.web.filter.CompositeFilter.doFilter(CompositeFilter.java:74) ~[spring-web-6.2.5.jar:6.2.5]
	at org.springframework.security.config.annotation.web.configuration.WebMvcSecurityConfiguration$CompositeFilterChainProxy.doFilter(WebMvcSecurityConfiguration.java:238) ~[spring-security-config-6.4.4.jar:6.4.4]
	at org.springframework.web.filter.DelegatingFilterProxy.invokeDelegate(DelegatingFilterProxy.java:362) ~[spring-web-6.2.5.jar:6.2.5]
	at org.springframework.web.filter.DelegatingFilterProxy.doFilter(DelegatingFilterProxy.java:278) ~[spring-web-6.2.5.jar:6.2.5]
	at org.apache.catalina.core.ApplicationFilterChain.internalDoFilter(ApplicationFilterChain.java:164) ~[tomcat-embed-core-10.1.39.jar:10.1.39]
	at org.apache.catalina.core.ApplicationFilterChain.doFilter(ApplicationFilterChain.java:140) ~[tomcat-embed-core-10.1.39.jar:10.1.39]
	at org.springframework.web.filter.RequestContextFilter.doFilterInternal(RequestContextFilter.java:100) ~[spring-web-6.2.5.jar:6.2.5]
	at org.springframework.web.filter.OncePerRequestFilter.doFilter(OncePerRequestFilter.java:116) ~[spring-web-6.2.5.jar:6.2.5]
	at org.apache.catalina.core.ApplicationFilterChain.internalDoFilter(ApplicationFilterChain.java:164) ~[tomcat-embed-core-10.1.39.jar:10.1.39]
	at org.apache.catalina.core.ApplicationFilterChain.doFilter(ApplicationFilterChain.java:140) ~[tomcat-embed-core-10.1.39.jar:10.1.39]
	at org.springframework.web.filter.FormContentFilter.doFilterInternal(FormContentFilter.java:93) ~[spring-web-6.2.5.jar:6.2.5]
	at org.springframework.web.filter.OncePerRequestFilter.doFilter(OncePerRequestFilter.java:116) ~[spring-web-6.2.5.jar:6.2.5]
	at org.apache.catalina.core.ApplicationFilterChain.internalDoFilter(ApplicationFilterChain.java:164) ~[tomcat-embed-core-10.1.39.jar:10.1.39]
	at org.apache.catalina.core.ApplicationFilterChain.doFilter(ApplicationFilterChain.java:140) ~[tomcat-embed-core-10.1.39.jar:10.1.39]
	at org.springframework.web.filter.CharacterEncodingFilter.doFilterInternal(CharacterEncodingFilter.java:201) ~[spring-web-6.2.5.jar:6.2.5]
	at org.springframework.web.filter.OncePerRequestFilter.doFilter(OncePerRequestFilter.java:116) ~[spring-web-6.2.5.jar:6.2.5]
	at org.apache.catalina.core.ApplicationFilterChain.internalDoFilter(ApplicationFilterChain.java:164) ~[tomcat-embed-core-10.1.39.jar:10.1.39]
	at org.apache.catalina.core.ApplicationFilterChain.doFilter(ApplicationFilterChain.java:140) ~[tomcat-embed-core-10.1.39.jar:10.1.39]
	at org.apache.catalina.core.StandardWrapperValve.invoke(StandardWrapperValve.java:167) ~[tomcat-embed-core-10.1.39.jar:10.1.39]
	at org.apache.catalina.core.StandardContextValve.invoke(StandardContextValve.java:90) ~[tomcat-embed-core-10.1.39.jar:10.1.39]
	at org.apache.catalina.authenticator.AuthenticatorBase.invoke(AuthenticatorBase.java:483) ~[tomcat-embed-core-10.1.39.jar:10.1.39]
	at org.apache.catalina.core.StandardHostValve.invoke(StandardHostValve.java:115) ~[tomcat-embed-core-10.1.39.jar:10.1.39]
	at org.apache.catalina.valves.ErrorReportValve.invoke(ErrorReportValve.java:93) ~[tomcat-embed-core-10.1.39.jar:10.1.39]
	at org.apache.catalina.core.StandardEngineValve.invoke(StandardEngineValve.java:74) ~[tomcat-embed-core-10.1.39.jar:10.1.39]
	at org.apache.catalina.connector.CoyoteAdapter.service(CoyoteAdapter.java:344) ~[tomcat-embed-core-10.1.39.jar:10.1.39]
	at org.apache.coyote.http11.Http11Processor.service(Http11Processor.java:397) ~[tomcat-embed-core-10.1.39.jar:10.1.39]
	at org.apache.coyote.AbstractProcessorLight.process(AbstractProcessorLight.java:63) ~[tomcat-embed-core-10.1.39.jar:10.1.39]
	at org.apache.coyote.AbstractProtocol$ConnectionHandler.process(AbstractProtocol.java:905) ~[tomcat-embed-core-10.1.39.jar:10.1.39]
	at org.apache.tomcat.util.net.NioEndpoint$SocketProcessor.doRun(NioEndpoint.java:1743) ~[tomcat-embed-core-10.1.39.jar:10.1.39]
	at org.apache.tomcat.util.net.SocketProcessorBase.run(SocketProcessorBase.java:52) ~[tomcat-embed-core-10.1.39.jar:10.1.39]
	at org.apache.tomcat.util.threads.ThreadPoolExecutor.runWorker(ThreadPoolExecutor.java:1190) ~[tomcat-embed-core-10.1.39.jar:10.1.39]
	at org.apache.tomcat.util.threads.ThreadPoolExecutor$Worker.run(ThreadPoolExecutor.java:659) ~[tomcat-embed-core-10.1.39.jar:10.1.39]
	at org.apache.tomcat.util.threads.TaskThread$WrappingRunnable.run(TaskThread.java:63) ~[tomcat-embed-core-10.1.39.jar:10.1.39]
	at java.base/java.lang.Thread.run(Thread.java:1575) ~[na:na]

2025-04-05T01:36:03.160+05:30 DEBUG 19296 --- [LoginSignup] [http-nio-8083-exec-3] o.s.security.web.FilterChainProxy        : Securing POST /error
2025-04-05T01:36:03.161+05:30 DEBUG 19296 --- [LoginSignup] [http-nio-8083-exec-3] o.s.s.w.a.AnonymousAuthenticationFilter  : Set SecurityContextHolder to anonymous SecurityContext
2025-04-05T01:36:03.196+05:30 DEBUG 19296 --- [LoginSignup] [http-nio-8083-exec-3] o.s.s.w.s.HttpSessionRequestCache        : Saved request http://localhost:8083/error?continue to session
2025-04-05T01:36:03.197+05:30 DEBUG 19296 --- [LoginSignup] [http-nio-8083-exec-3] o.s.s.w.a.Http403ForbiddenEntryPoint     : Pre-authenticated entry point called. Rejecting access
2025-04-05T01:36:08.689+05:30 DEBUG 19296 --- [LoginSignup] [http-nio-8083-exec-4] o.s.security.web.FilterChainProxy        : Securing POST /auth/login
2025-04-05T01:36:08.689+05:30 DEBUG 19296 --- [LoginSignup] [http-nio-8083-exec-4] o.s.security.web.FilterChainProxy        : Secured POST /auth/login
2025-04-05T01:36:08.691+05:30 DEBUG 19296 --- [LoginSignup] [http-nio-8083-exec-4] o.s.web.servlet.DispatcherServlet        : POST "/auth/login", parameters={}
2025-04-05T01:36:08.691+05:30 DEBUG 19296 --- [LoginSignup] [http-nio-8083-exec-4] s.w.s.m.m.a.RequestMappingHandlerMapping : Mapped to com.example.LoginSignup.controller.UserController#login(UserDTO)
2025-04-05T01:36:08.692+05:30 DEBUG 19296 --- [LoginSignup] [http-nio-8083-exec-4] o.j.s.OpenEntityManagerInViewInterceptor : Opening JPA EntityManager in OpenEntityManagerInViewInterceptor
2025-04-05T01:36:08.693+05:30 DEBUG 19296 --- [LoginSignup] [http-nio-8083-exec-4] m.m.a.RequestResponseBodyMethodProcessor : Read "application/json;charset=UTF-8" to [com.example.LoginSignup.dto.UserDTO@35a86fd2]
2025-04-05T01:36:08.695+05:30 DEBUG 19296 --- [LoginSignup] [http-nio-8083-exec-4] org.hibernate.SQL                        : select um1_0.id,um1_0.email,um1_0.password,um1_0.role,um1_0.user_name from user_information um1_0 where um1_0.email=?
2025-04-05T01:36:08.890+05:30 DEBUG 19296 --- [LoginSignup] [http-nio-8083-exec-4] o.j.s.OpenEntityManagerInViewInterceptor : Closing JPA EntityManager in OpenEntityManagerInViewInterceptor
2025-04-05T01:36:08.891+05:30 DEBUG 19296 --- [LoginSignup] [http-nio-8083-exec-4] o.s.web.servlet.DispatcherServlet        : Failed to complete request: io.jsonwebtoken.security.WeakKeyException: The signing key's size is 16 bits which is not secure enough for the HS256 algorithm.  The JWT JWA Specification (RFC 7518, Section 3.2) states that keys used with HS256 MUST have a size >= 256 bits (the key size must be greater than or equal to the hash output size).  Consider using the io.jsonwebtoken.security.Keys class's 'secretKeyFor(SignatureAlgorithm.HS256)' method to create a key guaranteed to be secure enough for HS256.  See https://tools.ietf.org/html/rfc7518#section-3.2 for more information.
2025-04-05T01:36:08.891+05:30 DEBUG 19296 --- [LoginSignup] [http-nio-8083-exec-4] o.s.s.w.a.AnonymousAuthenticationFilter  : Set SecurityContextHolder to anonymous SecurityContext
2025-04-05T01:36:08.892+05:30 ERROR 19296 --- [LoginSignup] [http-nio-8083-exec-4] o.a.c.c.C.[.[.[/].[dispatcherServlet]    : Servlet.service() for servlet [dispatcherServlet] in context with path [] threw exception [Request processing failed: io.jsonwebtoken.security.WeakKeyException: The signing key's size is 16 bits which is not secure enough for the HS256 algorithm.  The JWT JWA Specification (RFC 7518, Section 3.2) states that keys used with HS256 MUST have a size >= 256 bits (the key size must be greater than or equal to the hash output size).  Consider using the io.jsonwebtoken.security.Keys class's 'secretKeyFor(SignatureAlgorithm.HS256)' method to create a key guaranteed to be secure enough for HS256.  See https://tools.ietf.org/html/rfc7518#section-3.2 for more information.] with root cause

io.jsonwebtoken.security.WeakKeyException: The signing key's size is 16 bits which is not secure enough for the HS256 algorithm.  The JWT JWA Specification (RFC 7518, Section 3.2) states that keys used with HS256 MUST have a size >= 256 bits (the key size must be greater than or equal to the hash output size).  Consider using the io.jsonwebtoken.security.Keys class's 'secretKeyFor(SignatureAlgorithm.HS256)' method to create a key guaranteed to be secure enough for HS256.  See https://tools.ietf.org/html/rfc7518#section-3.2 for more information.
	at io.jsonwebtoken.SignatureAlgorithm.assertValid(SignatureAlgorithm.java:387) ~[jjwt-api-0.11.5.jar:0.11.5]
	at io.jsonwebtoken.SignatureAlgorithm.assertValidSigningKey(SignatureAlgorithm.java:315) ~[jjwt-api-0.11.5.jar:0.11.5]
	at io.jsonwebtoken.impl.DefaultJwtBuilder.signWith(DefaultJwtBuilder.java:112) ~[jjwt-impl-0.11.5.jar:0.11.5]
	at io.jsonwebtoken.impl.DefaultJwtBuilder.signWith(DefaultJwtBuilder.java:125) ~[jjwt-impl-0.11.5.jar:0.11.5]
	at io.jsonwebtoken.impl.DefaultJwtBuilder.signWith(DefaultJwtBuilder.java:133) ~[jjwt-impl-0.11.5.jar:0.11.5]
	at com.example.LoginSignup.component.JwtUtil.generateToken(JwtUtil.java:27) ~[classes/:na]
	at com.example.LoginSignup.service.UserService.login(UserService.java:61) ~[classes/:na]
	at com.example.LoginSignup.controller.UserController.login(UserController.java:22) ~[classes/:na]
	at java.base/jdk.internal.reflect.DirectMethodHandleAccessor.invoke(DirectMethodHandleAccessor.java:103) ~[na:na]
	at java.base/java.lang.reflect.Method.invoke(Method.java:580) ~[na:na]
	at org.springframework.web.method.support.InvocableHandlerMethod.doInvoke(InvocableHandlerMethod.java:258) ~[spring-web-6.2.5.jar:6.2.5]
	at org.springframework.web.method.support.InvocableHandlerMethod.invokeForRequest(InvocableHandlerMethod.java:191) ~[spring-web-6.2.5.jar:6.2.5]
	at org.springframework.web.servlet.mvc.method.annotation.ServletInvocableHandlerMethod.invokeAndHandle(ServletInvocableHandlerMethod.java:118) ~[spring-webmvc-6.2.5.jar:6.2.5]
	at org.springframework.web.servlet.mvc.method.annotation.RequestMappingHandlerAdapter.invokeHandlerMethod(RequestMappingHandlerAdapter.java:986) ~[spring-webmvc-6.2.5.jar:6.2.5]
	at org.springframework.web.servlet.mvc.method.annotation.RequestMappingHandlerAdapter.handleInternal(RequestMappingHandlerAdapter.java:891) ~[spring-webmvc-6.2.5.jar:6.2.5]
	at org.springframework.web.servlet.mvc.method.AbstractHandlerMethodAdapter.handle(AbstractHandlerMethodAdapter.java:87) ~[spring-webmvc-6.2.5.jar:6.2.5]
	at org.springframework.web.servlet.DispatcherServlet.doDispatch(DispatcherServlet.java:1089) ~[spring-webmvc-6.2.5.jar:6.2.5]
	at org.springframework.web.servlet.DispatcherServlet.doService(DispatcherServlet.java:979) ~[spring-webmvc-6.2.5.jar:6.2.5]
	at org.springframework.web.servlet.FrameworkServlet.processRequest(FrameworkServlet.java:1014) ~[spring-webmvc-6.2.5.jar:6.2.5]
	at org.springframework.web.servlet.FrameworkServlet.doPost(FrameworkServlet.java:914) ~[spring-webmvc-6.2.5.jar:6.2.5]
	at jakarta.servlet.http.HttpServlet.service(HttpServlet.java:590) ~[tomcat-embed-core-10.1.39.jar:6.0]
	at org.springframework.web.servlet.FrameworkServlet.service(FrameworkServlet.java:885) ~[spring-webmvc-6.2.5.jar:6.2.5]
	at jakarta.servlet.http.HttpServlet.service(HttpServlet.java:658) ~[tomcat-embed-core-10.1.39.jar:6.0]
	at org.apache.catalina.core.ApplicationFilterChain.internalDoFilter(ApplicationFilterChain.java:195) ~[tomcat-embed-core-10.1.39.jar:10.1.39]
	at org.apache.catalina.core.ApplicationFilterChain.doFilter(ApplicationFilterChain.java:140) ~[tomcat-embed-core-10.1.39.jar:10.1.39]
	at org.apache.tomcat.websocket.server.WsFilter.doFilter(WsFilter.java:51) ~[tomcat-embed-websocket-10.1.39.jar:10.1.39]
	at org.apache.catalina.core.ApplicationFilterChain.internalDoFilter(ApplicationFilterChain.java:164) ~[tomcat-embed-core-10.1.39.jar:10.1.39]
	at org.apache.catalina.core.ApplicationFilterChain.doFilter(ApplicationFilterChain.java:140) ~[tomcat-embed-core-10.1.39.jar:10.1.39]
	at org.springframework.web.filter.CompositeFilter$VirtualFilterChain.doFilter(CompositeFilter.java:108) ~[spring-web-6.2.5.jar:6.2.5]
	at org.springframework.security.web.FilterChainProxy.lambda$doFilterInternal$3(FilterChainProxy.java:231) ~[spring-security-web-6.4.4.jar:6.4.4]
	at org.springframework.security.web.FilterChainProxy$VirtualFilterChain.doFilter(FilterChainProxy.java:365) ~[spring-security-web-6.4.4.jar:6.4.4]
	at org.springframework.security.web.access.intercept.AuthorizationFilter.doFilter(AuthorizationFilter.java:101) ~[spring-security-web-6.4.4.jar:6.4.4]
	at org.springframework.security.web.FilterChainProxy$VirtualFilterChain.doFilter(FilterChainProxy.java:374) ~[spring-security-web-6.4.4.jar:6.4.4]
	at org.springframework.security.web.access.ExceptionTranslationFilter.doFilter(ExceptionTranslationFilter.java:126) ~[spring-security-web-6.4.4.jar:6.4.4]
	at org.springframework.security.web.access.ExceptionTranslationFilter.doFilter(ExceptionTranslationFilter.java:120) ~[spring-security-web-6.4.4.jar:6.4.4]
	at org.springframework.security.web.FilterChainProxy$VirtualFilterChain.doFilter(FilterChainProxy.java:374) ~[spring-security-web-6.4.4.jar:6.4.4]
	at org.springframework.security.web.authentication.AnonymousAuthenticationFilter.doFilter(AnonymousAuthenticationFilter.java:100) ~[spring-security-web-6.4.4.jar:6.4.4]
	at org.springframework.security.web.FilterChainProxy$VirtualFilterChain.doFilter(FilterChainProxy.java:374) ~[spring-security-web-6.4.4.jar:6.4.4]
	at org.springframework.security.web.servletapi.SecurityContextHolderAwareRequestFilter.doFilter(SecurityContextHolderAwareRequestFilter.java:179) ~[spring-security-web-6.4.4.jar:6.4.4]
	at org.springframework.security.web.FilterChainProxy$VirtualFilterChain.doFilter(FilterChainProxy.java:374) ~[spring-security-web-6.4.4.jar:6.4.4]
	at org.springframework.security.web.savedrequest.RequestCacheAwareFilter.doFilter(RequestCacheAwareFilter.java:63) ~[spring-security-web-6.4.4.jar:6.4.4]
	at org.springframework.security.web.FilterChainProxy$VirtualFilterChain.doFilter(FilterChainProxy.java:374) ~[spring-security-web-6.4.4.jar:6.4.4]
	at org.springframework.security.web.authentication.logout.LogoutFilter.doFilter(LogoutFilter.java:107) ~[spring-security-web-6.4.4.jar:6.4.4]
	at org.springframework.security.web.authentication.logout.LogoutFilter.doFilter(LogoutFilter.java:93) ~[spring-security-web-6.4.4.jar:6.4.4]
	at org.springframework.security.web.FilterChainProxy$VirtualFilterChain.doFilter(FilterChainProxy.java:374) ~[spring-security-web-6.4.4.jar:6.4.4]
	at org.springframework.security.web.header.HeaderWriterFilter.doHeadersAfter(HeaderWriterFilter.java:90) ~[spring-security-web-6.4.4.jar:6.4.4]
	at org.springframework.security.web.header.HeaderWriterFilter.doFilterInternal(HeaderWriterFilter.java:75) ~[spring-security-web-6.4.4.jar:6.4.4]
	at org.springframework.web.filter.OncePerRequestFilter.doFilter(OncePerRequestFilter.java:116) ~[spring-web-6.2.5.jar:6.2.5]
	at org.springframework.security.web.FilterChainProxy$VirtualFilterChain.doFilter(FilterChainProxy.java:374) ~[spring-security-web-6.4.4.jar:6.4.4]
	at org.springframework.security.web.context.SecurityContextHolderFilter.doFilter(SecurityContextHolderFilter.java:82) ~[spring-security-web-6.4.4.jar:6.4.4]
	at org.springframework.security.web.context.SecurityContextHolderFilter.doFilter(SecurityContextHolderFilter.java:69) ~[spring-security-web-6.4.4.jar:6.4.4]
	at org.springframework.security.web.FilterChainProxy$VirtualFilterChain.doFilter(FilterChainProxy.java:374) ~[spring-security-web-6.4.4.jar:6.4.4]
	at org.springframework.security.web.context.request.async.WebAsyncManagerIntegrationFilter.doFilterInternal(WebAsyncManagerIntegrationFilter.java:62) ~[spring-security-web-6.4.4.jar:6.4.4]
	at org.springframework.web.filter.OncePerRequestFilter.doFilter(OncePerRequestFilter.java:116) ~[spring-web-6.2.5.jar:6.2.5]
	at org.springframework.security.web.FilterChainProxy$VirtualFilterChain.doFilter(FilterChainProxy.java:374) ~[spring-security-web-6.4.4.jar:6.4.4]
	at org.springframework.security.web.session.DisableEncodeUrlFilter.doFilterInternal(DisableEncodeUrlFilter.java:42) ~[spring-security-web-6.4.4.jar:6.4.4]
	at org.springframework.web.filter.OncePerRequestFilter.doFilter(OncePerRequestFilter.java:116) ~[spring-web-6.2.5.jar:6.2.5]
	at org.springframework.security.web.FilterChainProxy$VirtualFilterChain.doFilter(FilterChainProxy.java:374) ~[spring-security-web-6.4.4.jar:6.4.4]
	at org.springframework.security.web.FilterChainProxy.doFilterInternal(FilterChainProxy.java:233) ~[spring-security-web-6.4.4.jar:6.4.4]
	at org.springframework.security.web.FilterChainProxy.doFilter(FilterChainProxy.java:191) ~[spring-security-web-6.4.4.jar:6.4.4]
	at org.springframework.web.filter.CompositeFilter$VirtualFilterChain.doFilter(CompositeFilter.java:113) ~[spring-web-6.2.5.jar:6.2.5]
	at org.springframework.web.servlet.handler.HandlerMappingIntrospector.lambda$createCacheFilter$3(HandlerMappingIntrospector.java:243) ~[spring-webmvc-6.2.5.jar:6.2.5]
	at org.springframework.web.filter.CompositeFilter$VirtualFilterChain.doFilter(CompositeFilter.java:113) ~[spring-web-6.2.5.jar:6.2.5]
	at org.springframework.web.filter.CompositeFilter.doFilter(CompositeFilter.java:74) ~[spring-web-6.2.5.jar:6.2.5]
	at org.springframework.security.config.annotation.web.configuration.WebMvcSecurityConfiguration$CompositeFilterChainProxy.doFilter(WebMvcSecurityConfiguration.java:238) ~[spring-security-config-6.4.4.jar:6.4.4]
	at org.springframework.web.filter.DelegatingFilterProxy.invokeDelegate(DelegatingFilterProxy.java:362) ~[spring-web-6.2.5.jar:6.2.5]
	at org.springframework.web.filter.DelegatingFilterProxy.doFilter(DelegatingFilterProxy.java:278) ~[spring-web-6.2.5.jar:6.2.5]
	at org.apache.catalina.core.ApplicationFilterChain.internalDoFilter(ApplicationFilterChain.java:164) ~[tomcat-embed-core-10.1.39.jar:10.1.39]
	at org.apache.catalina.core.ApplicationFilterChain.doFilter(ApplicationFilterChain.java:140) ~[tomcat-embed-core-10.1.39.jar:10.1.39]
	at org.springframework.web.filter.RequestContextFilter.doFilterInternal(RequestContextFilter.java:100) ~[spring-web-6.2.5.jar:6.2.5]
	at org.springframework.web.filter.OncePerRequestFilter.doFilter(OncePerRequestFilter.java:116) ~[spring-web-6.2.5.jar:6.2.5]
	at org.apache.catalina.core.ApplicationFilterChain.internalDoFilter(ApplicationFilterChain.java:164) ~[tomcat-embed-core-10.1.39.jar:10.1.39]
	at org.apache.catalina.core.ApplicationFilterChain.doFilter(ApplicationFilterChain.java:140) ~[tomcat-embed-core-10.1.39.jar:10.1.39]
	at org.springframework.web.filter.FormContentFilter.doFilterInternal(FormContentFilter.java:93) ~[spring-web-6.2.5.jar:6.2.5]
	at org.springframework.web.filter.OncePerRequestFilter.doFilter(OncePerRequestFilter.java:116) ~[spring-web-6.2.5.jar:6.2.5]
	at org.apache.catalina.core.ApplicationFilterChain.internalDoFilter(ApplicationFilterChain.java:164) ~[tomcat-embed-core-10.1.39.jar:10.1.39]
	at org.apache.catalina.core.ApplicationFilterChain.doFilter(ApplicationFilterChain.java:140) ~[tomcat-embed-core-10.1.39.jar:10.1.39]
	at org.springframework.web.filter.CharacterEncodingFilter.doFilterInternal(CharacterEncodingFilter.java:201) ~[spring-web-6.2.5.jar:6.2.5]
	at org.springframework.web.filter.OncePerRequestFilter.doFilter(OncePerRequestFilter.java:116) ~[spring-web-6.2.5.jar:6.2.5]
	at org.apache.catalina.core.ApplicationFilterChain.internalDoFilter(ApplicationFilterChain.java:164) ~[tomcat-embed-core-10.1.39.jar:10.1.39]
	at org.apache.catalina.core.ApplicationFilterChain.doFilter(ApplicationFilterChain.java:140) ~[tomcat-embed-core-10.1.39.jar:10.1.39]
	at org.apache.catalina.core.StandardWrapperValve.invoke(StandardWrapperValve.java:167) ~[tomcat-embed-core-10.1.39.jar:10.1.39]
	at org.apache.catalina.core.StandardContextValve.invoke(StandardContextValve.java:90) ~[tomcat-embed-core-10.1.39.jar:10.1.39]
	at org.apache.catalina.authenticator.AuthenticatorBase.invoke(AuthenticatorBase.java:483) ~[tomcat-embed-core-10.1.39.jar:10.1.39]
	at org.apache.catalina.core.StandardHostValve.invoke(StandardHostValve.java:115) ~[tomcat-embed-core-10.1.39.jar:10.1.39]
	at org.apache.catalina.valves.ErrorReportValve.invoke(ErrorReportValve.java:93) ~[tomcat-embed-core-10.1.39.jar:10.1.39]
	at org.apache.catalina.core.StandardEngineValve.invoke(StandardEngineValve.java:74) ~[tomcat-embed-core-10.1.39.jar:10.1.39]
	at org.apache.catalina.connector.CoyoteAdapter.service(CoyoteAdapter.java:344) ~[tomcat-embed-core-10.1.39.jar:10.1.39]
	at org.apache.coyote.http11.Http11Processor.service(Http11Processor.java:397) ~[tomcat-embed-core-10.1.39.jar:10.1.39]
	at org.apache.coyote.AbstractProcessorLight.process(AbstractProcessorLight.java:63) ~[tomcat-embed-core-10.1.39.jar:10.1.39]
	at org.apache.coyote.AbstractProtocol$ConnectionHandler.process(AbstractProtocol.java:905) ~[tomcat-embed-core-10.1.39.jar:10.1.39]
	at org.apache.tomcat.util.net.NioEndpoint$SocketProcessor.doRun(NioEndpoint.java:1743) ~[tomcat-embed-core-10.1.39.jar:10.1.39]
	at org.apache.tomcat.util.net.SocketProcessorBase.run(SocketProcessorBase.java:52) ~[tomcat-embed-core-10.1.39.jar:10.1.39]
	at org.apache.tomcat.util.threads.ThreadPoolExecutor.runWorker(ThreadPoolExecutor.java:1190) ~[tomcat-embed-core-10.1.39.jar:10.1.39]
	at org.apache.tomcat.util.threads.ThreadPoolExecutor$Worker.run(ThreadPoolExecutor.java:659) ~[tomcat-embed-core-10.1.39.jar:10.1.39]
	at org.apache.tomcat.util.threads.TaskThread$WrappingRunnable.run(TaskThread.java:63) ~[tomcat-embed-core-10.1.39.jar:10.1.39]
	at java.base/java.lang.Thread.run(Thread.java:1575) ~[na:na]

2025-04-05T01:36:08.898+05:30 DEBUG 19296 --- [LoginSignup] [http-nio-8083-exec-4] o.s.security.web.FilterChainProxy        : Securing POST /error
2025-04-05T01:36:08.899+05:30 DEBUG 19296 --- [LoginSignup] [http-nio-8083-exec-4] o.s.s.w.a.AnonymousAuthenticationFilter  : Set SecurityContextHolder to anonymous SecurityContext
2025-04-05T01:36:08.900+05:30 DEBUG 19296 --- [LoginSignup] [http-nio-8083-exec-4] o.s.s.w.s.HttpSessionRequestCache        : Saved request http://localhost:8083/error?continue to session
2025-04-05T01:36:08.900+05:30 DEBUG 19296 --- [LoginSignup] [http-nio-8083-exec-4] o.s.s.w.a.Http403ForbiddenEntryPoint     : Pre-authenticated entry point called. Rejecting access
2025-04-05T01:37:06.376+05:30 DEBUG 19296 --- [LoginSignup] [http-nio-8083-exec-6] o.s.security.web.FilterChainProxy        : Securing GET /auth/login
2025-04-05T01:37:06.378+05:30 DEBUG 19296 --- [LoginSignup] [http-nio-8083-exec-6] o.s.security.web.FilterChainProxy        : Secured GET /auth/login
2025-04-05T01:37:06.379+05:30 DEBUG 19296 --- [LoginSignup] [http-nio-8083-exec-6] o.s.web.servlet.DispatcherServlet        : GET "/auth/login", parameters={}
2025-04-05T01:37:06.383+05:30  WARN 19296 --- [LoginSignup] [http-nio-8083-exec-6] .w.s.m.s.DefaultHandlerExceptionResolver : Resolved [org.springframework.web.HttpRequestMethodNotSupportedException: Request method 'GET' is not supported]
2025-04-05T01:37:06.384+05:30 DEBUG 19296 --- [LoginSignup] [http-nio-8083-exec-6] o.s.web.servlet.DispatcherServlet        : Completed 405 METHOD_NOT_ALLOWED
2025-04-05T01:37:06.384+05:30 DEBUG 19296 --- [LoginSignup] [http-nio-8083-exec-6] o.s.s.w.a.AnonymousAuthenticationFilter  : Set SecurityContextHolder to anonymous SecurityContext
2025-04-05T01:37:06.387+05:30 DEBUG 19296 --- [LoginSignup] [http-nio-8083-exec-6] o.s.security.web.FilterChainProxy        : Securing GET /error
2025-04-05T01:37:06.387+05:30 DEBUG 19296 --- [LoginSignup] [http-nio-8083-exec-6] o.s.s.w.a.AnonymousAuthenticationFilter  : Set SecurityContextHolder to anonymous SecurityContext
2025-04-05T01:37:06.389+05:30 DEBUG 19296 --- [LoginSignup] [http-nio-8083-exec-6] o.s.s.w.s.HttpSessionRequestCache        : Saved request http://localhost:8083/error?continue to session
2025-04-05T01:37:06.389+05:30 DEBUG 19296 --- [LoginSignup] [http-nio-8083-exec-6] o.s.s.w.a.Http403ForbiddenEntryPoint     : Pre-authenticated entry point called. Rejecting access
2025-04-05T01:37:09.310+05:30 DEBUG 19296 --- [LoginSignup] [http-nio-8083-exec-9] o.s.security.web.FilterChainProxy        : Securing GET /auth/login
2025-04-05T01:37:09.311+05:30 DEBUG 19296 --- [LoginSignup] [http-nio-8083-exec-9] o.s.security.web.FilterChainProxy        : Secured GET /auth/login
2025-04-05T01:37:09.311+05:30 DEBUG 19296 --- [LoginSignup] [http-nio-8083-exec-9] o.s.web.servlet.DispatcherServlet        : GET "/auth/login", parameters={}
2025-04-05T01:37:09.314+05:30  WARN 19296 --- [LoginSignup] [http-nio-8083-exec-9] .w.s.m.s.DefaultHandlerExceptionResolver : Resolved [org.springframework.web.HttpRequestMethodNotSupportedException: Request method 'GET' is not supported]
2025-04-05T01:37:09.314+05:30 DEBUG 19296 --- [LoginSignup] [http-nio-8083-exec-9] o.s.web.servlet.DispatcherServlet        : Completed 405 METHOD_NOT_ALLOWED
2025-04-05T01:37:09.314+05:30 DEBUG 19296 --- [LoginSignup] [http-nio-8083-exec-9] o.s.s.w.a.AnonymousAuthenticationFilter  : Set SecurityContextHolder to anonymous SecurityContext
2025-04-05T01:37:09.315+05:30 DEBUG 19296 --- [LoginSignup] [http-nio-8083-exec-9] o.s.security.web.FilterChainProxy        : Securing GET /error
2025-04-05T01:37:09.316+05:30 DEBUG 19296 --- [LoginSignup] [http-nio-8083-exec-9] o.s.s.w.a.AnonymousAuthenticationFilter  : Set SecurityContextHolder to anonymous SecurityContext
2025-04-05T01:37:09.318+05:30 DEBUG 19296 --- [LoginSignup] [http-nio-8083-exec-9] o.s.s.w.s.HttpSessionRequestCache        : Saved request http://localhost:8083/error?continue to session
2025-04-05T01:37:09.318+05:30 DEBUG 19296 --- [LoginSignup] [http-nio-8083-exec-9] o.s.s.w.a.Http403ForbiddenEntryPoint     : Pre-authenticated entry point called. Rejecting access
2025-04-05T01:37:10.443+05:30 DEBUG 19296 --- [LoginSignup] [http-nio-8083-exec-10] o.s.security.web.FilterChainProxy        : Securing GET /auth/login
2025-04-05T01:37:10.445+05:30 DEBUG 19296 --- [LoginSignup] [http-nio-8083-exec-10] o.s.security.web.FilterChainProxy        : Secured GET /auth/login
2025-04-05T01:37:10.445+05:30 DEBUG 19296 --- [LoginSignup] [http-nio-8083-exec-10] o.s.web.servlet.DispatcherServlet        : GET "/auth/login", parameters={}
2025-04-05T01:37:10.446+05:30  WARN 19296 --- [LoginSignup] [http-nio-8083-exec-10] .w.s.m.s.DefaultHandlerExceptionResolver : Resolved [org.springframework.web.HttpRequestMethodNotSupportedException: Request method 'GET' is not supported]
2025-04-05T01:37:10.446+05:30 DEBUG 19296 --- [LoginSignup] [http-nio-8083-exec-10] o.s.web.servlet.DispatcherServlet        : Completed 405 METHOD_NOT_ALLOWED
2025-04-05T01:37:10.447+05:30 DEBUG 19296 --- [LoginSignup] [http-nio-8083-exec-10] o.s.s.w.a.AnonymousAuthenticationFilter  : Set SecurityContextHolder to anonymous SecurityContext
2025-04-05T01:37:10.448+05:30 DEBUG 19296 --- [LoginSignup] [http-nio-8083-exec-10] o.s.security.web.FilterChainProxy        : Securing GET /error
2025-04-05T01:37:10.448+05:30 DEBUG 19296 --- [LoginSignup] [http-nio-8083-exec-10] o.s.s.w.a.AnonymousAuthenticationFilter  : Set SecurityContextHolder to anonymous SecurityContext
2025-04-05T01:37:10.450+05:30 DEBUG 19296 --- [LoginSignup] [http-nio-8083-exec-10] o.s.s.w.s.HttpSessionRequestCache        : Saved request http://localhost:8083/error?continue to session
2025-04-05T01:37:10.450+05:30 DEBUG 19296 --- [LoginSignup] [http-nio-8083-exec-10] o.s.s.w.a.Http403ForbiddenEntryPoint     : Pre-authenticated entry point called. Rejecting access
2025-04-05T01:37:10.822+05:30 DEBUG 19296 --- [LoginSignup] [http-nio-8083-exec-1] o.s.security.web.FilterChainProxy        : Securing GET /auth/login
2025-04-05T01:37:10.823+05:30 DEBUG 19296 --- [LoginSignup] [http-nio-8083-exec-1] o.s.security.web.FilterChainProxy        : Secured GET /auth/login
2025-04-05T01:37:10.823+05:30 DEBUG 19296 --- [LoginSignup] [http-nio-8083-exec-1] o.s.web.servlet.DispatcherServlet        : GET "/auth/login", parameters={}
2025-04-05T01:37:10.825+05:30  WARN 19296 --- [LoginSignup] [http-nio-8083-exec-1] .w.s.m.s.DefaultHandlerExceptionResolver : Resolved [org.springframework.web.HttpRequestMethodNotSupportedException: Request method 'GET' is not supported]
2025-04-05T01:37:10.826+05:30 DEBUG 19296 --- [LoginSignup] [http-nio-8083-exec-1] o.s.web.servlet.DispatcherServlet        : Completed 405 METHOD_NOT_ALLOWED
2025-04-05T01:37:10.826+05:30 DEBUG 19296 --- [LoginSignup] [http-nio-8083-exec-1] o.s.s.w.a.AnonymousAuthenticationFilter  : Set SecurityContextHolder to anonymous SecurityContext
2025-04-05T01:37:10.829+05:30 DEBUG 19296 --- [LoginSignup] [http-nio-8083-exec-1] o.s.security.web.FilterChainProxy        : Securing GET /error
2025-04-05T01:37:10.830+05:30 DEBUG 19296 --- [LoginSignup] [http-nio-8083-exec-1] o.s.s.w.a.AnonymousAuthenticationFilter  : Set SecurityContextHolder to anonymous SecurityContext
2025-04-05T01:37:10.834+05:30 DEBUG 19296 --- [LoginSignup] [http-nio-8083-exec-1] o.s.s.w.s.HttpSessionRequestCache        : Saved request http://localhost:8083/error?continue to session
2025-04-05T01:37:10.834+05:30 DEBUG 19296 --- [LoginSignup] [http-nio-8083-exec-1] o.s.s.w.a.Http403ForbiddenEntryPoint     : Pre-authenticated entry point called. Rejecting access
2025-04-05T01:37:11.243+05:30 DEBUG 19296 --- [LoginSignup] [http-nio-8083-exec-2] o.s.security.web.FilterChainProxy        : Securing GET /auth/login
2025-04-05T01:37:11.245+05:30 DEBUG 19296 --- [LoginSignup] [http-nio-8083-exec-2] o.s.security.web.FilterChainProxy        : Secured GET /auth/login
2025-04-05T01:37:11.245+05:30 DEBUG 19296 --- [LoginSignup] [http-nio-8083-exec-2] o.s.web.servlet.DispatcherServlet        : GET "/auth/login", parameters={}
2025-04-05T01:37:11.247+05:30  WARN 19296 --- [LoginSignup] [http-nio-8083-exec-2] .w.s.m.s.DefaultHandlerExceptionResolver : Resolved [org.springframework.web.HttpRequestMethodNotSupportedException: Request method 'GET' is not supported]
2025-04-05T01:37:11.248+05:30 DEBUG 19296 --- [LoginSignup] [http-nio-8083-exec-2] o.s.web.servlet.DispatcherServlet        : Completed 405 METHOD_NOT_ALLOWED
2025-04-05T01:37:11.248+05:30 DEBUG 19296 --- [LoginSignup] [http-nio-8083-exec-2] o.s.s.w.a.AnonymousAuthenticationFilter  : Set SecurityContextHolder to anonymous SecurityContext
2025-04-05T01:37:11.250+05:30 DEBUG 19296 --- [LoginSignup] [http-nio-8083-exec-2] o.s.security.web.FilterChainProxy        : Securing GET /error
2025-04-05T01:37:11.251+05:30 DEBUG 19296 --- [LoginSignup] [http-nio-8083-exec-2] o.s.s.w.a.AnonymousAuthenticationFilter  : Set SecurityContextHolder to anonymous SecurityContext
2025-04-05T01:37:11.253+05:30 DEBUG 19296 --- [LoginSignup] [http-nio-8083-exec-2] o.s.s.w.s.HttpSessionRequestCache        : Saved request http://localhost:8083/error?continue to session
2025-04-05T01:37:11.253+05:30 DEBUG 19296 --- [LoginSignup] [http-nio-8083-exec-2] o.s.s.w.a.Http403ForbiddenEntryPoint     : Pre-authenticated entry point called. Rejecting access
2025-04-05T01:44:59.263+05:30 DEBUG 19296 --- [LoginSignup] [http-nio-8083-exec-5] o.s.security.web.FilterChainProxy        : Securing POST /auth/login
2025-04-05T01:44:59.264+05:30 DEBUG 19296 --- [LoginSignup] [http-nio-8083-exec-5] o.s.security.web.FilterChainProxy        : Secured POST /auth/login
2025-04-05T01:44:59.264+05:30 DEBUG 19296 --- [LoginSignup] [http-nio-8083-exec-5] o.s.web.servlet.DispatcherServlet        : POST "/auth/login", parameters={}
2025-04-05T01:44:59.265+05:30 DEBUG 19296 --- [LoginSignup] [http-nio-8083-exec-5] s.w.s.m.m.a.RequestMappingHandlerMapping : Mapped to com.example.LoginSignup.controller.UserController#login(UserDTO)
2025-04-05T01:44:59.265+05:30 DEBUG 19296 --- [LoginSignup] [http-nio-8083-exec-5] o.j.s.OpenEntityManagerInViewInterceptor : Opening JPA EntityManager in OpenEntityManagerInViewInterceptor
2025-04-05T01:44:59.271+05:30 DEBUG 19296 --- [LoginSignup] [http-nio-8083-exec-5] m.m.a.RequestResponseBodyMethodProcessor : Read "application/octet-stream" to []
2025-04-05T01:44:59.274+05:30  WARN 19296 --- [LoginSignup] [http-nio-8083-exec-5] .w.s.m.s.DefaultHandlerExceptionResolver : Resolved [org.springframework.http.converter.HttpMessageNotReadableException: Required request body is missing: public org.springframework.http.ResponseEntity<?> com.example.LoginSignup.controller.UserController.login(com.example.LoginSignup.dto.UserDTO)]
2025-04-05T01:44:59.274+05:30 DEBUG 19296 --- [LoginSignup] [http-nio-8083-exec-5] o.j.s.OpenEntityManagerInViewInterceptor : Closing JPA EntityManager in OpenEntityManagerInViewInterceptor
2025-04-05T01:44:59.275+05:30 DEBUG 19296 --- [LoginSignup] [http-nio-8083-exec-5] o.s.web.servlet.DispatcherServlet        : Completed 400 BAD_REQUEST
2025-04-05T01:44:59.275+05:30 DEBUG 19296 --- [LoginSignup] [http-nio-8083-exec-5] o.s.s.w.a.AnonymousAuthenticationFilter  : Set SecurityContextHolder to anonymous SecurityContext
2025-04-05T01:44:59.277+05:30 DEBUG 19296 --- [LoginSignup] [http-nio-8083-exec-5] o.s.security.web.FilterChainProxy        : Securing POST /error
2025-04-05T01:44:59.277+05:30 DEBUG 19296 --- [LoginSignup] [http-nio-8083-exec-5] o.s.s.w.a.AnonymousAuthenticationFilter  : Set SecurityContextHolder to anonymous SecurityContext
2025-04-05T01:44:59.278+05:30 DEBUG 19296 --- [LoginSignup] [http-nio-8083-exec-5] o.s.s.w.s.HttpSessionRequestCache        : Saved request http://localhost:8083/error?continue to session
2025-04-05T01:44:59.279+05:30 DEBUG 19296 --- [LoginSignup] [http-nio-8083-exec-5] o.s.s.w.a.Http403ForbiddenEntryPoint     : Pre-authenticated entry point called. Rejecting access
2025-04-05T01:45:11.852+05:30 DEBUG 19296 --- [LoginSignup] [http-nio-8083-exec-7] o.s.security.web.FilterChainProxy        : Securing POST /auth/login
2025-04-05T01:45:11.852+05:30 DEBUG 19296 --- [LoginSignup] [http-nio-8083-exec-7] o.s.security.web.FilterChainProxy        : Secured POST /auth/login
2025-04-05T01:45:11.853+05:30 DEBUG 19296 --- [LoginSignup] [http-nio-8083-exec-7] o.s.web.servlet.DispatcherServlet        : POST "/auth/login", parameters={}
2025-04-05T01:45:11.853+05:30 DEBUG 19296 --- [LoginSignup] [http-nio-8083-exec-7] s.w.s.m.m.a.RequestMappingHandlerMapping : Mapped to com.example.LoginSignup.controller.UserController#login(UserDTO)
2025-04-05T01:45:11.853+05:30 DEBUG 19296 --- [LoginSignup] [http-nio-8083-exec-7] o.j.s.OpenEntityManagerInViewInterceptor : Opening JPA EntityManager in OpenEntityManagerInViewInterceptor
2025-04-05T01:45:11.855+05:30 DEBUG 19296 --- [LoginSignup] [http-nio-8083-exec-7] m.m.a.RequestResponseBodyMethodProcessor : Read "application/json;charset=UTF-8" to [com.example.LoginSignup.dto.UserDTO@c341477]
2025-04-05T01:45:11.859+05:30 DEBUG 19296 --- [LoginSignup] [http-nio-8083-exec-7] org.hibernate.SQL                        : select um1_0.id,um1_0.email,um1_0.password,um1_0.role,um1_0.user_name from user_information um1_0 where um1_0.email=?
2025-04-05T01:45:12.036+05:30 DEBUG 19296 --- [LoginSignup] [http-nio-8083-exec-7] o.j.s.OpenEntityManagerInViewInterceptor : Closing JPA EntityManager in OpenEntityManagerInViewInterceptor
2025-04-05T01:45:12.036+05:30 DEBUG 19296 --- [LoginSignup] [http-nio-8083-exec-7] o.s.web.servlet.DispatcherServlet        : Failed to complete request: io.jsonwebtoken.security.WeakKeyException: The signing key's size is 16 bits which is not secure enough for the HS256 algorithm.  The JWT JWA Specification (RFC 7518, Section 3.2) states that keys used with HS256 MUST have a size >= 256 bits (the key size must be greater than or equal to the hash output size).  Consider using the io.jsonwebtoken.security.Keys class's 'secretKeyFor(SignatureAlgorithm.HS256)' method to create a key guaranteed to be secure enough for HS256.  See https://tools.ietf.org/html/rfc7518#section-3.2 for more information.
2025-04-05T01:45:12.037+05:30 DEBUG 19296 --- [LoginSignup] [http-nio-8083-exec-7] o.s.s.w.a.AnonymousAuthenticationFilter  : Set SecurityContextHolder to anonymous SecurityContext
2025-04-05T01:45:12.037+05:30 ERROR 19296 --- [LoginSignup] [http-nio-8083-exec-7] o.a.c.c.C.[.[.[/].[dispatcherServlet]    : Servlet.service() for servlet [dispatcherServlet] in context with path [] threw exception [Request processing failed: io.jsonwebtoken.security.WeakKeyException: The signing key's size is 16 bits which is not secure enough for the HS256 algorithm.  The JWT JWA Specification (RFC 7518, Section 3.2) states that keys used with HS256 MUST have a size >= 256 bits (the key size must be greater than or equal to the hash output size).  Consider using the io.jsonwebtoken.security.Keys class's 'secretKeyFor(SignatureAlgorithm.HS256)' method to create a key guaranteed to be secure enough for HS256.  See https://tools.ietf.org/html/rfc7518#section-3.2 for more information.] with root cause

io.jsonwebtoken.security.WeakKeyException: The signing key's size is 16 bits which is not secure enough for the HS256 algorithm.  The JWT JWA Specification (RFC 7518, Section 3.2) states that keys used with HS256 MUST have a size >= 256 bits (the key size must be greater than or equal to the hash output size).  Consider using the io.jsonwebtoken.security.Keys class's 'secretKeyFor(SignatureAlgorithm.HS256)' method to create a key guaranteed to be secure enough for HS256.  See https://tools.ietf.org/html/rfc7518#section-3.2 for more information.
	at io.jsonwebtoken.SignatureAlgorithm.assertValid(SignatureAlgorithm.java:387) ~[jjwt-api-0.11.5.jar:0.11.5]
	at io.jsonwebtoken.SignatureAlgorithm.assertValidSigningKey(SignatureAlgorithm.java:315) ~[jjwt-api-0.11.5.jar:0.11.5]
	at io.jsonwebtoken.impl.DefaultJwtBuilder.signWith(DefaultJwtBuilder.java:112) ~[jjwt-impl-0.11.5.jar:0.11.5]
	at io.jsonwebtoken.impl.DefaultJwtBuilder.signWith(DefaultJwtBuilder.java:125) ~[jjwt-impl-0.11.5.jar:0.11.5]
	at io.jsonwebtoken.impl.DefaultJwtBuilder.signWith(DefaultJwtBuilder.java:133) ~[jjwt-impl-0.11.5.jar:0.11.5]
	at com.example.LoginSignup.component.JwtUtil.generateToken(JwtUtil.java:27) ~[classes/:na]
	at com.example.LoginSignup.service.UserService.login(UserService.java:61) ~[classes/:na]
	at com.example.LoginSignup.controller.UserController.login(UserController.java:22) ~[classes/:na]
	at java.base/jdk.internal.reflect.DirectMethodHandleAccessor.invoke(DirectMethodHandleAccessor.java:103) ~[na:na]
	at java.base/java.lang.reflect.Method.invoke(Method.java:580) ~[na:na]
	at org.springframework.web.method.support.InvocableHandlerMethod.doInvoke(InvocableHandlerMethod.java:258) ~[spring-web-6.2.5.jar:6.2.5]
	at org.springframework.web.method.support.InvocableHandlerMethod.invokeForRequest(InvocableHandlerMethod.java:191) ~[spring-web-6.2.5.jar:6.2.5]
	at org.springframework.web.servlet.mvc.method.annotation.ServletInvocableHandlerMethod.invokeAndHandle(ServletInvocableHandlerMethod.java:118) ~[spring-webmvc-6.2.5.jar:6.2.5]
	at org.springframework.web.servlet.mvc.method.annotation.RequestMappingHandlerAdapter.invokeHandlerMethod(RequestMappingHandlerAdapter.java:986) ~[spring-webmvc-6.2.5.jar:6.2.5]
	at org.springframework.web.servlet.mvc.method.annotation.RequestMappingHandlerAdapter.handleInternal(RequestMappingHandlerAdapter.java:891) ~[spring-webmvc-6.2.5.jar:6.2.5]
	at org.springframework.web.servlet.mvc.method.AbstractHandlerMethodAdapter.handle(AbstractHandlerMethodAdapter.java:87) ~[spring-webmvc-6.2.5.jar:6.2.5]
	at org.springframework.web.servlet.DispatcherServlet.doDispatch(DispatcherServlet.java:1089) ~[spring-webmvc-6.2.5.jar:6.2.5]
	at org.springframework.web.servlet.DispatcherServlet.doService(DispatcherServlet.java:979) ~[spring-webmvc-6.2.5.jar:6.2.5]
	at org.springframework.web.servlet.FrameworkServlet.processRequest(FrameworkServlet.java:1014) ~[spring-webmvc-6.2.5.jar:6.2.5]
	at org.springframework.web.servlet.FrameworkServlet.doPost(FrameworkServlet.java:914) ~[spring-webmvc-6.2.5.jar:6.2.5]
	at jakarta.servlet.http.HttpServlet.service(HttpServlet.java:590) ~[tomcat-embed-core-10.1.39.jar:6.0]
	at org.springframework.web.servlet.FrameworkServlet.service(FrameworkServlet.java:885) ~[spring-webmvc-6.2.5.jar:6.2.5]
	at jakarta.servlet.http.HttpServlet.service(HttpServlet.java:658) ~[tomcat-embed-core-10.1.39.jar:6.0]
	at org.apache.catalina.core.ApplicationFilterChain.internalDoFilter(ApplicationFilterChain.java:195) ~[tomcat-embed-core-10.1.39.jar:10.1.39]
	at org.apache.catalina.core.ApplicationFilterChain.doFilter(ApplicationFilterChain.java:140) ~[tomcat-embed-core-10.1.39.jar:10.1.39]
	at org.apache.tomcat.websocket.server.WsFilter.doFilter(WsFilter.java:51) ~[tomcat-embed-websocket-10.1.39.jar:10.1.39]
	at org.apache.catalina.core.ApplicationFilterChain.internalDoFilter(ApplicationFilterChain.java:164) ~[tomcat-embed-core-10.1.39.jar:10.1.39]
	at org.apache.catalina.core.ApplicationFilterChain.doFilter(ApplicationFilterChain.java:140) ~[tomcat-embed-core-10.1.39.jar:10.1.39]
	at org.springframework.web.filter.CompositeFilter$VirtualFilterChain.doFilter(CompositeFilter.java:108) ~[spring-web-6.2.5.jar:6.2.5]
	at org.springframework.security.web.FilterChainProxy.lambda$doFilterInternal$3(FilterChainProxy.java:231) ~[spring-security-web-6.4.4.jar:6.4.4]
	at org.springframework.security.web.FilterChainProxy$VirtualFilterChain.doFilter(FilterChainProxy.java:365) ~[spring-security-web-6.4.4.jar:6.4.4]
	at org.springframework.security.web.access.intercept.AuthorizationFilter.doFilter(AuthorizationFilter.java:101) ~[spring-security-web-6.4.4.jar:6.4.4]
	at org.springframework.security.web.FilterChainProxy$VirtualFilterChain.doFilter(FilterChainProxy.java:374) ~[spring-security-web-6.4.4.jar:6.4.4]
	at org.springframework.security.web.access.ExceptionTranslationFilter.doFilter(ExceptionTranslationFilter.java:126) ~[spring-security-web-6.4.4.jar:6.4.4]
	at org.springframework.security.web.access.ExceptionTranslationFilter.doFilter(ExceptionTranslationFilter.java:120) ~[spring-security-web-6.4.4.jar:6.4.4]
	at org.springframework.security.web.FilterChainProxy$VirtualFilterChain.doFilter(FilterChainProxy.java:374) ~[spring-security-web-6.4.4.jar:6.4.4]
	at org.springframework.security.web.authentication.AnonymousAuthenticationFilter.doFilter(AnonymousAuthenticationFilter.java:100) ~[spring-security-web-6.4.4.jar:6.4.4]
	at org.springframework.security.web.FilterChainProxy$VirtualFilterChain.doFilter(FilterChainProxy.java:374) ~[spring-security-web-6.4.4.jar:6.4.4]
	at org.springframework.security.web.servletapi.SecurityContextHolderAwareRequestFilter.doFilter(SecurityContextHolderAwareRequestFilter.java:179) ~[spring-security-web-6.4.4.jar:6.4.4]
	at org.springframework.security.web.FilterChainProxy$VirtualFilterChain.doFilter(FilterChainProxy.java:374) ~[spring-security-web-6.4.4.jar:6.4.4]
	at org.springframework.security.web.savedrequest.RequestCacheAwareFilter.doFilter(RequestCacheAwareFilter.java:63) ~[spring-security-web-6.4.4.jar:6.4.4]
	at org.springframework.security.web.FilterChainProxy$VirtualFilterChain.doFilter(FilterChainProxy.java:374) ~[spring-security-web-6.4.4.jar:6.4.4]
	at org.springframework.security.web.authentication.logout.LogoutFilter.doFilter(LogoutFilter.java:107) ~[spring-security-web-6.4.4.jar:6.4.4]
	at org.springframework.security.web.authentication.logout.LogoutFilter.doFilter(LogoutFilter.java:93) ~[spring-security-web-6.4.4.jar:6.4.4]
	at org.springframework.security.web.FilterChainProxy$VirtualFilterChain.doFilter(FilterChainProxy.java:374) ~[spring-security-web-6.4.4.jar:6.4.4]
	at org.springframework.security.web.header.HeaderWriterFilter.doHeadersAfter(HeaderWriterFilter.java:90) ~[spring-security-web-6.4.4.jar:6.4.4]
	at org.springframework.security.web.header.HeaderWriterFilter.doFilterInternal(HeaderWriterFilter.java:75) ~[spring-security-web-6.4.4.jar:6.4.4]
	at org.springframework.web.filter.OncePerRequestFilter.doFilter(OncePerRequestFilter.java:116) ~[spring-web-6.2.5.jar:6.2.5]
	at org.springframework.security.web.FilterChainProxy$VirtualFilterChain.doFilter(FilterChainProxy.java:374) ~[spring-security-web-6.4.4.jar:6.4.4]
	at org.springframework.security.web.context.SecurityContextHolderFilter.doFilter(SecurityContextHolderFilter.java:82) ~[spring-security-web-6.4.4.jar:6.4.4]
	at org.springframework.security.web.context.SecurityContextHolderFilter.doFilter(SecurityContextHolderFilter.java:69) ~[spring-security-web-6.4.4.jar:6.4.4]
	at org.springframework.security.web.FilterChainProxy$VirtualFilterChain.doFilter(FilterChainProxy.java:374) ~[spring-security-web-6.4.4.jar:6.4.4]
	at org.springframework.security.web.context.request.async.WebAsyncManagerIntegrationFilter.doFilterInternal(WebAsyncManagerIntegrationFilter.java:62) ~[spring-security-web-6.4.4.jar:6.4.4]
	at org.springframework.web.filter.OncePerRequestFilter.doFilter(OncePerRequestFilter.java:116) ~[spring-web-6.2.5.jar:6.2.5]
	at org.springframework.security.web.FilterChainProxy$VirtualFilterChain.doFilter(FilterChainProxy.java:374) ~[spring-security-web-6.4.4.jar:6.4.4]
	at org.springframework.security.web.session.DisableEncodeUrlFilter.doFilterInternal(DisableEncodeUrlFilter.java:42) ~[spring-security-web-6.4.4.jar:6.4.4]
	at org.springframework.web.filter.OncePerRequestFilter.doFilter(OncePerRequestFilter.java:116) ~[spring-web-6.2.5.jar:6.2.5]
	at org.springframework.security.web.FilterChainProxy$VirtualFilterChain.doFilter(FilterChainProxy.java:374) ~[spring-security-web-6.4.4.jar:6.4.4]
	at org.springframework.security.web.FilterChainProxy.doFilterInternal(FilterChainProxy.java:233) ~[spring-security-web-6.4.4.jar:6.4.4]
	at org.springframework.security.web.FilterChainProxy.doFilter(FilterChainProxy.java:191) ~[spring-security-web-6.4.4.jar:6.4.4]
	at org.springframework.web.filter.CompositeFilter$VirtualFilterChain.doFilter(CompositeFilter.java:113) ~[spring-web-6.2.5.jar:6.2.5]
	at org.springframework.web.servlet.handler.HandlerMappingIntrospector.lambda$createCacheFilter$3(HandlerMappingIntrospector.java:243) ~[spring-webmvc-6.2.5.jar:6.2.5]
	at org.springframework.web.filter.CompositeFilter$VirtualFilterChain.doFilter(CompositeFilter.java:113) ~[spring-web-6.2.5.jar:6.2.5]
	at org.springframework.web.filter.CompositeFilter.doFilter(CompositeFilter.java:74) ~[spring-web-6.2.5.jar:6.2.5]
	at org.springframework.security.config.annotation.web.configuration.WebMvcSecurityConfiguration$CompositeFilterChainProxy.doFilter(WebMvcSecurityConfiguration.java:238) ~[spring-security-config-6.4.4.jar:6.4.4]
	at org.springframework.web.filter.DelegatingFilterProxy.invokeDelegate(DelegatingFilterProxy.java:362) ~[spring-web-6.2.5.jar:6.2.5]
	at org.springframework.web.filter.DelegatingFilterProxy.doFilter(DelegatingFilterProxy.java:278) ~[spring-web-6.2.5.jar:6.2.5]
	at org.apache.catalina.core.ApplicationFilterChain.internalDoFilter(ApplicationFilterChain.java:164) ~[tomcat-embed-core-10.1.39.jar:10.1.39]
	at org.apache.catalina.core.ApplicationFilterChain.doFilter(ApplicationFilterChain.java:140) ~[tomcat-embed-core-10.1.39.jar:10.1.39]
	at org.springframework.web.filter.RequestContextFilter.doFilterInternal(RequestContextFilter.java:100) ~[spring-web-6.2.5.jar:6.2.5]
	at org.springframework.web.filter.OncePerRequestFilter.doFilter(OncePerRequestFilter.java:116) ~[spring-web-6.2.5.jar:6.2.5]
	at org.apache.catalina.core.ApplicationFilterChain.internalDoFilter(ApplicationFilterChain.java:164) ~[tomcat-embed-core-10.1.39.jar:10.1.39]
	at org.apache.catalina.core.ApplicationFilterChain.doFilter(ApplicationFilterChain.java:140) ~[tomcat-embed-core-10.1.39.jar:10.1.39]
	at org.springframework.web.filter.FormContentFilter.doFilterInternal(FormContentFilter.java:93) ~[spring-web-6.2.5.jar:6.2.5]
	at org.springframework.web.filter.OncePerRequestFilter.doFilter(OncePerRequestFilter.java:116) ~[spring-web-6.2.5.jar:6.2.5]
	at org.apache.catalina.core.ApplicationFilterChain.internalDoFilter(ApplicationFilterChain.java:164) ~[tomcat-embed-core-10.1.39.jar:10.1.39]
	at org.apache.catalina.core.ApplicationFilterChain.doFilter(ApplicationFilterChain.java:140) ~[tomcat-embed-core-10.1.39.jar:10.1.39]
	at org.springframework.web.filter.CharacterEncodingFilter.doFilterInternal(CharacterEncodingFilter.java:201) ~[spring-web-6.2.5.jar:6.2.5]
	at org.springframework.web.filter.OncePerRequestFilter.doFilter(OncePerRequestFilter.java:116) ~[spring-web-6.2.5.jar:6.2.5]
	at org.apache.catalina.core.ApplicationFilterChain.internalDoFilter(ApplicationFilterChain.java:164) ~[tomcat-embed-core-10.1.39.jar:10.1.39]
	at org.apache.catalina.core.ApplicationFilterChain.doFilter(ApplicationFilterChain.java:140) ~[tomcat-embed-core-10.1.39.jar:10.1.39]
	at org.apache.catalina.core.StandardWrapperValve.invoke(StandardWrapperValve.java:167) ~[tomcat-embed-core-10.1.39.jar:10.1.39]
	at org.apache.catalina.core.StandardContextValve.invoke(StandardContextValve.java:90) ~[tomcat-embed-core-10.1.39.jar:10.1.39]
	at org.apache.catalina.authenticator.AuthenticatorBase.invoke(AuthenticatorBase.java:483) ~[tomcat-embed-core-10.1.39.jar:10.1.39]
	at org.apache.catalina.core.StandardHostValve.invoke(StandardHostValve.java:115) ~[tomcat-embed-core-10.1.39.jar:10.1.39]
	at org.apache.catalina.valves.ErrorReportValve.invoke(ErrorReportValve.java:93) ~[tomcat-embed-core-10.1.39.jar:10.1.39]
	at org.apache.catalina.core.StandardEngineValve.invoke(StandardEngineValve.java:74) ~[tomcat-embed-core-10.1.39.jar:10.1.39]
	at org.apache.catalina.connector.CoyoteAdapter.service(CoyoteAdapter.java:344) ~[tomcat-embed-core-10.1.39.jar:10.1.39]
	at org.apache.coyote.http11.Http11Processor.service(Http11Processor.java:397) ~[tomcat-embed-core-10.1.39.jar:10.1.39]
	at org.apache.coyote.AbstractProcessorLight.process(AbstractProcessorLight.java:63) ~[tomcat-embed-core-10.1.39.jar:10.1.39]
	at org.apache.coyote.AbstractProtocol$ConnectionHandler.process(AbstractProtocol.java:905) ~[tomcat-embed-core-10.1.39.jar:10.1.39]
	at org.apache.tomcat.util.net.NioEndpoint$SocketProcessor.doRun(NioEndpoint.java:1743) ~[tomcat-embed-core-10.1.39.jar:10.1.39]
	at org.apache.tomcat.util.net.SocketProcessorBase.run(SocketProcessorBase.java:52) ~[tomcat-embed-core-10.1.39.jar:10.1.39]
	at org.apache.tomcat.util.threads.ThreadPoolExecutor.runWorker(ThreadPoolExecutor.java:1190) ~[tomcat-embed-core-10.1.39.jar:10.1.39]
	at org.apache.tomcat.util.threads.ThreadPoolExecutor$Worker.run(ThreadPoolExecutor.java:659) ~[tomcat-embed-core-10.1.39.jar:10.1.39]
	at org.apache.tomcat.util.threads.TaskThread$WrappingRunnable.run(TaskThread.java:63) ~[tomcat-embed-core-10.1.39.jar:10.1.39]
	at java.base/java.lang.Thread.run(Thread.java:1575) ~[na:na]

2025-04-05T01:45:12.042+05:30 DEBUG 19296 --- [LoginSignup] [http-nio-8083-exec-7] o.s.security.web.FilterChainProxy        : Securing POST /error
2025-04-05T01:45:12.043+05:30 DEBUG 19296 --- [LoginSignup] [http-nio-8083-exec-7] o.s.s.w.a.AnonymousAuthenticationFilter  : Set SecurityContextHolder to anonymous SecurityContext
2025-04-05T01:45:12.044+05:30 DEBUG 19296 --- [LoginSignup] [http-nio-8083-exec-7] o.s.s.w.s.HttpSessionRequestCache        : Saved request http://localhost:8083/error?continue to session
2025-04-05T01:45:12.044+05:30 DEBUG 19296 --- [LoginSignup] [http-nio-8083-exec-7] o.s.s.w.a.Http403ForbiddenEntryPoint     : Pre-authenticated entry point called. Rejecting access
2025-04-05T01:46:50.135+05:30 DEBUG 19296 --- [LoginSignup] [http-nio-8083-exec-9] o.s.security.web.FilterChainProxy        : Securing POST /auth/login
2025-04-05T01:46:50.136+05:30 DEBUG 19296 --- [LoginSignup] [http-nio-8083-exec-9] o.s.security.web.FilterChainProxy        : Secured POST /auth/login
2025-04-05T01:46:50.137+05:30 DEBUG 19296 --- [LoginSignup] [http-nio-8083-exec-9] o.s.web.servlet.DispatcherServlet        : POST "/auth/login", parameters={}
2025-04-05T01:46:50.138+05:30 DEBUG 19296 --- [LoginSignup] [http-nio-8083-exec-9] s.w.s.m.m.a.RequestMappingHandlerMapping : Mapped to com.example.LoginSignup.controller.UserController#login(UserDTO)
2025-04-05T01:46:50.138+05:30 DEBUG 19296 --- [LoginSignup] [http-nio-8083-exec-9] o.j.s.OpenEntityManagerInViewInterceptor : Opening JPA EntityManager in OpenEntityManagerInViewInterceptor
2025-04-05T01:46:50.141+05:30 DEBUG 19296 --- [LoginSignup] [http-nio-8083-exec-9] m.m.a.RequestResponseBodyMethodProcessor : Read "application/json;charset=UTF-8" to [com.example.LoginSignup.dto.UserDTO@1687df51]
2025-04-05T01:46:50.146+05:30 DEBUG 19296 --- [LoginSignup] [http-nio-8083-exec-9] org.hibernate.SQL                        : select um1_0.id,um1_0.email,um1_0.password,um1_0.role,um1_0.user_name from user_information um1_0 where um1_0.email=?
2025-04-05T01:46:50.325+05:30 DEBUG 19296 --- [LoginSignup] [http-nio-8083-exec-9] o.j.s.OpenEntityManagerInViewInterceptor : Closing JPA EntityManager in OpenEntityManagerInViewInterceptor
2025-04-05T01:46:50.325+05:30 DEBUG 19296 --- [LoginSignup] [http-nio-8083-exec-9] o.s.web.servlet.DispatcherServlet        : Failed to complete request: io.jsonwebtoken.security.WeakKeyException: The signing key's size is 16 bits which is not secure enough for the HS256 algorithm.  The JWT JWA Specification (RFC 7518, Section 3.2) states that keys used with HS256 MUST have a size >= 256 bits (the key size must be greater than or equal to the hash output size).  Consider using the io.jsonwebtoken.security.Keys class's 'secretKeyFor(SignatureAlgorithm.HS256)' method to create a key guaranteed to be secure enough for HS256.  See https://tools.ietf.org/html/rfc7518#section-3.2 for more information.
2025-04-05T01:46:50.325+05:30 DEBUG 19296 --- [LoginSignup] [http-nio-8083-exec-9] o.s.s.w.a.AnonymousAuthenticationFilter  : Set SecurityContextHolder to anonymous SecurityContext
2025-04-05T01:46:50.326+05:30 ERROR 19296 --- [LoginSignup] [http-nio-8083-exec-9] o.a.c.c.C.[.[.[/].[dispatcherServlet]    : Servlet.service() for servlet [dispatcherServlet] in context with path [] threw exception [Request processing failed: io.jsonwebtoken.security.WeakKeyException: The signing key's size is 16 bits which is not secure enough for the HS256 algorithm.  The JWT JWA Specification (RFC 7518, Section 3.2) states that keys used with HS256 MUST have a size >= 256 bits (the key size must be greater than or equal to the hash output size).  Consider using the io.jsonwebtoken.security.Keys class's 'secretKeyFor(SignatureAlgorithm.HS256)' method to create a key guaranteed to be secure enough for HS256.  See https://tools.ietf.org/html/rfc7518#section-3.2 for more information.] with root cause

io.jsonwebtoken.security.WeakKeyException: The signing key's size is 16 bits which is not secure enough for the HS256 algorithm.  The JWT JWA Specification (RFC 7518, Section 3.2) states that keys used with HS256 MUST have a size >= 256 bits (the key size must be greater than or equal to the hash output size).  Consider using the io.jsonwebtoken.security.Keys class's 'secretKeyFor(SignatureAlgorithm.HS256)' method to create a key guaranteed to be secure enough for HS256.  See https://tools.ietf.org/html/rfc7518#section-3.2 for more information.
	at io.jsonwebtoken.SignatureAlgorithm.assertValid(SignatureAlgorithm.java:387) ~[jjwt-api-0.11.5.jar:0.11.5]
	at io.jsonwebtoken.SignatureAlgorithm.assertValidSigningKey(SignatureAlgorithm.java:315) ~[jjwt-api-0.11.5.jar:0.11.5]
	at io.jsonwebtoken.impl.DefaultJwtBuilder.signWith(DefaultJwtBuilder.java:112) ~[jjwt-impl-0.11.5.jar:0.11.5]
	at io.jsonwebtoken.impl.DefaultJwtBuilder.signWith(DefaultJwtBuilder.java:125) ~[jjwt-impl-0.11.5.jar:0.11.5]
	at io.jsonwebtoken.impl.DefaultJwtBuilder.signWith(DefaultJwtBuilder.java:133) ~[jjwt-impl-0.11.5.jar:0.11.5]
	at com.example.LoginSignup.component.JwtUtil.generateToken(JwtUtil.java:27) ~[classes/:na]
	at com.example.LoginSignup.service.UserService.login(UserService.java:61) ~[classes/:na]
	at com.example.LoginSignup.controller.UserController.login(UserController.java:22) ~[classes/:na]
	at java.base/jdk.internal.reflect.DirectMethodHandleAccessor.invoke(DirectMethodHandleAccessor.java:103) ~[na:na]
	at java.base/java.lang.reflect.Method.invoke(Method.java:580) ~[na:na]
	at org.springframework.web.method.support.InvocableHandlerMethod.doInvoke(InvocableHandlerMethod.java:258) ~[spring-web-6.2.5.jar:6.2.5]
	at org.springframework.web.method.support.InvocableHandlerMethod.invokeForRequest(InvocableHandlerMethod.java:191) ~[spring-web-6.2.5.jar:6.2.5]
	at org.springframework.web.servlet.mvc.method.annotation.ServletInvocableHandlerMethod.invokeAndHandle(ServletInvocableHandlerMethod.java:118) ~[spring-webmvc-6.2.5.jar:6.2.5]
	at org.springframework.web.servlet.mvc.method.annotation.RequestMappingHandlerAdapter.invokeHandlerMethod(RequestMappingHandlerAdapter.java:986) ~[spring-webmvc-6.2.5.jar:6.2.5]
	at org.springframework.web.servlet.mvc.method.annotation.RequestMappingHandlerAdapter.handleInternal(RequestMappingHandlerAdapter.java:891) ~[spring-webmvc-6.2.5.jar:6.2.5]
	at org.springframework.web.servlet.mvc.method.AbstractHandlerMethodAdapter.handle(AbstractHandlerMethodAdapter.java:87) ~[spring-webmvc-6.2.5.jar:6.2.5]
	at org.springframework.web.servlet.DispatcherServlet.doDispatch(DispatcherServlet.java:1089) ~[spring-webmvc-6.2.5.jar:6.2.5]
	at org.springframework.web.servlet.DispatcherServlet.doService(DispatcherServlet.java:979) ~[spring-webmvc-6.2.5.jar:6.2.5]
	at org.springframework.web.servlet.FrameworkServlet.processRequest(FrameworkServlet.java:1014) ~[spring-webmvc-6.2.5.jar:6.2.5]
	at org.springframework.web.servlet.FrameworkServlet.doPost(FrameworkServlet.java:914) ~[spring-webmvc-6.2.5.jar:6.2.5]
	at jakarta.servlet.http.HttpServlet.service(HttpServlet.java:590) ~[tomcat-embed-core-10.1.39.jar:6.0]
	at org.springframework.web.servlet.FrameworkServlet.service(FrameworkServlet.java:885) ~[spring-webmvc-6.2.5.jar:6.2.5]
	at jakarta.servlet.http.HttpServlet.service(HttpServlet.java:658) ~[tomcat-embed-core-10.1.39.jar:6.0]
	at org.apache.catalina.core.ApplicationFilterChain.internalDoFilter(ApplicationFilterChain.java:195) ~[tomcat-embed-core-10.1.39.jar:10.1.39]
	at org.apache.catalina.core.ApplicationFilterChain.doFilter(ApplicationFilterChain.java:140) ~[tomcat-embed-core-10.1.39.jar:10.1.39]
	at org.apache.tomcat.websocket.server.WsFilter.doFilter(WsFilter.java:51) ~[tomcat-embed-websocket-10.1.39.jar:10.1.39]
	at org.apache.catalina.core.ApplicationFilterChain.internalDoFilter(ApplicationFilterChain.java:164) ~[tomcat-embed-core-10.1.39.jar:10.1.39]
	at org.apache.catalina.core.ApplicationFilterChain.doFilter(ApplicationFilterChain.java:140) ~[tomcat-embed-core-10.1.39.jar:10.1.39]
	at org.springframework.web.filter.CompositeFilter$VirtualFilterChain.doFilter(CompositeFilter.java:108) ~[spring-web-6.2.5.jar:6.2.5]
	at org.springframework.security.web.FilterChainProxy.lambda$doFilterInternal$3(FilterChainProxy.java:231) ~[spring-security-web-6.4.4.jar:6.4.4]
	at org.springframework.security.web.FilterChainProxy$VirtualFilterChain.doFilter(FilterChainProxy.java:365) ~[spring-security-web-6.4.4.jar:6.4.4]
	at org.springframework.security.web.access.intercept.AuthorizationFilter.doFilter(AuthorizationFilter.java:101) ~[spring-security-web-6.4.4.jar:6.4.4]
	at org.springframework.security.web.FilterChainProxy$VirtualFilterChain.doFilter(FilterChainProxy.java:374) ~[spring-security-web-6.4.4.jar:6.4.4]
	at org.springframework.security.web.access.ExceptionTranslationFilter.doFilter(ExceptionTranslationFilter.java:126) ~[spring-security-web-6.4.4.jar:6.4.4]
	at org.springframework.security.web.access.ExceptionTranslationFilter.doFilter(ExceptionTranslationFilter.java:120) ~[spring-security-web-6.4.4.jar:6.4.4]
	at org.springframework.security.web.FilterChainProxy$VirtualFilterChain.doFilter(FilterChainProxy.java:374) ~[spring-security-web-6.4.4.jar:6.4.4]
	at org.springframework.security.web.authentication.AnonymousAuthenticationFilter.doFilter(AnonymousAuthenticationFilter.java:100) ~[spring-security-web-6.4.4.jar:6.4.4]
	at org.springframework.security.web.FilterChainProxy$VirtualFilterChain.doFilter(FilterChainProxy.java:374) ~[spring-security-web-6.4.4.jar:6.4.4]
	at org.springframework.security.web.servletapi.SecurityContextHolderAwareRequestFilter.doFilter(SecurityContextHolderAwareRequestFilter.java:179) ~[spring-security-web-6.4.4.jar:6.4.4]
	at org.springframework.security.web.FilterChainProxy$VirtualFilterChain.doFilter(FilterChainProxy.java:374) ~[spring-security-web-6.4.4.jar:6.4.4]
	at org.springframework.security.web.savedrequest.RequestCacheAwareFilter.doFilter(RequestCacheAwareFilter.java:63) ~[spring-security-web-6.4.4.jar:6.4.4]
	at org.springframework.security.web.FilterChainProxy$VirtualFilterChain.doFilter(FilterChainProxy.java:374) ~[spring-security-web-6.4.4.jar:6.4.4]
	at org.springframework.security.web.authentication.logout.LogoutFilter.doFilter(LogoutFilter.java:107) ~[spring-security-web-6.4.4.jar:6.4.4]
	at org.springframework.security.web.authentication.logout.LogoutFilter.doFilter(LogoutFilter.java:93) ~[spring-security-web-6.4.4.jar:6.4.4]
	at org.springframework.security.web.FilterChainProxy$VirtualFilterChain.doFilter(FilterChainProxy.java:374) ~[spring-security-web-6.4.4.jar:6.4.4]
	at org.springframework.security.web.header.HeaderWriterFilter.doHeadersAfter(HeaderWriterFilter.java:90) ~[spring-security-web-6.4.4.jar:6.4.4]
	at org.springframework.security.web.header.HeaderWriterFilter.doFilterInternal(HeaderWriterFilter.java:75) ~[spring-security-web-6.4.4.jar:6.4.4]
	at org.springframework.web.filter.OncePerRequestFilter.doFilter(OncePerRequestFilter.java:116) ~[spring-web-6.2.5.jar:6.2.5]
	at org.springframework.security.web.FilterChainProxy$VirtualFilterChain.doFilter(FilterChainProxy.java:374) ~[spring-security-web-6.4.4.jar:6.4.4]
	at org.springframework.security.web.context.SecurityContextHolderFilter.doFilter(SecurityContextHolderFilter.java:82) ~[spring-security-web-6.4.4.jar:6.4.4]
	at org.springframework.security.web.context.SecurityContextHolderFilter.doFilter(SecurityContextHolderFilter.java:69) ~[spring-security-web-6.4.4.jar:6.4.4]
	at org.springframework.security.web.FilterChainProxy$VirtualFilterChain.doFilter(FilterChainProxy.java:374) ~[spring-security-web-6.4.4.jar:6.4.4]
	at org.springframework.security.web.context.request.async.WebAsyncManagerIntegrationFilter.doFilterInternal(WebAsyncManagerIntegrationFilter.java:62) ~[spring-security-web-6.4.4.jar:6.4.4]
	at org.springframework.web.filter.OncePerRequestFilter.doFilter(OncePerRequestFilter.java:116) ~[spring-web-6.2.5.jar:6.2.5]
	at org.springframework.security.web.FilterChainProxy$VirtualFilterChain.doFilter(FilterChainProxy.java:374) ~[spring-security-web-6.4.4.jar:6.4.4]
	at org.springframework.security.web.session.DisableEncodeUrlFilter.doFilterInternal(DisableEncodeUrlFilter.java:42) ~[spring-security-web-6.4.4.jar:6.4.4]
	at org.springframework.web.filter.OncePerRequestFilter.doFilter(OncePerRequestFilter.java:116) ~[spring-web-6.2.5.jar:6.2.5]
	at org.springframework.security.web.FilterChainProxy$VirtualFilterChain.doFilter(FilterChainProxy.java:374) ~[spring-security-web-6.4.4.jar:6.4.4]
	at org.springframework.security.web.FilterChainProxy.doFilterInternal(FilterChainProxy.java:233) ~[spring-security-web-6.4.4.jar:6.4.4]
	at org.springframework.security.web.FilterChainProxy.doFilter(FilterChainProxy.java:191) ~[spring-security-web-6.4.4.jar:6.4.4]
	at org.springframework.web.filter.CompositeFilter$VirtualFilterChain.doFilter(CompositeFilter.java:113) ~[spring-web-6.2.5.jar:6.2.5]
	at org.springframework.web.servlet.handler.HandlerMappingIntrospector.lambda$createCacheFilter$3(HandlerMappingIntrospector.java:243) ~[spring-webmvc-6.2.5.jar:6.2.5]
	at org.springframework.web.filter.CompositeFilter$VirtualFilterChain.doFilter(CompositeFilter.java:113) ~[spring-web-6.2.5.jar:6.2.5]
	at org.springframework.web.filter.CompositeFilter.doFilter(CompositeFilter.java:74) ~[spring-web-6.2.5.jar:6.2.5]
	at org.springframework.security.config.annotation.web.configuration.WebMvcSecurityConfiguration$CompositeFilterChainProxy.doFilter(WebMvcSecurityConfiguration.java:238) ~[spring-security-config-6.4.4.jar:6.4.4]
	at org.springframework.web.filter.DelegatingFilterProxy.invokeDelegate(DelegatingFilterProxy.java:362) ~[spring-web-6.2.5.jar:6.2.5]
	at org.springframework.web.filter.DelegatingFilterProxy.doFilter(DelegatingFilterProxy.java:278) ~[spring-web-6.2.5.jar:6.2.5]
	at org.apache.catalina.core.ApplicationFilterChain.internalDoFilter(ApplicationFilterChain.java:164) ~[tomcat-embed-core-10.1.39.jar:10.1.39]
	at org.apache.catalina.core.ApplicationFilterChain.doFilter(ApplicationFilterChain.java:140) ~[tomcat-embed-core-10.1.39.jar:10.1.39]
	at org.springframework.web.filter.RequestContextFilter.doFilterInternal(RequestContextFilter.java:100) ~[spring-web-6.2.5.jar:6.2.5]
	at org.springframework.web.filter.OncePerRequestFilter.doFilter(OncePerRequestFilter.java:116) ~[spring-web-6.2.5.jar:6.2.5]
	at org.apache.catalina.core.ApplicationFilterChain.internalDoFilter(ApplicationFilterChain.java:164) ~[tomcat-embed-core-10.1.39.jar:10.1.39]
	at org.apache.catalina.core.ApplicationFilterChain.doFilter(ApplicationFilterChain.java:140) ~[tomcat-embed-core-10.1.39.jar:10.1.39]
	at org.springframework.web.filter.FormContentFilter.doFilterInternal(FormContentFilter.java:93) ~[spring-web-6.2.5.jar:6.2.5]
	at org.springframework.web.filter.OncePerRequestFilter.doFilter(OncePerRequestFilter.java:116) ~[spring-web-6.2.5.jar:6.2.5]
	at org.apache.catalina.core.ApplicationFilterChain.internalDoFilter(ApplicationFilterChain.java:164) ~[tomcat-embed-core-10.1.39.jar:10.1.39]
	at org.apache.catalina.core.ApplicationFilterChain.doFilter(ApplicationFilterChain.java:140) ~[tomcat-embed-core-10.1.39.jar:10.1.39]
	at org.springframework.web.filter.CharacterEncodingFilter.doFilterInternal(CharacterEncodingFilter.java:201) ~[spring-web-6.2.5.jar:6.2.5]
	at org.springframework.web.filter.OncePerRequestFilter.doFilter(OncePerRequestFilter.java:116) ~[spring-web-6.2.5.jar:6.2.5]
	at org.apache.catalina.core.ApplicationFilterChain.internalDoFilter(ApplicationFilterChain.java:164) ~[tomcat-embed-core-10.1.39.jar:10.1.39]
	at org.apache.catalina.core.ApplicationFilterChain.doFilter(ApplicationFilterChain.java:140) ~[tomcat-embed-core-10.1.39.jar:10.1.39]
	at org.apache.catalina.core.StandardWrapperValve.invoke(StandardWrapperValve.java:167) ~[tomcat-embed-core-10.1.39.jar:10.1.39]
	at org.apache.catalina.core.StandardContextValve.invoke(StandardContextValve.java:90) ~[tomcat-embed-core-10.1.39.jar:10.1.39]
	at org.apache.catalina.authenticator.AuthenticatorBase.invoke(AuthenticatorBase.java:483) ~[tomcat-embed-core-10.1.39.jar:10.1.39]
	at org.apache.catalina.core.StandardHostValve.invoke(StandardHostValve.java:115) ~[tomcat-embed-core-10.1.39.jar:10.1.39]
	at org.apache.catalina.valves.ErrorReportValve.invoke(ErrorReportValve.java:93) ~[tomcat-embed-core-10.1.39.jar:10.1.39]
	at org.apache.catalina.core.StandardEngineValve.invoke(StandardEngineValve.java:74) ~[tomcat-embed-core-10.1.39.jar:10.1.39]
	at org.apache.catalina.connector.CoyoteAdapter.service(CoyoteAdapter.java:344) ~[tomcat-embed-core-10.1.39.jar:10.1.39]
	at org.apache.coyote.http11.Http11Processor.service(Http11Processor.java:397) ~[tomcat-embed-core-10.1.39.jar:10.1.39]
	at org.apache.coyote.AbstractProcessorLight.process(AbstractProcessorLight.java:63) ~[tomcat-embed-core-10.1.39.jar:10.1.39]
	at org.apache.coyote.AbstractProtocol$ConnectionHandler.process(AbstractProtocol.java:905) ~[tomcat-embed-core-10.1.39.jar:10.1.39]
	at org.apache.tomcat.util.net.NioEndpoint$SocketProcessor.doRun(NioEndpoint.java:1743) ~[tomcat-embed-core-10.1.39.jar:10.1.39]
	at org.apache.tomcat.util.net.SocketProcessorBase.run(SocketProcessorBase.java:52) ~[tomcat-embed-core-10.1.39.jar:10.1.39]
	at org.apache.tomcat.util.threads.ThreadPoolExecutor.runWorker(ThreadPoolExecutor.java:1190) ~[tomcat-embed-core-10.1.39.jar:10.1.39]
	at org.apache.tomcat.util.threads.ThreadPoolExecutor$Worker.run(ThreadPoolExecutor.java:659) ~[tomcat-embed-core-10.1.39.jar:10.1.39]
	at org.apache.tomcat.util.threads.TaskThread$WrappingRunnable.run(TaskThread.java:63) ~[tomcat-embed-core-10.1.39.jar:10.1.39]
	at java.base/java.lang.Thread.run(Thread.java:1575) ~[na:na]

2025-04-05T01:46:50.329+05:30 DEBUG 19296 --- [LoginSignup] [http-nio-8083-exec-9] o.s.security.web.FilterChainProxy        : Securing POST /error
2025-04-05T01:46:50.329+05:30 DEBUG 19296 --- [LoginSignup] [http-nio-8083-exec-9] o.s.s.w.a.AnonymousAuthenticationFilter  : Set SecurityContextHolder to anonymous SecurityContext
2025-04-05T01:46:50.331+05:30 DEBUG 19296 --- [LoginSignup] [http-nio-8083-exec-9] o.s.s.w.s.HttpSessionRequestCache        : Saved request http://localhost:8083/error?continue to session
2025-04-05T01:46:50.331+05:30 DEBUG 19296 --- [LoginSignup] [http-nio-8083-exec-9] o.s.s.w.a.Http403ForbiddenEntryPoint     : Pre-authenticated entry point called. Rejecting access
2025-04-05T01:53:12.837+05:30  WARN 19296 --- [LoginSignup] [HikariPool-1 housekeeper] com.zaxxer.hikari.pool.HikariPool        : HikariPool-1 - Thread starvation or clock leap detected (housekeeper delta=2m51s131ms136µs).
2025-04-05T01:55:47.148+05:30 DEBUG 19296 --- [LoginSignup] [SpringApplicationShutdownHook] o.s.b.a.ApplicationAvailabilityBean      : Application availability state ReadinessState changed from ACCEPTING_TRAFFIC to REFUSING_TRAFFIC
2025-04-05T01:55:47.176+05:30 DEBUG 19296 --- [LoginSignup] [SpringApplicationShutdownHook] ConfigServletWebServerApplicationContext : Closing org.springframework.boot.web.servlet.context.AnnotationConfigServletWebServerApplicationContext@3b8f0a79, started on Sat Apr 05 01:32:47 IST 2025
2025-04-05T01:55:47.263+05:30 DEBUG 19296 --- [LoginSignup] [SpringApplicationShutdownHook] o.s.c.support.DefaultLifecycleProcessor  : Stopping beans in phase 2147482623
2025-04-05T01:55:47.287+05:30  INFO 19296 --- [LoginSignup] [SpringApplicationShutdownHook] o.s.b.w.e.tomcat.GracefulShutdown        : Commencing graceful shutdown. Waiting for active requests to complete
2025-04-05T01:55:47.326+05:30  INFO 19296 --- [LoginSignup] [tomcat-shutdown] o.s.b.w.e.tomcat.GracefulShutdown        : Graceful shutdown complete
2025-04-05T01:55:47.329+05:30 DEBUG 19296 --- [LoginSignup] [SpringApplicationShutdownHook] o.s.c.support.DefaultLifecycleProcessor  : Stopping beans in phase 2147481599
2025-04-05T01:55:47.330+05:30 DEBUG 19296 --- [LoginSignup] [tomcat-shutdown] o.s.c.support.DefaultLifecycleProcessor  : Bean 'webServerGracefulShutdown' completed its stop procedure
2025-04-05T01:55:47.345+05:30 DEBUG 19296 --- [LoginSignup] [SpringApplicationShutdownHook] o.s.c.support.DefaultLifecycleProcessor  : Bean 'webServerStartStop' completed its stop procedure
2025-04-05T01:55:47.345+05:30 DEBUG 19296 --- [LoginSignup] [SpringApplicationShutdownHook] o.s.c.support.DefaultLifecycleProcessor  : Stopping beans in phase 1073741823
2025-04-05T01:55:47.345+05:30 DEBUG 19296 --- [LoginSignup] [SpringApplicationShutdownHook] o.s.c.support.DefaultLifecycleProcessor  : Bean 'applicationTaskExecutor' completed its stop procedure
2025-04-05T01:55:47.345+05:30 DEBUG 19296 --- [LoginSignup] [SpringApplicationShutdownHook] o.s.c.support.DefaultLifecycleProcessor  : Stopping beans in phase -2147483647
2025-04-05T01:55:47.347+05:30 DEBUG 19296 --- [LoginSignup] [SpringApplicationShutdownHook] o.s.c.support.DefaultLifecycleProcessor  : Bean 'springBootLoggingLifecycle' completed its stop procedure
2025-04-05T01:55:47.352+05:30 DEBUG 19296 --- [LoginSignup] [SpringApplicationShutdownHook] o.s.s.concurrent.ThreadPoolTaskExecutor  : Shutting down ExecutorService 'applicationTaskExecutor'
2025-04-05T01:55:47.356+05:30  INFO 19296 --- [LoginSignup] [SpringApplicationShutdownHook] j.LocalContainerEntityManagerFactoryBean : Closing JPA EntityManagerFactory for persistence unit 'default'
2025-04-05T01:55:47.401+05:30  INFO 19296 --- [LoginSignup] [SpringApplicationShutdownHook] com.zaxxer.hikari.HikariDataSource       : HikariPool-1 - Shutdown initiated...
2025-04-05T01:55:47.461+05:30  INFO 19296 --- [LoginSignup] [SpringApplicationShutdownHook] com.zaxxer.hikari.HikariDataSource       : HikariPool-1 - Shutdown completed.
2025-04-05T01:55:52.059+05:30  INFO 8816 --- [LoginSignup] [main] c.e.LoginSignup.LoginSignupApplication   : Starting LoginSignupApplication using Java 23.0.2 with PID 8816 (C:\Users\HP\OneDrive\Documents\CGFlightProject\Microservices\LoginSignup\target\classes started by HP in C:\Users\HP\OneDrive\Documents\CGFlightProject\Microservices\LoginSignup)
2025-04-05T01:55:52.062+05:30  INFO 8816 --- [LoginSignup] [main] c.e.LoginSignup.LoginSignupApplication   : No active profile set, falling back to 1 default profile: "default"
2025-04-05T01:55:52.063+05:30 DEBUG 8816 --- [LoginSignup] [main] o.s.boot.SpringApplication               : Loading source class com.example.LoginSignup.LoginSignupApplication
2025-04-05T01:55:52.143+05:30 DEBUG 8816 --- [LoginSignup] [main] ConfigServletWebServerApplicationContext : Refreshing org.springframework.boot.web.servlet.context.AnnotationConfigServletWebServerApplicationContext@3b8f0a79
2025-04-05T01:55:52.176+05:30 DEBUG 8816 --- [LoginSignup] [main] o.s.b.f.s.DefaultListableBeanFactory     : Creating shared instance of singleton bean 'org.springframework.context.annotation.internalConfigurationAnnotationProcessor'
2025-04-05T01:55:52.202+05:30 DEBUG 8816 --- [LoginSignup] [main] o.s.b.f.s.DefaultListableBeanFactory     : Creating shared instance of singleton bean 'org.springframework.boot.autoconfigure.internalCachingMetadataReaderFactory'
2025-04-05T01:55:52.329+05:30 DEBUG 8816 --- [LoginSignup] [main] o.s.c.a.ClassPathBeanDefinitionScanner   : Identified candidate component class: file [C:\Users\HP\OneDrive\Documents\CGFlightProject\Microservices\LoginSignup\target\classes\com\example\LoginSignup\component\JwtUtil.class]
2025-04-05T01:55:52.339+05:30 DEBUG 8816 --- [LoginSignup] [main] o.s.c.a.ClassPathBeanDefinitionScanner   : Identified candidate component class: file [C:\Users\HP\OneDrive\Documents\CGFlightProject\Microservices\LoginSignup\target\classes\com\example\LoginSignup\configuration\UserConfiguration.class]
2025-04-05T01:55:52.367+05:30 DEBUG 8816 --- [LoginSignup] [main] o.s.c.a.ClassPathBeanDefinitionScanner   : Identified candidate component class: file [C:\Users\HP\OneDrive\Documents\CGFlightProject\Microservices\LoginSignup\target\classes\com\example\LoginSignup\controller\UserController.class]
2025-04-05T01:55:52.377+05:30 DEBUG 8816 --- [LoginSignup] [main] o.s.c.a.ClassPathBeanDefinitionScanner   : Identified candidate component class: file [C:\Users\HP\OneDrive\Documents\CGFlightProject\Microservices\LoginSignup\target\classes\com\example\LoginSignup\service\CustomUserDetailsService.class]
2025-04-05T01:55:52.379+05:30 DEBUG 8816 --- [LoginSignup] [main] o.s.c.a.ClassPathBeanDefinitionScanner   : Identified candidate component class: file [C:\Users\HP\OneDrive\Documents\CGFlightProject\Microservices\LoginSignup\target\classes\com\example\LoginSignup\service\UserService.class]
2025-04-05T01:55:53.283+05:30  INFO 8816 --- [LoginSignup] [main] .s.d.r.c.RepositoryConfigurationDelegate : Bootstrapping Spring Data JPA repositories in DEFAULT mode.
2025-04-05T01:55:53.296+05:30 DEBUG 8816 --- [LoginSignup] [main] o.s.b.f.s.DefaultListableBeanFactory     : Creating shared instance of singleton bean 'org.springframework.boot.autoconfigure.AutoConfigurationPackages'
2025-04-05T01:55:53.311+05:30 DEBUG 8816 --- [LoginSignup] [main] o.s.b.a.AutoConfigurationPackages        : @EnableAutoConfiguration was declared on a class in the package 'com.example.LoginSignup'. Automatic @Repository and @Entity scanning is enabled.
2025-04-05T01:55:53.313+05:30 DEBUG 8816 --- [LoginSignup] [main] .s.d.r.c.RepositoryConfigurationDelegate : Scanning for JPA repositories in packages com.example.LoginSignup.
2025-04-05T01:55:53.325+05:30 DEBUG 8816 --- [LoginSignup] [main] o.s.d.r.c.RepositoryComponentProvider    : Identified candidate component class: file [C:\Users\HP\OneDrive\Documents\CGFlightProject\Microservices\LoginSignup\target\classes\com\example\LoginSignup\repository\UserRepository.class]
2025-04-05T01:55:53.368+05:30  INFO 8816 --- [LoginSignup] [main] .s.d.r.c.RepositoryConfigurationDelegate : Finished Spring Data repository scanning in 53 ms. Found 1 JPA repository interface.
2025-04-05T01:55:53.520+05:30 DEBUG 8816 --- [LoginSignup] [main] o.s.b.f.s.DefaultListableBeanFactory     : Creating shared instance of singleton bean 'springSecurityHandlerMappingIntrospectorBeanDefinitionRegistryPostProcessor'
2025-04-05T01:55:53.624+05:30 DEBUG 8816 --- [LoginSignup] [main] o.s.b.f.s.DefaultListableBeanFactory     : Creating shared instance of singleton bean 'propertySourcesPlaceholderConfigurer'
2025-04-05T01:55:53.629+05:30 DEBUG 8816 --- [LoginSignup] [main] o.s.b.f.s.DefaultListableBeanFactory     : Creating shared instance of singleton bean 'emBeanDefinitionRegistrarPostProcessor'
2025-04-05T01:55:53.630+05:30 DEBUG 8816 --- [LoginSignup] [main] o.s.b.f.s.DefaultListableBeanFactory     : Creating shared instance of singleton bean 'org.springframework.boot.sql.init.dependency.DatabaseInitializationDependencyConfigurer$DependsOnDatabaseInitializationPostProcessor'
2025-04-05T01:55:53.684+05:30 DEBUG 8816 --- [LoginSignup] [main] o.s.b.f.s.DefaultListableBeanFactory     : Creating shared instance of singleton bean 'org.springframework.context.event.internalEventListenerProcessor'
2025-04-05T01:55:53.686+05:30 DEBUG 8816 --- [LoginSignup] [main] o.s.b.f.s.DefaultListableBeanFactory     : Creating shared instance of singleton bean 'preserveErrorControllerTargetClassPostProcessor'
2025-04-05T01:55:53.686+05:30 DEBUG 8816 --- [LoginSignup] [main] o.s.b.f.s.DefaultListableBeanFactory     : Creating shared instance of singleton bean 'conversionServicePostProcessor'
2025-04-05T01:55:53.696+05:30 DEBUG 8816 --- [LoginSignup] [main] o.s.b.f.s.DefaultListableBeanFactory     : Creating shared instance of singleton bean 'org.springframework.context.event.internalEventListenerFactory'
2025-04-05T01:55:53.697+05:30 DEBUG 8816 --- [LoginSignup] [main] o.s.b.f.s.DefaultListableBeanFactory     : Creating shared instance of singleton bean 'org.springframework.transaction.config.internalTransactionalEventListenerFactory'
2025-04-05T01:55:53.701+05:30 DEBUG 8816 --- [LoginSignup] [main] o.s.b.f.s.DefaultListableBeanFactory     : Creating shared instance of singleton bean 'org.springframework.context.annotation.internalAutowiredAnnotationProcessor'
2025-04-05T01:55:53.703+05:30 DEBUG 8816 --- [LoginSignup] [main] o.s.b.f.s.DefaultListableBeanFactory     : Creating shared instance of singleton bean 'org.springframework.context.annotation.internalCommonAnnotationProcessor'
2025-04-05T01:55:53.706+05:30 DEBUG 8816 --- [LoginSignup] [main] o.s.b.f.s.DefaultListableBeanFactory     : Creating shared instance of singleton bean 'org.springframework.context.annotation.internalPersistenceAnnotationProcessor'
2025-04-05T01:55:53.707+05:30 DEBUG 8816 --- [LoginSignup] [main] o.s.b.f.s.DefaultListableBeanFactory     : Creating shared instance of singleton bean 'org.springframework.boot.context.properties.ConfigurationPropertiesBindingPostProcessor'
2025-04-05T01:55:53.707+05:30 DEBUG 8816 --- [LoginSignup] [main] o.s.b.f.s.DefaultListableBeanFactory     : Creating shared instance of singleton bean 'org.springframework.boot.context.internalConfigurationPropertiesBinder'
2025-04-05T01:55:53.710+05:30 DEBUG 8816 --- [LoginSignup] [main] o.s.b.f.s.DefaultListableBeanFactory     : Creating shared instance of singleton bean 'jdbcConnectionDetailsHikariBeanPostProcessor'
2025-04-05T01:55:53.714+05:30 DEBUG 8816 --- [LoginSignup] [main] o.s.b.f.s.DefaultListableBeanFactory     : Creating shared instance of singleton bean 'org.springframework.aop.config.internalAutoProxyCreator'
2025-04-05T01:55:53.749+05:30 DEBUG 8816 --- [LoginSignup] [main] o.s.b.f.s.DefaultListableBeanFactory     : Creating shared instance of singleton bean 'persistenceExceptionTranslationPostProcessor'
2025-04-05T01:55:53.752+05:30 DEBUG 8816 --- [LoginSignup] [main] o.s.b.f.s.DefaultListableBeanFactory     : Autowiring by type from bean name 'persistenceExceptionTranslationPostProcessor' via factory method to bean named 'environment'
2025-04-05T01:55:53.758+05:30 DEBUG 8816 --- [LoginSignup] [main] o.s.b.f.s.DefaultListableBeanFactory     : Creating shared instance of singleton bean 'webServerFactoryCustomizerBeanPostProcessor'
2025-04-05T01:55:53.760+05:30 DEBUG 8816 --- [LoginSignup] [main] o.s.b.f.s.DefaultListableBeanFactory     : Creating shared instance of singleton bean 'errorPageRegistrarBeanPostProcessor'
2025-04-05T01:55:53.761+05:30 DEBUG 8816 --- [LoginSignup] [main] o.s.b.f.s.DefaultListableBeanFactory     : Creating shared instance of singleton bean 'projectingArgumentResolverBeanPostProcessor'
2025-04-05T01:55:53.764+05:30 DEBUG 8816 --- [LoginSignup] [main] o.s.b.f.s.DefaultListableBeanFactory     : Creating shared instance of singleton bean 'org.springframework.transaction.config.internalTransactionAdvisor'
2025-04-05T01:55:53.765+05:30 DEBUG 8816 --- [LoginSignup] [main] o.s.b.f.s.DefaultListableBeanFactory     : Creating shared instance of singleton bean 'org.springframework.transaction.annotation.ProxyTransactionManagementConfiguration'
2025-04-05T01:55:53.799+05:30 DEBUG 8816 --- [LoginSignup] [main] o.s.b.f.s.DefaultListableBeanFactory     : Creating shared instance of singleton bean 'transactionAttributeSource'
2025-04-05T01:55:53.811+05:30 DEBUG 8816 --- [LoginSignup] [main] o.s.b.f.s.DefaultListableBeanFactory     : Creating shared instance of singleton bean 'transactionInterceptor'
2025-04-05T01:55:53.811+05:30 DEBUG 8816 --- [LoginSignup] [main] o.s.b.f.s.DefaultListableBeanFactory     : Autowiring by type from bean name 'transactionInterceptor' via factory method to bean named 'transactionAttributeSource'
2025-04-05T01:55:53.818+05:30 DEBUG 8816 --- [LoginSignup] [main] o.s.b.f.s.DefaultListableBeanFactory     : Autowiring by type from bean name 'org.springframework.transaction.config.internalTransactionAdvisor' via factory method to bean named 'transactionAttributeSource'
2025-04-05T01:55:53.819+05:30 DEBUG 8816 --- [LoginSignup] [main] o.s.b.f.s.DefaultListableBeanFactory     : Autowiring by type from bean name 'org.springframework.transaction.config.internalTransactionAdvisor' via factory method to bean named 'transactionInterceptor'
2025-04-05T01:55:53.848+05:30 DEBUG 8816 --- [LoginSignup] [main] o.s.u.c.s.UiApplicationContextUtils      : Unable to locate ThemeSource with name 'themeSource': using default [org.springframework.ui.context.support.ResourceBundleThemeSource@25ad4f71]
2025-04-05T01:55:53.849+05:30 DEBUG 8816 --- [LoginSignup] [main] o.s.b.f.s.DefaultListableBeanFactory     : Creating shared instance of singleton bean 'tomcatServletWebServerFactory'
2025-04-05T01:55:53.849+05:30 DEBUG 8816 --- [LoginSignup] [main] o.s.b.f.s.DefaultListableBeanFactory     : Creating shared instance of singleton bean 'org.springframework.boot.autoconfigure.web.servlet.ServletWebServerFactoryConfiguration$EmbeddedTomcat'
2025-04-05T01:55:53.885+05:30 DEBUG 8816 --- [LoginSignup] [main] o.s.b.f.s.DefaultListableBeanFactory     : Creating shared instance of singleton bean 'websocketServletWebServerCustomizer'
2025-04-05T01:55:53.886+05:30 DEBUG 8816 --- [LoginSignup] [main] o.s.b.f.s.DefaultListableBeanFactory     : Creating shared instance of singleton bean 'org.springframework.boot.autoconfigure.websocket.servlet.WebSocketServletAutoConfiguration$TomcatWebSocketConfiguration'
2025-04-05T01:55:53.887+05:30 DEBUG 8816 --- [LoginSignup] [main] o.s.b.f.s.DefaultListableBeanFactory     : Creating shared instance of singleton bean 'servletWebServerFactoryCustomizer'
2025-04-05T01:55:53.888+05:30 DEBUG 8816 --- [LoginSignup] [main] o.s.b.f.s.DefaultListableBeanFactory     : Creating shared instance of singleton bean 'org.springframework.boot.autoconfigure.web.servlet.ServletWebServerFactoryAutoConfiguration'
2025-04-05T01:55:53.889+05:30 DEBUG 8816 --- [LoginSignup] [main] o.s.b.f.s.DefaultListableBeanFactory     : Creating shared instance of singleton bean 'server-org.springframework.boot.autoconfigure.web.ServerProperties'
2025-04-05T01:55:53.898+05:30 DEBUG 8816 --- [LoginSignup] [main] o.s.b.f.s.DefaultListableBeanFactory     : Creating shared instance of singleton bean 'org.springframework.boot.context.properties.BoundConfigurationProperties'
2025-04-05T01:55:53.911+05:30 DEBUG 8816 --- [LoginSignup] [main] o.s.b.f.s.DefaultListableBeanFactory     : Autowiring by type from bean name 'servletWebServerFactoryCustomizer' via factory method to bean named 'server-org.springframework.boot.autoconfigure.web.ServerProperties'
2025-04-05T01:55:53.915+05:30 DEBUG 8816 --- [LoginSignup] [main] o.s.b.f.s.DefaultListableBeanFactory     : Creating shared instance of singleton bean 'sslBundleRegistry'
2025-04-05T01:55:53.916+05:30 DEBUG 8816 --- [LoginSignup] [main] o.s.b.f.s.DefaultListableBeanFactory     : Creating shared instance of singleton bean 'org.springframework.boot.autoconfigure.ssl.SslAutoConfiguration'
2025-04-05T01:55:53.917+05:30 DEBUG 8816 --- [LoginSignup] [main] o.s.b.f.s.DefaultListableBeanFactory     : Creating shared instance of singleton bean 'spring.ssl-org.springframework.boot.autoconfigure.ssl.SslProperties'
2025-04-05T01:55:53.920+05:30 DEBUG 8816 --- [LoginSignup] [main] o.s.b.f.s.DefaultListableBeanFactory     : Autowiring by type from bean name 'org.springframework.boot.autoconfigure.ssl.SslAutoConfiguration' via constructor to bean named 'org.springframework.boot.web.servlet.context.AnnotationConfigServletWebServerApplicationContext@3b8f0a79'
2025-04-05T01:55:53.920+05:30 DEBUG 8816 --- [LoginSignup] [main] o.s.b.f.s.DefaultListableBeanFactory     : Autowiring by type from bean name 'org.springframework.boot.autoconfigure.ssl.SslAutoConfiguration' via constructor to bean named 'spring.ssl-org.springframework.boot.autoconfigure.ssl.SslProperties'
2025-04-05T01:55:53.924+05:30 DEBUG 8816 --- [LoginSignup] [main] o.s.b.f.s.DefaultListableBeanFactory     : Creating shared instance of singleton bean 'sslPropertiesSslBundleRegistrar'
2025-04-05T01:55:53.925+05:30 DEBUG 8816 --- [LoginSignup] [main] o.s.b.f.s.DefaultListableBeanFactory     : Creating shared instance of singleton bean 'fileWatcher'
2025-04-05T01:55:53.927+05:30 DEBUG 8816 --- [LoginSignup] [main] o.s.b.f.s.DefaultListableBeanFactory     : Autowiring by type from bean name 'sslPropertiesSslBundleRegistrar' via factory method to bean named 'fileWatcher'
2025-04-05T01:55:53.935+05:30 DEBUG 8816 --- [LoginSignup] [main] o.s.b.f.s.DefaultListableBeanFactory     : Creating shared instance of singleton bean 'tomcatServletWebServerFactoryCustomizer'
2025-04-05T01:55:53.935+05:30 DEBUG 8816 --- [LoginSignup] [main] o.s.b.f.s.DefaultListableBeanFactory     : Autowiring by type from bean name 'tomcatServletWebServerFactoryCustomizer' via factory method to bean named 'server-org.springframework.boot.autoconfigure.web.ServerProperties'
2025-04-05T01:55:53.938+05:30 DEBUG 8816 --- [LoginSignup] [main] o.s.b.f.s.DefaultListableBeanFactory     : Creating shared instance of singleton bean 'tomcatWebServerFactoryCustomizer'
2025-04-05T01:55:53.938+05:30 DEBUG 8816 --- [LoginSignup] [main] o.s.b.f.s.DefaultListableBeanFactory     : Creating shared instance of singleton bean 'org.springframework.boot.autoconfigure.web.embedded.EmbeddedWebServerFactoryCustomizerAutoConfiguration$TomcatWebServerFactoryCustomizerConfiguration'
2025-04-05T01:55:53.940+05:30 DEBUG 8816 --- [LoginSignup] [main] o.s.b.f.s.DefaultListableBeanFactory     : Autowiring by type from bean name 'tomcatWebServerFactoryCustomizer' via factory method to bean named 'environment'
2025-04-05T01:55:53.940+05:30 DEBUG 8816 --- [LoginSignup] [main] o.s.b.f.s.DefaultListableBeanFactory     : Autowiring by type from bean name 'tomcatWebServerFactoryCustomizer' via factory method to bean named 'server-org.springframework.boot.autoconfigure.web.ServerProperties'
2025-04-05T01:55:53.943+05:30 DEBUG 8816 --- [LoginSignup] [main] o.s.b.f.s.DefaultListableBeanFactory     : Creating shared instance of singleton bean 'localeCharsetMappingsCustomizer'
2025-04-05T01:55:53.944+05:30 DEBUG 8816 --- [LoginSignup] [main] o.s.b.f.s.DefaultListableBeanFactory     : Creating shared instance of singleton bean 'org.springframework.boot.autoconfigure.web.servlet.HttpEncodingAutoConfiguration'
2025-04-05T01:55:53.945+05:30 DEBUG 8816 --- [LoginSignup] [main] o.s.b.f.s.DefaultListableBeanFactory     : Autowiring by type from bean name 'org.springframework.boot.autoconfigure.web.servlet.HttpEncodingAutoConfiguration' via constructor to bean named 'server-org.springframework.boot.autoconfigure.web.ServerProperties'
2025-04-05T01:55:54.020+05:30 DEBUG 8816 --- [LoginSignup] [main] o.s.b.f.s.DefaultListableBeanFactory     : Creating shared instance of singleton bean 'errorPageCustomizer'
2025-04-05T01:55:54.021+05:30 DEBUG 8816 --- [LoginSignup] [main] o.s.b.f.s.DefaultListableBeanFactory     : Creating shared instance of singleton bean 'org.springframework.boot.autoconfigure.web.servlet.error.ErrorMvcAutoConfiguration'
2025-04-05T01:55:54.023+05:30 DEBUG 8816 --- [LoginSignup] [main] o.s.b.f.s.DefaultListableBeanFactory     : Autowiring by type from bean name 'org.springframework.boot.autoconfigure.web.servlet.error.ErrorMvcAutoConfiguration' via constructor to bean named 'server-org.springframework.boot.autoconfigure.web.ServerProperties'
2025-04-05T01:55:54.026+05:30 DEBUG 8816 --- [LoginSignup] [main] o.s.b.f.s.DefaultListableBeanFactory     : Creating shared instance of singleton bean 'dispatcherServletRegistration'
2025-04-05T01:55:54.027+05:30 DEBUG 8816 --- [LoginSignup] [main] o.s.b.f.s.DefaultListableBeanFactory     : Creating shared instance of singleton bean 'org.springframework.boot.autoconfigure.web.servlet.DispatcherServletAutoConfiguration$DispatcherServletRegistrationConfiguration'
2025-04-05T01:55:54.028+05:30 DEBUG 8816 --- [LoginSignup] [main] o.s.b.f.s.DefaultListableBeanFactory     : Creating shared instance of singleton bean 'dispatcherServlet'
2025-04-05T01:55:54.029+05:30 DEBUG 8816 --- [LoginSignup] [main] o.s.b.f.s.DefaultListableBeanFactory     : Creating shared instance of singleton bean 'org.springframework.boot.autoconfigure.web.servlet.DispatcherServletAutoConfiguration$DispatcherServletConfiguration'
2025-04-05T01:55:54.032+05:30 DEBUG 8816 --- [LoginSignup] [main] o.s.b.f.s.DefaultListableBeanFactory     : Creating shared instance of singleton bean 'spring.mvc-org.springframework.boot.autoconfigure.web.servlet.WebMvcProperties'
2025-04-05T01:55:54.041+05:30 DEBUG 8816 --- [LoginSignup] [main] o.s.b.f.s.DefaultListableBeanFactory     : Autowiring by type from bean name 'dispatcherServlet' via factory method to bean named 'spring.mvc-org.springframework.boot.autoconfigure.web.servlet.WebMvcProperties'
2025-04-05T01:55:54.064+05:30 DEBUG 8816 --- [LoginSignup] [main] o.s.b.f.s.DefaultListableBeanFactory     : Autowiring by type from bean name 'dispatcherServletRegistration' via factory method to bean named 'dispatcherServlet'
2025-04-05T01:55:54.064+05:30 DEBUG 8816 --- [LoginSignup] [main] o.s.b.f.s.DefaultListableBeanFactory     : Autowiring by type from bean name 'dispatcherServletRegistration' via factory method to bean named 'spring.mvc-org.springframework.boot.autoconfigure.web.servlet.WebMvcProperties'
2025-04-05T01:55:54.068+05:30 DEBUG 8816 --- [LoginSignup] [main] o.s.b.f.s.DefaultListableBeanFactory     : Creating shared instance of singleton bean 'multipartConfigElement'
2025-04-05T01:55:54.068+05:30 DEBUG 8816 --- [LoginSignup] [main] o.s.b.f.s.DefaultListableBeanFactory     : Creating shared instance of singleton bean 'org.springframework.boot.autoconfigure.web.servlet.MultipartAutoConfiguration'
2025-04-05T01:55:54.069+05:30 DEBUG 8816 --- [LoginSignup] [main] o.s.b.f.s.DefaultListableBeanFactory     : Creating shared instance of singleton bean 'spring.servlet.multipart-org.springframework.boot.autoconfigure.web.servlet.MultipartProperties'
2025-04-05T01:55:54.076+05:30 DEBUG 8816 --- [LoginSignup] [main] o.s.b.f.s.DefaultListableBeanFactory     : Autowiring by type from bean name 'org.springframework.boot.autoconfigure.web.servlet.MultipartAutoConfiguration' via constructor to bean named 'spring.servlet.multipart-org.springframework.boot.autoconfigure.web.servlet.MultipartProperties'
2025-04-05T01:55:54.083+05:30 DEBUG 8816 --- [LoginSignup] [main] o.s.b.f.s.DefaultListableBeanFactory     : Autowiring by type from bean name 'errorPageCustomizer' via factory method to bean named 'dispatcherServletRegistration'
2025-04-05T01:55:54.255+05:30 DEBUG 8816 --- [LoginSignup] [main] .s.b.w.e.t.TomcatServletWebServerFactory : Code archive: C:\Users\HP\.m2\repository\org\springframework\boot\spring-boot\3.4.4\spring-boot-3.4.4.jar
2025-04-05T01:55:54.255+05:30 DEBUG 8816 --- [LoginSignup] [main] .s.b.w.e.t.TomcatServletWebServerFactory : Code archive: C:\Users\HP\.m2\repository\org\springframework\boot\spring-boot\3.4.4\spring-boot-3.4.4.jar
2025-04-05T01:55:54.256+05:30 DEBUG 8816 --- [LoginSignup] [main] .s.b.w.e.t.TomcatServletWebServerFactory : None of the document roots [src/main/webapp, public, static] point to a directory and will be ignored.
2025-04-05T01:55:54.290+05:30  INFO 8816 --- [LoginSignup] [main] o.s.b.w.embedded.tomcat.TomcatWebServer  : Tomcat initialized with port 8083 (http)
2025-04-05T01:55:54.294+05:30  INFO 8816 --- [LoginSignup] [main] o.a.catalina.core.AprLifecycleListener   : An older version [1.3.1] of the Apache Tomcat Native library is installed, while Tomcat recommends a minimum version of [2.0.5]
2025-04-05T01:55:54.295+05:30  INFO 8816 --- [LoginSignup] [main] o.a.catalina.core.AprLifecycleListener   : Loaded Apache Tomcat Native library [1.3.1] using APR version [1.7.4].
2025-04-05T01:55:54.310+05:30  INFO 8816 --- [LoginSignup] [main] o.a.catalina.core.AprLifecycleListener   : OpenSSL successfully initialized [OpenSSL 3.0.14 4 Jun 2024]
2025-04-05T01:55:54.328+05:30  INFO 8816 --- [LoginSignup] [main] o.apache.catalina.core.StandardService   : Starting service [Tomcat]
2025-04-05T01:55:54.328+05:30  INFO 8816 --- [LoginSignup] [main] o.apache.catalina.core.StandardEngine    : Starting Servlet engine: [Apache Tomcat/10.1.39]
2025-04-05T01:55:54.419+05:30  INFO 8816 --- [LoginSignup] [main] o.a.c.c.C.[Tomcat].[localhost].[/]       : Initializing Spring embedded WebApplicationContext
2025-04-05T01:55:54.420+05:30 DEBUG 8816 --- [LoginSignup] [main] w.s.c.ServletWebServerApplicationContext : Published root WebApplicationContext as ServletContext attribute with name [org.springframework.web.context.WebApplicationContext.ROOT]
2025-04-05T01:55:54.420+05:30  INFO 8816 --- [LoginSignup] [main] w.s.c.ServletWebServerApplicationContext : Root WebApplicationContext: initialization completed in 2277 ms
2025-04-05T01:55:54.422+05:30 DEBUG 8816 --- [LoginSignup] [main] o.s.b.f.s.DefaultListableBeanFactory     : Creating shared instance of singleton bean 'securityFilterChainRegistration'
2025-04-05T01:55:54.422+05:30 DEBUG 8816 --- [LoginSignup] [main] o.s.b.f.s.DefaultListableBeanFactory     : Creating shared instance of singleton bean 'org.springframework.boot.autoconfigure.security.servlet.SecurityFilterAutoConfiguration'
2025-04-05T01:55:54.424+05:30 DEBUG 8816 --- [LoginSignup] [main] o.s.b.f.s.DefaultListableBeanFactory     : Creating shared instance of singleton bean 'spring.security-org.springframework.boot.autoconfigure.security.SecurityProperties'
2025-04-05T01:55:54.428+05:30 DEBUG 8816 --- [LoginSignup] [main] o.s.b.f.s.DefaultListableBeanFactory     : Autowiring by type from bean name 'securityFilterChainRegistration' via factory method to bean named 'spring.security-org.springframework.boot.autoconfigure.security.SecurityProperties'
2025-04-05T01:55:54.436+05:30 DEBUG 8816 --- [LoginSignup] [main] o.s.b.f.s.DefaultListableBeanFactory     : Creating shared instance of singleton bean 'requestContextFilter'
2025-04-05T01:55:54.438+05:30 DEBUG 8816 --- [LoginSignup] [main] o.s.b.f.s.DefaultListableBeanFactory     : Creating shared instance of singleton bean 'formContentFilter'
2025-04-05T01:55:54.438+05:30 DEBUG 8816 --- [LoginSignup] [main] o.s.b.f.s.DefaultListableBeanFactory     : Creating shared instance of singleton bean 'org.springframework.boot.autoconfigure.web.servlet.WebMvcAutoConfiguration'
2025-04-05T01:55:54.442+05:30 DEBUG 8816 --- [LoginSignup] [main] o.s.b.f.s.DefaultListableBeanFactory     : Creating shared instance of singleton bean 'characterEncodingFilter'
2025-04-05T01:55:54.450+05:30 DEBUG 8816 --- [LoginSignup] [main] o.s.b.w.s.ServletContextInitializerBeans : Mapping filters: springSecurityFilterChain urls=[/*] order=-100, characterEncodingFilter urls=[/*] order=-2147483648, formContentFilter urls=[/*] order=-9900, requestContextFilter urls=[/*] order=-105
2025-04-05T01:55:54.450+05:30 DEBUG 8816 --- [LoginSignup] [main] o.s.b.w.s.ServletContextInitializerBeans : Mapping servlets: dispatcherServlet urls=[/]
2025-04-05T01:55:54.489+05:30 DEBUG 8816 --- [LoginSignup] [main] o.s.b.w.s.f.OrderedRequestContextFilter  : Filter 'requestContextFilter' configured for use
2025-04-05T01:55:54.493+05:30 DEBUG 8816 --- [LoginSignup] [main] s.b.w.s.f.OrderedCharacterEncodingFilter : Filter 'characterEncodingFilter' configured for use
2025-04-05T01:55:54.493+05:30 DEBUG 8816 --- [LoginSignup] [main] .DelegatingFilterProxyRegistrationBean$1 : Filter 'springSecurityFilterChain' configured for use
2025-04-05T01:55:54.494+05:30 DEBUG 8816 --- [LoginSignup] [main] o.s.b.w.s.f.OrderedFormContentFilter     : Filter 'formContentFilter' configured for use
2025-04-05T01:55:54.509+05:30 DEBUG 8816 --- [LoginSignup] [main] o.s.b.f.s.DefaultListableBeanFactory     : Creating shared instance of singleton bean 'dataSourceScriptDatabaseInitializer'
2025-04-05T01:55:54.510+05:30 DEBUG 8816 --- [LoginSignup] [main] o.s.b.f.s.DefaultListableBeanFactory     : Creating shared instance of singleton bean 'org.springframework.boot.autoconfigure.sql.init.DataSourceInitializationConfiguration'
2025-04-05T01:55:54.511+05:30 DEBUG 8816 --- [LoginSignup] [main] o.s.b.f.s.DefaultListableBeanFactory     : Creating shared instance of singleton bean 'dataSource'
2025-04-05T01:55:54.511+05:30 DEBUG 8816 --- [LoginSignup] [main] o.s.b.f.s.DefaultListableBeanFactory     : Creating shared instance of singleton bean 'org.springframework.boot.autoconfigure.jdbc.DataSourceConfiguration$Hikari'
2025-04-05T01:55:54.512+05:30 DEBUG 8816 --- [LoginSignup] [main] o.s.b.f.s.DefaultListableBeanFactory     : Creating shared instance of singleton bean 'spring.datasource-org.springframework.boot.autoconfigure.jdbc.DataSourceProperties'
2025-04-05T01:55:54.519+05:30 DEBUG 8816 --- [LoginSignup] [main] o.s.b.f.s.DefaultListableBeanFactory     : Creating shared instance of singleton bean 'jdbcConnectionDetails'
2025-04-05T01:55:54.520+05:30 DEBUG 8816 --- [LoginSignup] [main] o.s.b.f.s.DefaultListableBeanFactory     : Creating shared instance of singleton bean 'org.springframework.boot.autoconfigure.jdbc.DataSourceAutoConfiguration$PooledDataSourceConfiguration'
2025-04-05T01:55:54.521+05:30 DEBUG 8816 --- [LoginSignup] [main] o.s.b.f.s.DefaultListableBeanFactory     : Autowiring by type from bean name 'jdbcConnectionDetails' via factory method to bean named 'spring.datasource-org.springframework.boot.autoconfigure.jdbc.DataSourceProperties'
2025-04-05T01:55:54.522+05:30 DEBUG 8816 --- [LoginSignup] [main] o.s.b.f.s.DefaultListableBeanFactory     : Autowiring by type from bean name 'dataSource' via factory method to bean named 'spring.datasource-org.springframework.boot.autoconfigure.jdbc.DataSourceProperties'
2025-04-05T01:55:54.522+05:30 DEBUG 8816 --- [LoginSignup] [main] o.s.b.f.s.DefaultListableBeanFactory     : Autowiring by type from bean name 'dataSource' via factory method to bean named 'jdbcConnectionDetails'
2025-04-05T01:55:54.547+05:30 DEBUG 8816 --- [LoginSignup] [main] o.s.b.f.s.DefaultListableBeanFactory     : Creating shared instance of singleton bean 'spring.sql.init-org.springframework.boot.autoconfigure.sql.init.SqlInitializationProperties'
2025-04-05T01:55:54.551+05:30 DEBUG 8816 --- [LoginSignup] [main] o.s.b.f.s.DefaultListableBeanFactory     : Autowiring by type from bean name 'dataSourceScriptDatabaseInitializer' via factory method to bean named 'dataSource'
2025-04-05T01:55:54.551+05:30 DEBUG 8816 --- [LoginSignup] [main] o.s.b.f.s.DefaultListableBeanFactory     : Autowiring by type from bean name 'dataSourceScriptDatabaseInitializer' via factory method to bean named 'spring.sql.init-org.springframework.boot.autoconfigure.sql.init.SqlInitializationProperties'
2025-04-05T01:55:54.557+05:30 DEBUG 8816 --- [LoginSignup] [main] o.s.b.f.s.DefaultListableBeanFactory     : Creating shared instance of singleton bean 'entityManagerFactory'
2025-04-05T01:55:54.557+05:30 DEBUG 8816 --- [LoginSignup] [main] o.s.b.f.s.DefaultListableBeanFactory     : Creating shared instance of singleton bean 'org.springframework.boot.autoconfigure.orm.jpa.HibernateJpaConfiguration'
2025-04-05T01:55:54.559+05:30 DEBUG 8816 --- [LoginSignup] [main] o.s.b.f.s.DefaultListableBeanFactory     : Creating shared instance of singleton bean 'spring.jpa-org.springframework.boot.autoconfigure.orm.jpa.JpaProperties'
2025-04-05T01:55:54.563+05:30 DEBUG 8816 --- [LoginSignup] [main] o.s.b.f.s.DefaultListableBeanFactory     : Creating shared instance of singleton bean 'spring.jpa.hibernate-org.springframework.boot.autoconfigure.orm.jpa.HibernateProperties'
2025-04-05T01:55:54.565+05:30 DEBUG 8816 --- [LoginSignup] [main] o.s.b.f.s.DefaultListableBeanFactory     : Autowiring by type from bean name 'org.springframework.boot.autoconfigure.orm.jpa.HibernateJpaConfiguration' via constructor to bean named 'dataSource'
2025-04-05T01:55:54.566+05:30 DEBUG 8816 --- [LoginSignup] [main] o.s.b.f.s.DefaultListableBeanFactory     : Autowiring by type from bean name 'org.springframework.boot.autoconfigure.orm.jpa.HibernateJpaConfiguration' via constructor to bean named 'spring.jpa-org.springframework.boot.autoconfigure.orm.jpa.JpaProperties'
2025-04-05T01:55:54.566+05:30 DEBUG 8816 --- [LoginSignup] [main] o.s.b.f.s.DefaultListableBeanFactory     : Autowiring by type from bean name 'org.springframework.boot.autoconfigure.orm.jpa.HibernateJpaConfiguration' via constructor to bean named 'org.springframework.beans.factory.support.DefaultListableBeanFactory@a43ce46'
2025-04-05T01:55:54.566+05:30 DEBUG 8816 --- [LoginSignup] [main] o.s.b.f.s.DefaultListableBeanFactory     : Autowiring by type from bean name 'org.springframework.boot.autoconfigure.orm.jpa.HibernateJpaConfiguration' via constructor to bean named 'spring.jpa.hibernate-org.springframework.boot.autoconfigure.orm.jpa.HibernateProperties'
2025-04-05T01:55:54.571+05:30 DEBUG 8816 --- [LoginSignup] [main] o.s.b.f.s.DefaultListableBeanFactory     : Creating shared instance of singleton bean 'hikariPoolDataSourceMetadataProvider'
2025-04-05T01:55:54.571+05:30 DEBUG 8816 --- [LoginSignup] [main] o.s.b.f.s.DefaultListableBeanFactory     : Creating shared instance of singleton bean 'org.springframework.boot.autoconfigure.jdbc.metadata.DataSourcePoolMetadataProvidersConfiguration$HikariPoolDataSourceMetadataProviderConfiguration'
2025-04-05T01:55:54.576+05:30 DEBUG 8816 --- [LoginSignup] [main] o.s.b.f.s.DefaultListableBeanFactory     : Creating shared instance of singleton bean 'entityManagerFactoryBuilder'
2025-04-05T01:55:54.577+05:30 DEBUG 8816 --- [LoginSignup] [main] o.s.b.f.s.DefaultListableBeanFactory     : Creating shared instance of singleton bean 'jpaVendorAdapter'
2025-04-05T01:55:54.596+05:30 DEBUG 8816 --- [LoginSignup] [main] o.s.b.f.s.DefaultListableBeanFactory     : Autowiring by type from bean name 'entityManagerFactoryBuilder' via factory method to bean named 'jpaVendorAdapter'
2025-04-05T01:55:54.600+05:30 DEBUG 8816 --- [LoginSignup] [main] o.s.b.f.s.DefaultListableBeanFactory     : Creating shared instance of singleton bean 'persistenceManagedTypes'
2025-04-05T01:55:54.601+05:30 DEBUG 8816 --- [LoginSignup] [main] o.s.b.f.s.DefaultListableBeanFactory     : Autowiring by type from bean name 'persistenceManagedTypes' via factory method to bean named 'org.springframework.beans.factory.support.DefaultListableBeanFactory@a43ce46'
2025-04-05T01:55:54.601+05:30 DEBUG 8816 --- [LoginSignup] [main] o.s.b.f.s.DefaultListableBeanFactory     : Autowiring by type from bean name 'persistenceManagedTypes' via factory method to bean named 'org.springframework.boot.web.servlet.context.AnnotationConfigServletWebServerApplicationContext@3b8f0a79'
2025-04-05T01:55:54.612+05:30 DEBUG 8816 --- [LoginSignup] [main] o.s.b.f.s.DefaultListableBeanFactory     : Autowiring by type from bean name 'entityManagerFactory' via factory method to bean named 'entityManagerFactoryBuilder'
2025-04-05T01:55:54.612+05:30 DEBUG 8816 --- [LoginSignup] [main] o.s.b.f.s.DefaultListableBeanFactory     : Autowiring by type from bean name 'entityManagerFactory' via factory method to bean named 'persistenceManagedTypes'
2025-04-05T01:55:54.631+05:30 DEBUG 8816 --- [LoginSignup] [main] j.LocalContainerEntityManagerFactoryBean : Building JPA container EntityManagerFactory for persistence unit 'default'
2025-04-05T01:55:54.662+05:30  INFO 8816 --- [LoginSignup] [main] o.hibernate.jpa.internal.util.LogHelper  : HHH000204: Processing PersistenceUnitInfo [name: default]
2025-04-05T01:55:54.757+05:30  INFO 8816 --- [LoginSignup] [main] org.hibernate.Version                    : HHH000412: Hibernate ORM core version 6.6.11.Final
2025-04-05T01:55:54.815+05:30  INFO 8816 --- [LoginSignup] [main] o.h.c.internal.RegionFactoryInitiator    : HHH000026: Second-level cache disabled
2025-04-05T01:55:55.222+05:30  INFO 8816 --- [LoginSignup] [main] o.s.o.j.p.SpringPersistenceUnitInfo      : No LoadTimeWeaver setup: ignoring JPA class transformer
2025-04-05T01:55:55.271+05:30  INFO 8816 --- [LoginSignup] [main] com.zaxxer.hikari.HikariDataSource       : HikariPool-1 - Starting...
2025-04-05T01:55:55.783+05:30  INFO 8816 --- [LoginSignup] [main] com.zaxxer.hikari.pool.HikariPool        : HikariPool-1 - Added connection com.mysql.cj.jdbc.ConnectionImpl@3dd2b9c1
2025-04-05T01:55:55.786+05:30  INFO 8816 --- [LoginSignup] [main] com.zaxxer.hikari.HikariDataSource       : HikariPool-1 - Start completed.
2025-04-05T01:55:55.860+05:30  WARN 8816 --- [LoginSignup] [main] org.hibernate.orm.deprecation            : HHH90000025: MySQL8Dialect does not need to be specified explicitly using 'hibernate.dialect' (remove the property setting and it will be selected by default)
2025-04-05T01:55:55.862+05:30  WARN 8816 --- [LoginSignup] [main] org.hibernate.orm.deprecation            : HHH90000026: MySQL8Dialect has been deprecated; use org.hibernate.dialect.MySQLDialect instead
2025-04-05T01:55:55.887+05:30  INFO 8816 --- [LoginSignup] [main] org.hibernate.orm.connections.pooling    : HHH10001005: Database info:
	Database JDBC URL [Connecting through datasource 'HikariDataSource (HikariPool-1)']
	Database driver: undefined/unknown
	Database version: 8.0
	Autocommit mode: undefined/unknown
	Isolation level: undefined/unknown
	Minimum pool size: undefined/unknown
	Maximum pool size: undefined/unknown
2025-04-05T01:55:56.919+05:30  INFO 8816 --- [LoginSignup] [main] o.h.e.t.j.p.i.JtaPlatformInitiator       : HHH000489: No JTA platform available (set 'hibernate.transaction.jta.platform' to enable JTA platform integration)
2025-04-05T01:55:57.018+05:30  INFO 8816 --- [LoginSignup] [main] j.LocalContainerEntityManagerFactoryBean : Initialized JPA EntityManagerFactory for persistence unit 'default'
2025-04-05T01:55:57.023+05:30 DEBUG 8816 --- [LoginSignup] [main] o.s.b.f.s.DefaultListableBeanFactory     : Creating shared instance of singleton bean 'loginSignupApplication'
2025-04-05T01:55:57.025+05:30 DEBUG 8816 --- [LoginSignup] [main] o.s.b.f.s.DefaultListableBeanFactory     : Creating shared instance of singleton bean 'jwtUtil'
2025-04-05T01:55:57.027+05:30 DEBUG 8816 --- [LoginSignup] [main] o.s.b.f.s.DefaultListableBeanFactory     : Creating shared instance of singleton bean 'userConfiguration'
2025-04-05T01:55:57.029+05:30 DEBUG 8816 --- [LoginSignup] [main] o.s.b.f.s.DefaultListableBeanFactory     : Creating shared instance of singleton bean 'userController'
2025-04-05T01:55:57.033+05:30 DEBUG 8816 --- [LoginSignup] [main] o.s.b.f.s.DefaultListableBeanFactory     : Creating shared instance of singleton bean 'userService'
2025-04-05T01:55:57.034+05:30 DEBUG 8816 --- [LoginSignup] [main] o.s.b.f.s.DefaultListableBeanFactory     : Creating shared instance of singleton bean 'userRepository'
2025-04-05T01:55:57.043+05:30 DEBUG 8816 --- [LoginSignup] [main] o.s.b.f.s.DefaultListableBeanFactory     : Creating shared instance of singleton bean 'jpa.named-queries#0'
2025-04-05T01:55:57.048+05:30 DEBUG 8816 --- [LoginSignup] [main] o.s.b.f.s.DefaultListableBeanFactory     : Creating shared instance of singleton bean 'jpa.UserRepository.fragments#0'
2025-04-05T01:55:57.056+05:30 DEBUG 8816 --- [LoginSignup] [main] o.s.b.f.s.DefaultListableBeanFactory     : Creating shared instance of singleton bean 'jpaSharedEM_entityManagerFactory'
2025-04-05T01:55:57.108+05:30 DEBUG 8816 --- [LoginSignup] [main] o.s.b.f.s.DefaultListableBeanFactory     : Creating shared instance of singleton bean 'jpaMappingContext'
2025-04-05T01:55:57.109+05:30 DEBUG 8816 --- [LoginSignup] [main] .c.JpaMetamodelMappingContextFactoryBean : Initializing JpaMetamodelMappingContext…
2025-04-05T01:55:57.138+05:30 DEBUG 8816 --- [LoginSignup] [main] .c.JpaMetamodelMappingContextFactoryBean : Finished initializing JpaMetamodelMappingContext
2025-04-05T01:55:57.178+05:30 DEBUG 8816 --- [LoginSignup] [main] tor$SharedEntityManagerInvocationHandler : Creating new EntityManager for shared EntityManager invocation
2025-04-05T01:55:57.231+05:30 DEBUG 8816 --- [LoginSignup] [main] tor$SharedEntityManagerInvocationHandler : Creating new EntityManager for shared EntityManager invocation
2025-04-05T01:55:57.290+05:30 DEBUG 8816 --- [LoginSignup] [main] o.s.d.r.c.s.RepositoryFactorySupport     : Initializing repository instance for com.example.LoginSignup.repository.UserRepository…
2025-04-05T01:55:57.302+05:30 DEBUG 8816 --- [LoginSignup] [main] tor$SharedEntityManagerInvocationHandler : Creating new EntityManager for shared EntityManager invocation
2025-04-05T01:55:57.350+05:30 DEBUG 8816 --- [LoginSignup] [main] o.s.d.jpa.repository.query.NamedQuery    : Looking up named query 'UserModel.findByEmail'
2025-04-05T01:55:57.355+05:30 DEBUG 8816 --- [LoginSignup] [main] o.s.d.jpa.repository.query.NamedQuery    : Did not find named query UserModel.findByEmail
2025-04-05T01:55:57.359+05:30 DEBUG 8816 --- [LoginSignup] [main] tor$SharedEntityManagerInvocationHandler : Creating new EntityManager for shared EntityManager invocation
2025-04-05T01:55:57.439+05:30 DEBUG 8816 --- [LoginSignup] [main] o.s.d.r.c.s.RepositoryFactorySupport     : Finished creation of repository instance for com.example.LoginSignup.repository.UserRepository.
2025-04-05T01:55:57.446+05:30 DEBUG 8816 --- [LoginSignup] [main] o.s.b.f.s.DefaultListableBeanFactory     : Creating shared instance of singleton bean 'passwordEncoder'
2025-04-05T01:55:57.449+05:30 DEBUG 8816 --- [LoginSignup] [main] o.s.b.f.s.DefaultListableBeanFactory     : Autowiring by type from bean name 'userService' via constructor to bean named 'userRepository'
2025-04-05T01:55:57.450+05:30 DEBUG 8816 --- [LoginSignup] [main] o.s.b.f.s.DefaultListableBeanFactory     : Autowiring by type from bean name 'userService' via constructor to bean named 'jwtUtil'
2025-04-05T01:55:57.450+05:30 DEBUG 8816 --- [LoginSignup] [main] o.s.b.f.s.DefaultListableBeanFactory     : Autowiring by type from bean name 'userService' via constructor to bean named 'passwordEncoder'
2025-04-05T01:55:57.451+05:30 DEBUG 8816 --- [LoginSignup] [main] o.s.b.f.s.DefaultListableBeanFactory     : Creating shared instance of singleton bean 'customUserDetailsService'
2025-04-05T01:55:57.453+05:30 DEBUG 8816 --- [LoginSignup] [main] o.s.b.f.s.DefaultListableBeanFactory     : Autowiring by type from bean name 'customUserDetailsService' via constructor to bean named 'userRepository'
2025-04-05T01:55:57.454+05:30 DEBUG 8816 --- [LoginSignup] [main] o.s.b.f.s.DefaultListableBeanFactory     : Creating shared instance of singleton bean 'securityFilterChain'
2025-04-05T01:55:57.454+05:30 DEBUG 8816 --- [LoginSignup] [main] o.s.b.f.s.DefaultListableBeanFactory     : Creating shared instance of singleton bean 'org.springframework.security.config.annotation.web.configuration.HttpSecurityConfiguration'
2025-04-05T01:55:57.459+05:30 DEBUG 8816 --- [LoginSignup] [main] o.s.b.f.s.DefaultListableBeanFactory     : Creating shared instance of singleton bean 'objectPostProcessor'
2025-04-05T01:55:57.459+05:30 DEBUG 8816 --- [LoginSignup] [main] o.s.b.f.s.DefaultListableBeanFactory     : Creating shared instance of singleton bean 'org.springframework.security.config.annotation.configuration.ObjectPostProcessorConfiguration'
2025-04-05T01:55:57.460+05:30 DEBUG 8816 --- [LoginSignup] [main] o.s.b.f.s.DefaultListableBeanFactory     : Autowiring by type from bean name 'objectPostProcessor' via factory method to bean named 'org.springframework.beans.factory.support.DefaultListableBeanFactory@a43ce46'
2025-04-05T01:55:57.462+05:30 DEBUG 8816 --- [LoginSignup] [main] o.s.b.f.s.DefaultListableBeanFactory     : Creating shared instance of singleton bean 'org.springframework.security.config.annotation.authentication.configuration.AuthenticationConfiguration'
2025-04-05T01:55:57.464+05:30 DEBUG 8816 --- [LoginSignup] [main] o.s.b.f.s.DefaultListableBeanFactory     : Creating shared instance of singleton bean 'enableGlobalAuthenticationAutowiredConfigurer'
2025-04-05T01:55:57.465+05:30 DEBUG 8816 --- [LoginSignup] [main] o.s.b.f.s.DefaultListableBeanFactory     : Autowiring by type from bean name 'enableGlobalAuthenticationAutowiredConfigurer' via factory method to bean named 'org.springframework.boot.web.servlet.context.AnnotationConfigServletWebServerApplicationContext@3b8f0a79'
2025-04-05T01:55:57.466+05:30 DEBUG 8816 --- [LoginSignup] [main] o.s.b.f.s.DefaultListableBeanFactory     : Creating shared instance of singleton bean 'initializeUserDetailsBeanManagerConfigurer'
2025-04-05T01:55:57.467+05:30 DEBUG 8816 --- [LoginSignup] [main] o.s.b.f.s.DefaultListableBeanFactory     : Autowiring by type from bean name 'initializeUserDetailsBeanManagerConfigurer' via factory method to bean named 'org.springframework.boot.web.servlet.context.AnnotationConfigServletWebServerApplicationContext@3b8f0a79'
2025-04-05T01:55:57.467+05:30 DEBUG 8816 --- [LoginSignup] [main] o.s.b.f.s.DefaultListableBeanFactory     : Creating shared instance of singleton bean 'initializeAuthenticationProviderBeanManagerConfigurer'
2025-04-05T01:55:57.468+05:30 DEBUG 8816 --- [LoginSignup] [main] o.s.b.f.s.DefaultListableBeanFactory     : Autowiring by type from bean name 'initializeAuthenticationProviderBeanManagerConfigurer' via factory method to bean named 'org.springframework.boot.web.servlet.context.AnnotationConfigServletWebServerApplicationContext@3b8f0a79'
2025-04-05T01:55:57.471+05:30 DEBUG 8816 --- [LoginSignup] [main] o.s.b.f.s.DefaultListableBeanFactory     : Creating shared instance of singleton bean 'mvcContentNegotiationManager'
2025-04-05T01:55:57.471+05:30 DEBUG 8816 --- [LoginSignup] [main] o.s.b.f.s.DefaultListableBeanFactory     : Creating shared instance of singleton bean 'org.springframework.boot.autoconfigure.web.servlet.WebMvcAutoConfiguration$EnableWebMvcConfiguration'
2025-04-05T01:55:57.473+05:30 DEBUG 8816 --- [LoginSignup] [main] o.s.b.f.s.DefaultListableBeanFactory     : Creating shared instance of singleton bean 'spring.web-org.springframework.boot.autoconfigure.web.WebProperties'
2025-04-05T01:55:57.478+05:30 DEBUG 8816 --- [LoginSignup] [main] o.s.b.f.s.DefaultListableBeanFactory     : Autowiring by type from bean name 'org.springframework.boot.autoconfigure.web.servlet.WebMvcAutoConfiguration$EnableWebMvcConfiguration' via constructor to bean named 'spring.mvc-org.springframework.boot.autoconfigure.web.servlet.WebMvcProperties'
2025-04-05T01:55:57.479+05:30 DEBUG 8816 --- [LoginSignup] [main] o.s.b.f.s.DefaultListableBeanFactory     : Autowiring by type from bean name 'org.springframework.boot.autoconfigure.web.servlet.WebMvcAutoConfiguration$EnableWebMvcConfiguration' via constructor to bean named 'spring.web-org.springframework.boot.autoconfigure.web.WebProperties'
2025-04-05T01:55:57.479+05:30 DEBUG 8816 --- [LoginSignup] [main] o.s.b.f.s.DefaultListableBeanFactory     : Autowiring by type from bean name 'org.springframework.boot.autoconfigure.web.servlet.WebMvcAutoConfiguration$EnableWebMvcConfiguration' via constructor to bean named 'org.springframework.beans.factory.support.DefaultListableBeanFactory@a43ce46'
2025-04-05T01:55:57.484+05:30 DEBUG 8816 --- [LoginSignup] [main] o.s.b.f.s.DefaultListableBeanFactory     : Creating shared instance of singleton bean 'org.springframework.boot.autoconfigure.web.servlet.WebMvcAutoConfiguration$WebMvcAutoConfigurationAdapter'
2025-04-05T01:55:57.484+05:30 DEBUG 8816 --- [LoginSignup] [main] o.s.b.f.s.DefaultListableBeanFactory     : Autowiring by type from bean name 'org.springframework.boot.autoconfigure.web.servlet.WebMvcAutoConfiguration$WebMvcAutoConfigurationAdapter' via constructor to bean named 'spring.web-org.springframework.boot.autoconfigure.web.WebProperties'
2025-04-05T01:55:57.484+05:30 DEBUG 8816 --- [LoginSignup] [main] o.s.b.f.s.DefaultListableBeanFactory     : Autowiring by type from bean name 'org.springframework.boot.autoconfigure.web.servlet.WebMvcAutoConfiguration$WebMvcAutoConfigurationAdapter' via constructor to bean named 'spring.mvc-org.springframework.boot.autoconfigure.web.servlet.WebMvcProperties'
2025-04-05T01:55:57.485+05:30 DEBUG 8816 --- [LoginSignup] [main] o.s.b.f.s.DefaultListableBeanFactory     : Autowiring by type from bean name 'org.springframework.boot.autoconfigure.web.servlet.WebMvcAutoConfiguration$WebMvcAutoConfigurationAdapter' via constructor to bean named 'org.springframework.beans.factory.support.DefaultListableBeanFactory@a43ce46'
2025-04-05T01:55:57.487+05:30 DEBUG 8816 --- [LoginSignup] [main] o.s.b.f.s.DefaultListableBeanFactory     : Creating shared instance of singleton bean 'openEntityManagerInViewInterceptorConfigurer'
2025-04-05T01:55:57.488+05:30 DEBUG 8816 --- [LoginSignup] [main] o.s.b.f.s.DefaultListableBeanFactory     : Creating shared instance of singleton bean 'org.springframework.boot.autoconfigure.orm.jpa.JpaBaseConfiguration$JpaWebConfiguration'
2025-04-05T01:55:57.488+05:30 DEBUG 8816 --- [LoginSignup] [main] o.s.b.f.s.DefaultListableBeanFactory     : Autowiring by type from bean name 'org.springframework.boot.autoconfigure.orm.jpa.JpaBaseConfiguration$JpaWebConfiguration' via constructor to bean named 'spring.jpa-org.springframework.boot.autoconfigure.orm.jpa.JpaProperties'
2025-04-05T01:55:57.489+05:30 DEBUG 8816 --- [LoginSignup] [main] o.s.b.f.s.DefaultListableBeanFactory     : Creating shared instance of singleton bean 'openEntityManagerInViewInterceptor'
2025-04-05T01:55:57.489+05:30  WARN 8816 --- [LoginSignup] [main] JpaBaseConfiguration$JpaWebConfiguration : spring.jpa.open-in-view is enabled by default. Therefore, database queries may be performed during view rendering. Explicitly configure spring.jpa.open-in-view to disable this warning
2025-04-05T01:55:57.491+05:30 DEBUG 8816 --- [LoginSignup] [main] o.s.b.f.s.DefaultListableBeanFactory     : Autowiring by type from bean name 'openEntityManagerInViewInterceptorConfigurer' via factory method to bean named 'openEntityManagerInViewInterceptor'
2025-04-05T01:55:57.492+05:30 DEBUG 8816 --- [LoginSignup] [main] o.s.b.f.s.DefaultListableBeanFactory     : Creating shared instance of singleton bean 'org.springframework.data.web.config.SpringDataWebConfiguration'
2025-04-05T01:55:57.494+05:30 DEBUG 8816 --- [LoginSignup] [main] o.s.b.f.s.DefaultListableBeanFactory     : Autowiring by type from bean name 'org.springframework.data.web.config.SpringDataWebConfiguration' via constructor to bean named 'org.springframework.boot.web.servlet.context.AnnotationConfigServletWebServerApplicationContext@3b8f0a79'
2025-04-05T01:55:57.495+05:30 DEBUG 8816 --- [LoginSignup] [main] o.s.b.f.s.DefaultListableBeanFactory     : Creating shared instance of singleton bean 'org.springframework.security.config.annotation.web.configuration.WebMvcSecurityConfiguration'
2025-04-05T01:55:57.507+05:30 DEBUG 8816 --- [LoginSignup] [main] o.s.b.f.s.DefaultListableBeanFactory     : Creating shared instance of singleton bean 'authenticationManagerBuilder'
2025-04-05T01:55:57.508+05:30 DEBUG 8816 --- [LoginSignup] [main] o.s.b.f.s.DefaultListableBeanFactory     : Autowiring by type from bean name 'authenticationManagerBuilder' via factory method to bean named 'objectPostProcessor'
2025-04-05T01:55:57.508+05:30 DEBUG 8816 --- [LoginSignup] [main] o.s.b.f.s.DefaultListableBeanFactory     : Autowiring by type from bean name 'authenticationManagerBuilder' via factory method to bean named 'org.springframework.boot.web.servlet.context.AnnotationConfigServletWebServerApplicationContext@3b8f0a79'
2025-04-05T01:55:57.509+05:30 DEBUG 8816 --- [LoginSignup] [main] o.s.b.f.s.DefaultListableBeanFactory     : Creating shared instance of singleton bean 'authenticationEventPublisher'
2025-04-05T01:55:57.510+05:30 DEBUG 8816 --- [LoginSignup] [main] o.s.b.f.s.DefaultListableBeanFactory     : Creating shared instance of singleton bean 'org.springframework.boot.autoconfigure.security.servlet.SecurityAutoConfiguration'
2025-04-05T01:55:57.511+05:30 DEBUG 8816 --- [LoginSignup] [main] o.s.b.f.s.DefaultListableBeanFactory     : Autowiring by type from bean name 'authenticationEventPublisher' via factory method to bean named 'org.springframework.boot.web.servlet.context.AnnotationConfigServletWebServerApplicationContext@3b8f0a79'
2025-04-05T01:55:57.521+05:30 DEBUG 8816 --- [LoginSignup] [main] o.s.b.f.s.DefaultListableBeanFactory     : Creating shared instance of singleton bean 'org.springframework.boot.autoconfigure.security.servlet.SpringBootWebSecurityConfiguration$WebSecurityEnablerConfiguration'
2025-04-05T01:55:57.523+05:30  WARN 8816 --- [LoginSignup] [main] r$InitializeUserDetailsManagerConfigurer : Found 2 UserDetailsService beans, with names [customUserDetailsService, userDetailsService]. Global Authentication Manager will not use a UserDetailsService for username/password login. Consider publishing a single UserDetailsService bean.
2025-04-05T01:55:57.524+05:30 DEBUG 8816 --- [LoginSignup] [main] swordEncoderAuthenticationManagerBuilder : No authenticationProviders and no parentAuthenticationManager defined. Returning null.
2025-04-05T01:55:57.530+05:30 DEBUG 8816 --- [LoginSignup] [main] o.s.aop.framework.ProxyFactoryBean       : Advice has changed; re-caching singleton instance
2025-04-05T01:55:57.609+05:30 DEBUG 8816 --- [LoginSignup] [main] o.s.b.f.s.DefaultListableBeanFactory     : Autowiring by type from bean name 'securityFilterChain' via factory method to bean named 'org.springframework.security.config.annotation.web.configuration.HttpSecurityConfiguration.httpSecurity'
2025-04-05T01:55:57.619+05:30 DEBUG 8816 --- [LoginSignup] [main] o.s.b.f.s.DefaultListableBeanFactory     : Creating shared instance of singleton bean 'webAuthorizationManagerPostProcessor'
2025-04-05T01:55:57.627+05:30 DEBUG 8816 --- [LoginSignup] [main] o.s.b.f.s.DefaultListableBeanFactory     : Creating shared instance of singleton bean 'mvcHandlerMappingIntrospector'
2025-04-05T01:55:57.632+05:30 DEBUG 8816 --- [LoginSignup] [main] o.s.b.f.s.DefaultListableBeanFactory     : Creating shared instance of singleton bean 'welcomePageHandlerMapping'
2025-04-05T01:55:57.633+05:30 DEBUG 8816 --- [LoginSignup] [main] o.s.b.f.s.DefaultListableBeanFactory     : Creating shared instance of singleton bean 'mvcConversionService'
2025-04-05T01:55:57.646+05:30 DEBUG 8816 --- [LoginSignup] [main] o.s.b.f.s.DefaultListableBeanFactory     : Creating shared instance of singleton bean 'mvcResourceUrlProvider'
2025-04-05T01:55:57.650+05:30 DEBUG 8816 --- [LoginSignup] [main] o.s.b.f.s.DefaultListableBeanFactory     : Autowiring by type from bean name 'welcomePageHandlerMapping' via factory method to bean named 'org.springframework.boot.web.servlet.context.AnnotationConfigServletWebServerApplicationContext@3b8f0a79'
2025-04-05T01:55:57.650+05:30 DEBUG 8816 --- [LoginSignup] [main] o.s.b.f.s.DefaultListableBeanFactory     : Autowiring by type from bean name 'welcomePageHandlerMapping' via factory method to bean named 'mvcConversionService'
2025-04-05T01:55:57.650+05:30 DEBUG 8816 --- [LoginSignup] [main] o.s.b.f.s.DefaultListableBeanFactory     : Autowiring by type from bean name 'welcomePageHandlerMapping' via factory method to bean named 'mvcResourceUrlProvider'
2025-04-05T01:55:57.672+05:30 DEBUG 8816 --- [LoginSignup] [main] o.s.b.f.s.DefaultListableBeanFactory     : Creating shared instance of singleton bean 'welcomePageNotAcceptableHandlerMapping'
2025-04-05T01:55:57.673+05:30 DEBUG 8816 --- [LoginSignup] [main] o.s.b.f.s.DefaultListableBeanFactory     : Autowiring by type from bean name 'welcomePageNotAcceptableHandlerMapping' via factory method to bean named 'org.springframework.boot.web.servlet.context.AnnotationConfigServletWebServerApplicationContext@3b8f0a79'
2025-04-05T01:55:57.673+05:30 DEBUG 8816 --- [LoginSignup] [main] o.s.b.f.s.DefaultListableBeanFactory     : Autowiring by type from bean name 'welcomePageNotAcceptableHandlerMapping' via factory method to bean named 'mvcConversionService'
2025-04-05T01:55:57.674+05:30 DEBUG 8816 --- [LoginSignup] [main] o.s.b.f.s.DefaultListableBeanFactory     : Autowiring by type from bean name 'welcomePageNotAcceptableHandlerMapping' via factory method to bean named 'mvcResourceUrlProvider'
2025-04-05T01:55:57.678+05:30 DEBUG 8816 --- [LoginSignup] [main] o.s.b.f.s.DefaultListableBeanFactory     : Creating shared instance of singleton bean 'requestMappingHandlerMapping'
2025-04-05T01:55:57.680+05:30 DEBUG 8816 --- [LoginSignup] [main] o.s.b.f.s.DefaultListableBeanFactory     : Autowiring by type from bean name 'requestMappingHandlerMapping' via factory method to bean named 'mvcContentNegotiationManager'
2025-04-05T01:55:57.680+05:30 DEBUG 8816 --- [LoginSignup] [main] o.s.b.f.s.DefaultListableBeanFactory     : Autowiring by type from bean name 'requestMappingHandlerMapping' via factory method to bean named 'mvcConversionService'
2025-04-05T01:55:57.680+05:30 DEBUG 8816 --- [LoginSignup] [main] o.s.b.f.s.DefaultListableBeanFactory     : Autowiring by type from bean name 'requestMappingHandlerMapping' via factory method to bean named 'mvcResourceUrlProvider'
2025-04-05T01:55:57.734+05:30 DEBUG 8816 --- [LoginSignup] [main] s.w.s.m.m.a.RequestMappingHandlerMapping : 4 mappings in 'requestMappingHandlerMapping'
2025-04-05T01:55:57.737+05:30 DEBUG 8816 --- [LoginSignup] [main] o.s.b.f.s.DefaultListableBeanFactory     : Creating shared instance of singleton bean 'viewControllerHandlerMapping'
2025-04-05T01:55:57.738+05:30 DEBUG 8816 --- [LoginSignup] [main] o.s.b.f.s.DefaultListableBeanFactory     : Autowiring by type from bean name 'viewControllerHandlerMapping' via factory method to bean named 'mvcConversionService'
2025-04-05T01:55:57.738+05:30 DEBUG 8816 --- [LoginSignup] [main] o.s.b.f.s.DefaultListableBeanFactory     : Autowiring by type from bean name 'viewControllerHandlerMapping' via factory method to bean named 'mvcResourceUrlProvider'
2025-04-05T01:55:57.739+05:30 DEBUG 8816 --- [LoginSignup] [main] o.s.b.f.s.DefaultListableBeanFactory     : Creating shared instance of singleton bean 'beanNameHandlerMapping'
2025-04-05T01:55:57.739+05:30 DEBUG 8816 --- [LoginSignup] [main] o.s.b.f.s.DefaultListableBeanFactory     : Autowiring by type from bean name 'beanNameHandlerMapping' via factory method to bean named 'mvcConversionService'
2025-04-05T01:55:57.739+05:30 DEBUG 8816 --- [LoginSignup] [main] o.s.b.f.s.DefaultListableBeanFactory     : Autowiring by type from bean name 'beanNameHandlerMapping' via factory method to bean named 'mvcResourceUrlProvider'
2025-04-05T01:55:57.742+05:30 DEBUG 8816 --- [LoginSignup] [main] o.s.b.f.s.DefaultListableBeanFactory     : Creating shared instance of singleton bean 'routerFunctionMapping'
2025-04-05T01:55:57.743+05:30 DEBUG 8816 --- [LoginSignup] [main] o.s.b.f.s.DefaultListableBeanFactory     : Autowiring by type from bean name 'routerFunctionMapping' via factory method to bean named 'mvcConversionService'
2025-04-05T01:55:57.743+05:30 DEBUG 8816 --- [LoginSignup] [main] o.s.b.f.s.DefaultListableBeanFactory     : Autowiring by type from bean name 'routerFunctionMapping' via factory method to bean named 'mvcResourceUrlProvider'
2025-04-05T01:55:57.746+05:30 DEBUG 8816 --- [LoginSignup] [main] o.s.b.f.s.DefaultListableBeanFactory     : Creating shared instance of singleton bean 'messageConverters'
2025-04-05T01:55:57.746+05:30 DEBUG 8816 --- [LoginSignup] [main] o.s.b.f.s.DefaultListableBeanFactory     : Creating shared instance of singleton bean 'org.springframework.boot.autoconfigure.http.HttpMessageConvertersAutoConfiguration'
2025-04-05T01:55:57.750+05:30 DEBUG 8816 --- [LoginSignup] [main] o.s.b.f.s.DefaultListableBeanFactory     : Creating shared instance of singleton bean 'stringHttpMessageConverter'
2025-04-05T01:55:57.750+05:30 DEBUG 8816 --- [LoginSignup] [main] o.s.b.f.s.DefaultListableBeanFactory     : Creating shared instance of singleton bean 'org.springframework.boot.autoconfigure.http.HttpMessageConvertersAutoConfiguration$StringHttpMessageConverterConfiguration'
2025-04-05T01:55:57.751+05:30 DEBUG 8816 --- [LoginSignup] [main] o.s.b.f.s.DefaultListableBeanFactory     : Autowiring by type from bean name 'stringHttpMessageConverter' via factory method to bean named 'environment'
2025-04-05T01:55:57.754+05:30 DEBUG 8816 --- [LoginSignup] [main] o.s.b.f.s.DefaultListableBeanFactory     : Creating shared instance of singleton bean 'mappingJackson2HttpMessageConverter'
2025-04-05T01:55:57.754+05:30 DEBUG 8816 --- [LoginSignup] [main] o.s.b.f.s.DefaultListableBeanFactory     : Creating shared instance of singleton bean 'org.springframework.boot.autoconfigure.http.JacksonHttpMessageConvertersConfiguration$MappingJackson2HttpMessageConverterConfiguration'
2025-04-05T01:55:57.755+05:30 DEBUG 8816 --- [LoginSignup] [main] o.s.b.f.s.DefaultListableBeanFactory     : Creating shared instance of singleton bean 'jacksonObjectMapper'
2025-04-05T01:55:57.755+05:30 DEBUG 8816 --- [LoginSignup] [main] o.s.b.f.s.DefaultListableBeanFactory     : Creating shared instance of singleton bean 'org.springframework.boot.autoconfigure.jackson.JacksonAutoConfiguration$JacksonObjectMapperConfiguration'
2025-04-05T01:55:57.756+05:30 DEBUG 8816 --- [LoginSignup] [main] o.s.b.f.s.DefaultListableBeanFactory     : Creating shared instance of singleton bean 'org.springframework.boot.autoconfigure.jackson.JacksonAutoConfiguration$JacksonObjectMapperBuilderConfiguration'
2025-04-05T01:55:57.757+05:30 DEBUG 8816 --- [LoginSignup] [main] o.s.b.f.s.DefaultListableBeanFactory     : Creating shared instance of singleton bean 'standardJacksonObjectMapperBuilderCustomizer'
2025-04-05T01:55:57.757+05:30 DEBUG 8816 --- [LoginSignup] [main] o.s.b.f.s.DefaultListableBeanFactory     : Creating shared instance of singleton bean 'org.springframework.boot.autoconfigure.jackson.JacksonAutoConfiguration$Jackson2ObjectMapperBuilderCustomizerConfiguration'
2025-04-05T01:55:57.758+05:30 DEBUG 8816 --- [LoginSignup] [main] o.s.b.f.s.DefaultListableBeanFactory     : Creating shared instance of singleton bean 'spring.jackson-org.springframework.boot.autoconfigure.jackson.JacksonProperties'
2025-04-05T01:55:57.761+05:30 DEBUG 8816 --- [LoginSignup] [main] o.s.b.f.s.DefaultListableBeanFactory     : Autowiring by type from bean name 'standardJacksonObjectMapperBuilderCustomizer' via factory method to bean named 'spring.jackson-org.springframework.boot.autoconfigure.jackson.JacksonProperties'
2025-04-05T01:55:57.762+05:30 DEBUG 8816 --- [LoginSignup] [main] o.s.b.f.s.DefaultListableBeanFactory     : Creating shared instance of singleton bean 'parameterNamesModule'
2025-04-05T01:55:57.762+05:30 DEBUG 8816 --- [LoginSignup] [main] o.s.b.f.s.DefaultListableBeanFactory     : Creating shared instance of singleton bean 'org.springframework.boot.autoconfigure.jackson.JacksonAutoConfiguration$ParameterNamesModuleConfiguration'
2025-04-05T01:55:57.766+05:30 DEBUG 8816 --- [LoginSignup] [main] o.s.b.f.s.DefaultListableBeanFactory     : Creating shared instance of singleton bean 'jsonMixinModule'
2025-04-05T01:55:57.766+05:30 DEBUG 8816 --- [LoginSignup] [main] o.s.b.f.s.DefaultListableBeanFactory     : Creating shared instance of singleton bean 'org.springframework.boot.autoconfigure.jackson.JacksonAutoConfiguration$JacksonMixinConfiguration'
2025-04-05T01:55:57.767+05:30 DEBUG 8816 --- [LoginSignup] [main] o.s.b.f.s.DefaultListableBeanFactory     : Creating shared instance of singleton bean 'jsonMixinModuleEntries'
2025-04-05T01:55:57.767+05:30 DEBUG 8816 --- [LoginSignup] [main] o.s.b.f.s.DefaultListableBeanFactory     : Autowiring by type from bean name 'jsonMixinModuleEntries' via factory method to bean named 'org.springframework.boot.web.servlet.context.AnnotationConfigServletWebServerApplicationContext@3b8f0a79'
2025-04-05T01:55:57.773+05:30 DEBUG 8816 --- [LoginSignup] [main] o.s.b.f.s.DefaultListableBeanFactory     : Autowiring by type from bean name 'jsonMixinModule' via factory method to bean named 'org.springframework.boot.web.servlet.context.AnnotationConfigServletWebServerApplicationContext@3b8f0a79'
2025-04-05T01:55:57.774+05:30 DEBUG 8816 --- [LoginSignup] [main] o.s.b.f.s.DefaultListableBeanFactory     : Autowiring by type from bean name 'jsonMixinModule' via factory method to bean named 'jsonMixinModuleEntries'
2025-04-05T01:55:57.776+05:30 DEBUG 8816 --- [LoginSignup] [main] o.s.b.f.s.DefaultListableBeanFactory     : Creating shared instance of singleton bean 'jsonComponentModule'
2025-04-05T01:55:57.776+05:30 DEBUG 8816 --- [LoginSignup] [main] o.s.b.f.s.DefaultListableBeanFactory     : Creating shared instance of singleton bean 'org.springframework.boot.autoconfigure.jackson.JacksonAutoConfiguration'
2025-04-05T01:55:57.781+05:30 DEBUG 8816 --- [LoginSignup] [main] o.s.b.f.s.DefaultListableBeanFactory     : Creating shared instance of singleton bean 'jacksonGeoModule'
2025-04-05T01:55:57.781+05:30 DEBUG 8816 --- [LoginSignup] [main] o.s.b.f.s.DefaultListableBeanFactory     : Creating shared instance of singleton bean 'org.springframework.data.web.config.SpringDataJacksonConfiguration'
2025-04-05T01:55:57.782+05:30 DEBUG 8816 --- [LoginSignup] [main] o.s.b.f.s.DefaultListableBeanFactory     : Creating shared instance of singleton bean 'springDataWebSettings'
2025-04-05T01:55:57.782+05:30 DEBUG 8816 --- [LoginSignup] [main] o.s.b.f.s.DefaultListableBeanFactory     : Creating shared instance of singleton bean 'org.springframework.boot.autoconfigure.data.web.SpringDataWebAutoConfiguration'
2025-04-05T01:55:57.783+05:30 DEBUG 8816 --- [LoginSignup] [main] o.s.b.f.s.DefaultListableBeanFactory     : Creating shared instance of singleton bean 'spring.data.web-org.springframework.boot.autoconfigure.data.web.SpringDataWebProperties'
2025-04-05T01:55:57.784+05:30 DEBUG 8816 --- [LoginSignup] [main] o.s.b.f.s.DefaultListableBeanFactory     : Autowiring by type from bean name 'org.springframework.boot.autoconfigure.data.web.SpringDataWebAutoConfiguration' via constructor to bean named 'spring.data.web-org.springframework.boot.autoconfigure.data.web.SpringDataWebProperties'
2025-04-05T01:55:57.788+05:30 DEBUG 8816 --- [LoginSignup] [main] o.s.b.f.s.DefaultListableBeanFactory     : Creating shared instance of singleton bean 'pageModule'
2025-04-05T01:55:57.792+05:30 DEBUG 8816 --- [LoginSignup] [main] o.s.b.f.s.DefaultListableBeanFactory     : Autowiring by type from bean name 'jacksonObjectMapperBuilder' via factory method to bean named 'org.springframework.boot.web.servlet.context.AnnotationConfigServletWebServerApplicationContext@3b8f0a79'
2025-04-05T01:55:57.792+05:30 DEBUG 8816 --- [LoginSignup] [main] o.s.b.f.s.DefaultListableBeanFactory     : Autowiring by type from bean name 'jacksonObjectMapperBuilder' via factory method to bean named 'standardJacksonObjectMapperBuilderCustomizer'
2025-04-05T01:55:57.795+05:30 DEBUG 8816 --- [LoginSignup] [main] o.s.b.f.s.DefaultListableBeanFactory     : Autowiring by type from bean name 'jacksonObjectMapper' via factory method to bean named 'jacksonObjectMapperBuilder'
2025-04-05T01:55:57.807+05:30 DEBUG 8816 --- [LoginSignup] [main] o.s.b.f.s.DefaultListableBeanFactory     : Autowiring by type from bean name 'mappingJackson2HttpMessageConverter' via factory method to bean named 'jacksonObjectMapper'
2025-04-05T01:55:57.819+05:30 DEBUG 8816 --- [LoginSignup] [main] o.s.b.f.s.DefaultListableBeanFactory     : Creating shared instance of singleton bean 'resourceHandlerMapping'
2025-04-05T01:55:57.820+05:30 DEBUG 8816 --- [LoginSignup] [main] o.s.b.f.s.DefaultListableBeanFactory     : Autowiring by type from bean name 'resourceHandlerMapping' via factory method to bean named 'mvcContentNegotiationManager'
2025-04-05T01:55:57.820+05:30 DEBUG 8816 --- [LoginSignup] [main] o.s.b.f.s.DefaultListableBeanFactory     : Autowiring by type from bean name 'resourceHandlerMapping' via factory method to bean named 'mvcConversionService'
2025-04-05T01:55:57.821+05:30 DEBUG 8816 --- [LoginSignup] [main] o.s.b.f.s.DefaultListableBeanFactory     : Autowiring by type from bean name 'resourceHandlerMapping' via factory method to bean named 'mvcResourceUrlProvider'
2025-04-05T01:55:57.842+05:30 DEBUG 8816 --- [LoginSignup] [main] o.s.w.s.handler.SimpleUrlHandlerMapping  : Patterns [/webjars/**, /**] in 'resourceHandlerMapping'
2025-04-05T01:55:57.843+05:30 DEBUG 8816 --- [LoginSignup] [main] o.s.b.f.s.DefaultListableBeanFactory     : Creating shared instance of singleton bean 'defaultServletHandlerMapping'
2025-04-05T01:55:57.881+05:30 DEBUG 8816 --- [LoginSignup] [main] o.s.b.f.s.DefaultListableBeanFactory     : Creating shared instance of singleton bean 'authenticationManagerPostProcessor'
2025-04-05T01:55:57.903+05:30 DEBUG 8816 --- [LoginSignup] [main] o.s.s.web.DefaultSecurityFilterChain     : Will secure any request with filters: DisableEncodeUrlFilter, WebAsyncManagerIntegrationFilter, SecurityContextHolderFilter, HeaderWriterFilter, LogoutFilter, RequestCacheAwareFilter, SecurityContextHolderAwareRequestFilter, AnonymousAuthenticationFilter, ExceptionTranslationFilter, AuthorizationFilter
2025-04-05T01:55:57.904+05:30 DEBUG 8816 --- [LoginSignup] [main] o.s.b.f.s.DefaultListableBeanFactory     : Creating shared instance of singleton bean 'userDetailsService'
2025-04-05T01:55:57.904+05:30 DEBUG 8816 --- [LoginSignup] [main] o.s.b.f.s.DefaultListableBeanFactory     : Autowiring by type from bean name 'userDetailsService' via factory method to bean named 'customUserDetailsService'
2025-04-05T01:55:57.905+05:30 DEBUG 8816 --- [LoginSignup] [main] o.s.b.f.s.DefaultListableBeanFactory     : Creating shared instance of singleton bean 'authenticationManager'
2025-04-05T01:55:57.905+05:30 DEBUG 8816 --- [LoginSignup] [main] o.s.b.f.s.DefaultListableBeanFactory     : Autowiring by type from bean name 'authenticationManager' via factory method to bean named 'userDetailsService'
2025-04-05T01:55:57.905+05:30 DEBUG 8816 --- [LoginSignup] [main] o.s.b.f.s.DefaultListableBeanFactory     : Autowiring by type from bean name 'authenticationManager' via factory method to bean named 'passwordEncoder'
2025-04-05T01:55:57.921+05:30 DEBUG 8816 --- [LoginSignup] [main] o.s.b.f.s.DefaultListableBeanFactory     : Creating shared instance of singleton bean 'org.springframework.boot.autoconfigure.context.PropertyPlaceholderAutoConfiguration'
2025-04-05T01:55:57.921+05:30 DEBUG 8816 --- [LoginSignup] [main] o.s.b.f.s.DefaultListableBeanFactory     : Creating shared instance of singleton bean 'org.springframework.boot.context.properties.EnableConfigurationPropertiesRegistrar.methodValidationExcludeFilter'
2025-04-05T01:55:57.923+05:30 DEBUG 8816 --- [LoginSignup] [main] o.s.b.f.s.DefaultListableBeanFactory     : Creating shared instance of singleton bean 'org.springframework.boot.autoconfigure.websocket.servlet.WebSocketServletAutoConfiguration'
2025-04-05T01:55:57.923+05:30 DEBUG 8816 --- [LoginSignup] [main] o.s.b.f.s.DefaultListableBeanFactory     : Creating shared instance of singleton bean 'org.springframework.boot.autoconfigure.web.servlet.DispatcherServletAutoConfiguration'
2025-04-05T01:55:57.924+05:30 DEBUG 8816 --- [LoginSignup] [main] o.s.b.f.s.DefaultListableBeanFactory     : Creating shared instance of singleton bean 'org.springframework.boot.autoconfigure.task.TaskExecutorConfigurations$ThreadPoolTaskExecutorBuilderConfiguration'
2025-04-05T01:55:57.924+05:30 DEBUG 8816 --- [LoginSignup] [main] o.s.b.f.s.DefaultListableBeanFactory     : Creating shared instance of singleton bean 'threadPoolTaskExecutorBuilder'
2025-04-05T01:55:57.925+05:30 DEBUG 8816 --- [LoginSignup] [main] o.s.b.f.s.DefaultListableBeanFactory     : Creating shared instance of singleton bean 'spring.task.execution-org.springframework.boot.autoconfigure.task.TaskExecutionProperties'
2025-04-05T01:55:57.927+05:30 DEBUG 8816 --- [LoginSignup] [main] o.s.b.f.s.DefaultListableBeanFactory     : Autowiring by type from bean name 'threadPoolTaskExecutorBuilder' via factory method to bean named 'spring.task.execution-org.springframework.boot.autoconfigure.task.TaskExecutionProperties'
2025-04-05T01:55:57.929+05:30 DEBUG 8816 --- [LoginSignup] [main] o.s.b.f.s.DefaultListableBeanFactory     : Creating shared instance of singleton bean 'org.springframework.boot.autoconfigure.task.TaskExecutorConfigurations$SimpleAsyncTaskExecutorBuilderConfiguration'
2025-04-05T01:55:57.930+05:30 DEBUG 8816 --- [LoginSignup] [main] o.s.b.f.s.DefaultListableBeanFactory     : Autowiring by type from bean name 'org.springframework.boot.autoconfigure.task.TaskExecutorConfigurations$SimpleAsyncTaskExecutorBuilderConfiguration' via constructor to bean named 'spring.task.execution-org.springframework.boot.autoconfigure.task.TaskExecutionProperties'
2025-04-05T01:55:57.931+05:30 DEBUG 8816 --- [LoginSignup] [main] o.s.b.f.s.DefaultListableBeanFactory     : Creating shared instance of singleton bean 'simpleAsyncTaskExecutorBuilder'
2025-04-05T01:55:57.932+05:30 DEBUG 8816 --- [LoginSignup] [main] o.s.b.f.s.DefaultListableBeanFactory     : Creating shared instance of singleton bean 'org.springframework.boot.autoconfigure.task.TaskExecutorConfigurations$TaskExecutorConfiguration'
2025-04-05T01:55:57.933+05:30 DEBUG 8816 --- [LoginSignup] [main] o.s.b.f.s.DefaultListableBeanFactory     : Creating shared instance of singleton bean 'org.springframework.boot.autoconfigure.task.TaskExecutionAutoConfiguration'
2025-04-05T01:55:57.933+05:30 DEBUG 8816 --- [LoginSignup] [main] o.s.b.f.s.DefaultListableBeanFactory     : Creating shared instance of singleton bean 'org.springframework.boot.autoconfigure.web.servlet.error.ErrorMvcAutoConfiguration$WhitelabelErrorViewConfiguration'
2025-04-05T01:55:57.934+05:30 DEBUG 8816 --- [LoginSignup] [main] o.s.b.f.s.DefaultListableBeanFactory     : Creating shared instance of singleton bean 'error'
2025-04-05T01:55:57.935+05:30 DEBUG 8816 --- [LoginSignup] [main] o.s.b.f.s.DefaultListableBeanFactory     : Creating shared instance of singleton bean 'beanNameViewResolver'
2025-04-05T01:55:57.936+05:30 DEBUG 8816 --- [LoginSignup] [main] o.s.b.f.s.DefaultListableBeanFactory     : Creating shared instance of singleton bean 'org.springframework.boot.autoconfigure.web.servlet.error.ErrorMvcAutoConfiguration$DefaultErrorViewResolverConfiguration'
2025-04-05T01:55:57.936+05:30 DEBUG 8816 --- [LoginSignup] [main] o.s.b.f.s.DefaultListableBeanFactory     : Autowiring by type from bean name 'org.springframework.boot.autoconfigure.web.servlet.error.ErrorMvcAutoConfiguration$DefaultErrorViewResolverConfiguration' via constructor to bean named 'org.springframework.boot.web.servlet.context.AnnotationConfigServletWebServerApplicationContext@3b8f0a79'
2025-04-05T01:55:57.937+05:30 DEBUG 8816 --- [LoginSignup] [main] o.s.b.f.s.DefaultListableBeanFactory     : Autowiring by type from bean name 'org.springframework.boot.autoconfigure.web.servlet.error.ErrorMvcAutoConfiguration$DefaultErrorViewResolverConfiguration' via constructor to bean named 'spring.web-org.springframework.boot.autoconfigure.web.WebProperties'
2025-04-05T01:55:57.937+05:30 DEBUG 8816 --- [LoginSignup] [main] o.s.b.f.s.DefaultListableBeanFactory     : Creating shared instance of singleton bean 'conventionErrorViewResolver'
2025-04-05T01:55:57.938+05:30 DEBUG 8816 --- [LoginSignup] [main] o.s.b.f.s.DefaultListableBeanFactory     : Creating shared instance of singleton bean 'errorAttributes'
2025-04-05T01:55:57.940+05:30 DEBUG 8816 --- [LoginSignup] [main] o.s.b.f.s.DefaultListableBeanFactory     : Creating shared instance of singleton bean 'basicErrorController'
2025-04-05T01:55:57.940+05:30 DEBUG 8816 --- [LoginSignup] [main] o.s.b.f.s.DefaultListableBeanFactory     : Autowiring by type from bean name 'basicErrorController' via factory method to bean named 'errorAttributes'
2025-04-05T01:55:57.942+05:30 DEBUG 8816 --- [LoginSignup] [main] o.s.b.f.s.DefaultListableBeanFactory     : Creating shared instance of singleton bean 'localeResolver'
2025-04-05T01:55:57.943+05:30 DEBUG 8816 --- [LoginSignup] [main] o.s.b.f.s.DefaultListableBeanFactory     : Creating shared instance of singleton bean 'themeResolver'
2025-04-05T01:55:57.945+05:30 DEBUG 8816 --- [LoginSignup] [main] o.s.b.f.s.DefaultListableBeanFactory     : Creating shared instance of singleton bean 'flashMapManager'
2025-04-05T01:55:57.947+05:30 DEBUG 8816 --- [LoginSignup] [main] o.s.b.f.s.DefaultListableBeanFactory     : Creating shared instance of singleton bean 'viewNameTranslator'
2025-04-05T01:55:57.948+05:30 DEBUG 8816 --- [LoginSignup] [main] o.s.b.f.s.DefaultListableBeanFactory     : Creating shared instance of singleton bean 'mvcValidator'
2025-04-05T01:55:57.949+05:30 DEBUG 8816 --- [LoginSignup] [main] o.s.b.f.s.DefaultListableBeanFactory     : Creating shared instance of singleton bean 'mvcPatternParser'
2025-04-05T01:55:57.949+05:30 DEBUG 8816 --- [LoginSignup] [main] o.s.b.f.s.DefaultListableBeanFactory     : Creating shared instance of singleton bean 'mvcUrlPathHelper'
2025-04-05T01:55:57.950+05:30 DEBUG 8816 --- [LoginSignup] [main] o.s.b.f.s.DefaultListableBeanFactory     : Creating shared instance of singleton bean 'mvcPathMatcher'
2025-04-05T01:55:57.951+05:30 DEBUG 8816 --- [LoginSignup] [main] o.s.b.f.s.DefaultListableBeanFactory     : Creating shared instance of singleton bean 'requestMappingHandlerAdapter'
2025-04-05T01:55:57.951+05:30 DEBUG 8816 --- [LoginSignup] [main] o.s.b.f.s.DefaultListableBeanFactory     : Autowiring by type from bean name 'requestMappingHandlerAdapter' via factory method to bean named 'mvcContentNegotiationManager'
2025-04-05T01:55:57.951+05:30 DEBUG 8816 --- [LoginSignup] [main] o.s.b.f.s.DefaultListableBeanFactory     : Autowiring by type from bean name 'requestMappingHandlerAdapter' via factory method to bean named 'mvcConversionService'
2025-04-05T01:55:57.951+05:30 DEBUG 8816 --- [LoginSignup] [main] o.s.b.f.s.DefaultListableBeanFactory     : Autowiring by type from bean name 'requestMappingHandlerAdapter' via factory method to bean named 'mvcValidator'
2025-04-05T01:55:57.960+05:30 DEBUG 8816 --- [LoginSignup] [main] o.s.b.f.s.DefaultListableBeanFactory     : Creating shared instance of singleton bean 'sortResolver'
2025-04-05T01:55:57.962+05:30 DEBUG 8816 --- [LoginSignup] [main] o.s.b.f.s.DefaultListableBeanFactory     : Creating shared instance of singleton bean 'sortCustomizer'
2025-04-05T01:55:57.964+05:30 DEBUG 8816 --- [LoginSignup] [main] o.s.b.f.s.DefaultListableBeanFactory     : Creating shared instance of singleton bean 'pageableResolver'
2025-04-05T01:55:57.966+05:30 DEBUG 8816 --- [LoginSignup] [main] o.s.b.f.s.DefaultListableBeanFactory     : Creating shared instance of singleton bean 'pageableCustomizer'
2025-04-05T01:55:57.972+05:30 DEBUG 8816 --- [LoginSignup] [main] o.s.b.f.s.DefaultListableBeanFactory     : Creating shared instance of singleton bean 'applicationTaskExecutor'
2025-04-05T01:55:57.973+05:30 DEBUG 8816 --- [LoginSignup] [main] o.s.b.f.s.DefaultListableBeanFactory     : Autowiring by type from bean name 'applicationTaskExecutor' via factory method to bean named 'threadPoolTaskExecutorBuilder'
2025-04-05T01:55:57.977+05:30 DEBUG 8816 --- [LoginSignup] [main] o.s.s.concurrent.ThreadPoolTaskExecutor  : Initializing ExecutorService 'applicationTaskExecutor'
2025-04-05T01:55:57.991+05:30 DEBUG 8816 --- [LoginSignup] [main] s.w.s.m.m.a.RequestMappingHandlerAdapter : ControllerAdvice beans: 0 @ModelAttribute, 0 @InitBinder, 1 RequestBodyAdvice, 1 ResponseBodyAdvice
2025-04-05T01:55:58.015+05:30 DEBUG 8816 --- [LoginSignup] [main] o.s.b.f.s.DefaultListableBeanFactory     : Creating shared instance of singleton bean 'mvcViewResolver'
2025-04-05T01:55:58.016+05:30 DEBUG 8816 --- [LoginSignup] [main] o.s.b.f.s.DefaultListableBeanFactory     : Autowiring by type from bean name 'mvcViewResolver' via factory method to bean named 'mvcContentNegotiationManager'
2025-04-05T01:55:58.019+05:30 DEBUG 8816 --- [LoginSignup] [main] o.s.b.f.s.DefaultListableBeanFactory     : Creating shared instance of singleton bean 'defaultViewResolver'
2025-04-05T01:55:58.027+05:30 DEBUG 8816 --- [LoginSignup] [main] o.s.b.f.s.DefaultListableBeanFactory     : Creating shared instance of singleton bean 'viewResolver'
2025-04-05T01:55:58.028+05:30 DEBUG 8816 --- [LoginSignup] [main] o.s.b.f.s.DefaultListableBeanFactory     : Autowiring by type from bean name 'viewResolver' via factory method to bean named 'org.springframework.beans.factory.support.DefaultListableBeanFactory@a43ce46'
2025-04-05T01:55:58.030+05:30 DEBUG 8816 --- [LoginSignup] [main] o.s.b.f.s.DefaultListableBeanFactory     : Creating shared instance of singleton bean 'viewResolver'
2025-04-05T01:55:58.039+05:30 DEBUG 8816 --- [LoginSignup] [main] o.s.b.f.s.DefaultListableBeanFactory     : Creating shared instance of singleton bean 'handlerFunctionAdapter'
2025-04-05T01:55:58.042+05:30 DEBUG 8816 --- [LoginSignup] [main] o.s.b.f.s.DefaultListableBeanFactory     : Creating shared instance of singleton bean 'mvcUriComponentsContributor'
2025-04-05T01:55:58.043+05:30 DEBUG 8816 --- [LoginSignup] [main] o.s.b.f.s.DefaultListableBeanFactory     : Autowiring by type from bean name 'mvcUriComponentsContributor' via factory method to bean named 'mvcConversionService'
2025-04-05T01:55:58.043+05:30 DEBUG 8816 --- [LoginSignup] [main] o.s.b.f.s.DefaultListableBeanFactory     : Autowiring by type from bean name 'mvcUriComponentsContributor' via factory method to bean named 'requestMappingHandlerAdapter'
2025-04-05T01:55:58.047+05:30 DEBUG 8816 --- [LoginSignup] [main] o.s.b.f.s.DefaultListableBeanFactory     : Creating shared instance of singleton bean 'httpRequestHandlerAdapter'
2025-04-05T01:55:58.048+05:30 DEBUG 8816 --- [LoginSignup] [main] o.s.b.f.s.DefaultListableBeanFactory     : Creating shared instance of singleton bean 'simpleControllerHandlerAdapter'
2025-04-05T01:55:58.048+05:30 DEBUG 8816 --- [LoginSignup] [main] o.s.b.f.s.DefaultListableBeanFactory     : Creating shared instance of singleton bean 'handlerExceptionResolver'
2025-04-05T01:55:58.049+05:30 DEBUG 8816 --- [LoginSignup] [main] o.s.b.f.s.DefaultListableBeanFactory     : Autowiring by type from bean name 'handlerExceptionResolver' via factory method to bean named 'mvcContentNegotiationManager'
2025-04-05T01:55:58.053+05:30 DEBUG 8816 --- [LoginSignup] [main] .m.m.a.ExceptionHandlerExceptionResolver : ControllerAdvice beans: 0 @ExceptionHandler, 1 ResponseBodyAdvice
2025-04-05T01:55:58.057+05:30 DEBUG 8816 --- [LoginSignup] [main] o.s.b.f.s.DefaultListableBeanFactory     : Creating shared instance of singleton bean 'org.springframework.boot.autoconfigure.aop.AopAutoConfiguration$AspectJAutoProxyingConfiguration$CglibAutoProxyConfiguration'
2025-04-05T01:55:58.057+05:30 DEBUG 8816 --- [LoginSignup] [main] o.s.b.f.s.DefaultListableBeanFactory     : Creating shared instance of singleton bean 'org.springframework.boot.autoconfigure.aop.AopAutoConfiguration$AspectJAutoProxyingConfiguration'
2025-04-05T01:55:58.058+05:30 DEBUG 8816 --- [LoginSignup] [main] o.s.b.f.s.DefaultListableBeanFactory     : Creating shared instance of singleton bean 'org.springframework.boot.autoconfigure.aop.AopAutoConfiguration'
2025-04-05T01:55:58.058+05:30 DEBUG 8816 --- [LoginSignup] [main] o.s.b.f.s.DefaultListableBeanFactory     : Creating shared instance of singleton bean 'org.springframework.boot.autoconfigure.availability.ApplicationAvailabilityAutoConfiguration'
2025-04-05T01:55:58.058+05:30 DEBUG 8816 --- [LoginSignup] [main] o.s.b.f.s.DefaultListableBeanFactory     : Creating shared instance of singleton bean 'applicationAvailability'
2025-04-05T01:55:58.059+05:30 DEBUG 8816 --- [LoginSignup] [main] o.s.b.f.s.DefaultListableBeanFactory     : Creating shared instance of singleton bean 'org.springframework.boot.autoconfigure.transaction.jta.JtaAutoConfiguration'
2025-04-05T01:55:58.060+05:30 DEBUG 8816 --- [LoginSignup] [main] o.s.b.f.s.DefaultListableBeanFactory     : Creating shared instance of singleton bean 'org.springframework.boot.autoconfigure.jdbc.DataSourceJmxConfiguration$Hikari'
2025-04-05T01:55:58.060+05:30 DEBUG 8816 --- [LoginSignup] [main] o.s.b.f.s.DefaultListableBeanFactory     : Autowiring by type from bean name 'org.springframework.boot.autoconfigure.jdbc.DataSourceJmxConfiguration$Hikari' via constructor to bean named 'dataSource'
2025-04-05T01:55:58.061+05:30 DEBUG 8816 --- [LoginSignup] [main] o.s.b.f.s.DefaultListableBeanFactory     : Creating shared instance of singleton bean 'org.springframework.boot.autoconfigure.jdbc.DataSourceJmxConfiguration'
2025-04-05T01:55:58.061+05:30 DEBUG 8816 --- [LoginSignup] [main] o.s.b.f.s.DefaultListableBeanFactory     : Creating shared instance of singleton bean 'org.springframework.boot.autoconfigure.jdbc.metadata.DataSourcePoolMetadataProvidersConfiguration'
2025-04-05T01:55:58.061+05:30 DEBUG 8816 --- [LoginSignup] [main] o.s.b.f.s.DefaultListableBeanFactory     : Creating shared instance of singleton bean 'org.springframework.boot.autoconfigure.jdbc.DataSourceAutoConfiguration'
2025-04-05T01:55:58.061+05:30 DEBUG 8816 --- [LoginSignup] [main] o.s.b.f.s.DefaultListableBeanFactory     : Creating shared instance of singleton bean 'org.springframework.boot.autoconfigure.transaction.TransactionManagerCustomizationAutoConfiguration'
2025-04-05T01:55:58.061+05:30 DEBUG 8816 --- [LoginSignup] [main] o.s.b.f.s.DefaultListableBeanFactory     : Creating shared instance of singleton bean 'platformTransactionManagerCustomizers'
2025-04-05T01:55:58.062+05:30 DEBUG 8816 --- [LoginSignup] [main] o.s.b.f.s.DefaultListableBeanFactory     : Creating shared instance of singleton bean 'transactionExecutionListeners'
2025-04-05T01:55:58.065+05:30 DEBUG 8816 --- [LoginSignup] [main] o.s.b.f.s.DefaultListableBeanFactory     : Creating shared instance of singleton bean 'spring.transaction-org.springframework.boot.autoconfigure.transaction.TransactionProperties'
2025-04-05T01:55:58.067+05:30 DEBUG 8816 --- [LoginSignup] [main] o.s.b.f.s.DefaultListableBeanFactory     : Creating shared instance of singleton bean 'org.springframework.boot.autoconfigure.orm.jpa.JpaBaseConfiguration$PersistenceManagedTypesConfiguration'
2025-04-05T01:55:58.068+05:30 DEBUG 8816 --- [LoginSignup] [main] o.s.b.f.s.DefaultListableBeanFactory     : Creating shared instance of singleton bean 'transactionManager'
2025-04-05T01:55:58.076+05:30 DEBUG 8816 --- [LoginSignup] [main] o.s.b.f.s.DefaultListableBeanFactory     : Creating shared instance of singleton bean 'org.springframework.boot.autoconfigure.orm.jpa.HibernateJpaAutoConfiguration'
2025-04-05T01:55:58.077+05:30 DEBUG 8816 --- [LoginSignup] [main] o.s.b.f.s.DefaultListableBeanFactory     : Creating shared instance of singleton bean 'org.springframework.boot.autoconfigure.context.ConfigurationPropertiesAutoConfiguration'
2025-04-05T01:55:58.077+05:30 DEBUG 8816 --- [LoginSignup] [main] o.s.b.f.s.DefaultListableBeanFactory     : Creating shared instance of singleton bean 'org.springframework.boot.autoconfigure.context.LifecycleAutoConfiguration'
2025-04-05T01:55:58.078+05:30 DEBUG 8816 --- [LoginSignup] [main] o.s.b.f.s.DefaultListableBeanFactory     : Creating shared instance of singleton bean 'lifecycleProcessor'
2025-04-05T01:55:58.078+05:30 DEBUG 8816 --- [LoginSignup] [main] o.s.b.f.s.DefaultListableBeanFactory     : Creating shared instance of singleton bean 'spring.lifecycle-org.springframework.boot.autoconfigure.context.LifecycleProperties'
2025-04-05T01:55:58.079+05:30 DEBUG 8816 --- [LoginSignup] [main] o.s.b.f.s.DefaultListableBeanFactory     : Autowiring by type from bean name 'lifecycleProcessor' via factory method to bean named 'spring.lifecycle-org.springframework.boot.autoconfigure.context.LifecycleProperties'
2025-04-05T01:55:58.081+05:30 DEBUG 8816 --- [LoginSignup] [main] o.s.b.f.s.DefaultListableBeanFactory     : Creating shared instance of singleton bean 'org.springframework.boot.autoconfigure.dao.PersistenceExceptionTranslationAutoConfiguration'
2025-04-05T01:55:58.081+05:30 DEBUG 8816 --- [LoginSignup] [main] o.s.b.f.s.DefaultListableBeanFactory     : Creating shared instance of singleton bean 'org.springframework.boot.autoconfigure.data.jpa.JpaRepositoriesAutoConfiguration'
2025-04-05T01:55:58.083+05:30 DEBUG 8816 --- [LoginSignup] [main] o.s.b.f.s.DefaultListableBeanFactory     : Creating shared instance of singleton bean 'org.springframework.data.jpa.util.JpaMetamodelCacheCleanup'
2025-04-05T01:55:58.083+05:30 DEBUG 8816 --- [LoginSignup] [main] o.s.b.f.s.DefaultListableBeanFactory     : Creating shared instance of singleton bean 'org.springframework.data.jpa.repository.support.JpaEvaluationContextExtension'
2025-04-05T01:55:58.085+05:30 DEBUG 8816 --- [LoginSignup] [main] o.s.b.f.s.DefaultListableBeanFactory     : Creating shared instance of singleton bean 'data-jpa.repository-aot-processor#0'
2025-04-05T01:55:58.091+05:30 DEBUG 8816 --- [LoginSignup] [main] o.s.b.f.s.DefaultListableBeanFactory     : Creating shared instance of singleton bean 'org.springframework.boot.autoconfigure.http.JacksonHttpMessageConvertersConfiguration'
2025-04-05T01:55:58.092+05:30 DEBUG 8816 --- [LoginSignup] [main] o.s.b.f.s.DefaultListableBeanFactory     : Creating shared instance of singleton bean 'org.springframework.data.web.config.ProjectingArgumentResolverRegistrar'
2025-04-05T01:55:58.092+05:30 DEBUG 8816 --- [LoginSignup] [main] o.s.b.f.s.DefaultListableBeanFactory     : Creating shared instance of singleton bean 'offsetResolver'
2025-04-05T01:55:58.094+05:30 DEBUG 8816 --- [LoginSignup] [main] o.s.b.f.s.DefaultListableBeanFactory     : Creating shared instance of singleton bean 'org.springframework.boot.autoconfigure.http.client.HttpClientAutoConfiguration'
2025-04-05T01:55:58.094+05:30 DEBUG 8816 --- [LoginSignup] [main] o.s.b.f.s.DefaultListableBeanFactory     : Creating shared instance of singleton bean 'clientHttpRequestFactoryBuilder'
2025-04-05T01:55:58.095+05:30 DEBUG 8816 --- [LoginSignup] [main] o.s.b.f.s.DefaultListableBeanFactory     : Creating shared instance of singleton bean 'spring.http.client-org.springframework.boot.autoconfigure.http.client.HttpClientProperties'
2025-04-05T01:55:58.096+05:30 DEBUG 8816 --- [LoginSignup] [main] o.s.b.f.s.DefaultListableBeanFactory     : Autowiring by type from bean name 'clientHttpRequestFactoryBuilder' via factory method to bean named 'spring.http.client-org.springframework.boot.autoconfigure.http.client.HttpClientProperties'
2025-04-05T01:55:58.105+05:30 DEBUG 8816 --- [LoginSignup] [main] o.s.b.f.s.DefaultListableBeanFactory     : Creating shared instance of singleton bean 'clientHttpRequestFactorySettings'
2025-04-05T01:55:58.105+05:30 DEBUG 8816 --- [LoginSignup] [main] o.s.b.f.s.DefaultListableBeanFactory     : Autowiring by type from bean name 'clientHttpRequestFactorySettings' via factory method to bean named 'spring.http.client-org.springframework.boot.autoconfigure.http.client.HttpClientProperties'
2025-04-05T01:55:58.106+05:30 DEBUG 8816 --- [LoginSignup] [main] o.s.b.f.s.DefaultListableBeanFactory     : Creating shared instance of singleton bean 'org.springframework.boot.autoconfigure.info.ProjectInfoAutoConfiguration'
2025-04-05T01:55:58.109+05:30 DEBUG 8816 --- [LoginSignup] [main] o.s.b.f.s.DefaultListableBeanFactory     : Creating shared instance of singleton bean 'spring.info-org.springframework.boot.autoconfigure.info.ProjectInfoProperties'
2025-04-05T01:55:58.110+05:30 DEBUG 8816 --- [LoginSignup] [main] o.s.b.f.s.DefaultListableBeanFactory     : Autowiring by type from bean name 'org.springframework.boot.autoconfigure.info.ProjectInfoAutoConfiguration' via constructor to bean named 'spring.info-org.springframework.boot.autoconfigure.info.ProjectInfoProperties'
2025-04-05T01:55:58.111+05:30 DEBUG 8816 --- [LoginSignup] [main] o.s.b.f.s.DefaultListableBeanFactory     : Creating shared instance of singleton bean 'org.springframework.boot.autoconfigure.jdbc.JdbcTemplateConfiguration'
2025-04-05T01:55:58.111+05:30 DEBUG 8816 --- [LoginSignup] [main] o.s.b.f.s.DefaultListableBeanFactory     : Creating shared instance of singleton bean 'jdbcTemplate'
2025-04-05T01:55:58.112+05:30 DEBUG 8816 --- [LoginSignup] [main] o.s.b.f.s.DefaultListableBeanFactory     : Creating shared instance of singleton bean 'spring.jdbc-org.springframework.boot.autoconfigure.jdbc.JdbcProperties'
2025-04-05T01:55:58.112+05:30 DEBUG 8816 --- [LoginSignup] [main] o.s.b.f.s.DefaultListableBeanFactory     : Autowiring by type from bean name 'jdbcTemplate' via factory method to bean named 'dataSource'
2025-04-05T01:55:58.113+05:30 DEBUG 8816 --- [LoginSignup] [main] o.s.b.f.s.DefaultListableBeanFactory     : Autowiring by type from bean name 'jdbcTemplate' via factory method to bean named 'spring.jdbc-org.springframework.boot.autoconfigure.jdbc.JdbcProperties'
2025-04-05T01:55:58.120+05:30 DEBUG 8816 --- [LoginSignup] [main] o.s.b.f.s.DefaultListableBeanFactory     : Creating shared instance of singleton bean 'org.springframework.boot.autoconfigure.jdbc.NamedParameterJdbcTemplateConfiguration'
2025-04-05T01:55:58.121+05:30 DEBUG 8816 --- [LoginSignup] [main] o.s.b.f.s.DefaultListableBeanFactory     : Creating shared instance of singleton bean 'namedParameterJdbcTemplate'
2025-04-05T01:55:58.121+05:30 DEBUG 8816 --- [LoginSignup] [main] o.s.b.f.s.DefaultListableBeanFactory     : Autowiring by type from bean name 'namedParameterJdbcTemplate' via factory method to bean named 'jdbcTemplate'
2025-04-05T01:55:58.125+05:30 DEBUG 8816 --- [LoginSignup] [main] o.s.b.f.s.DefaultListableBeanFactory     : Creating shared instance of singleton bean 'org.springframework.boot.autoconfigure.jdbc.JdbcTemplateAutoConfiguration'
2025-04-05T01:55:58.125+05:30 DEBUG 8816 --- [LoginSignup] [main] o.s.b.f.s.DefaultListableBeanFactory     : Creating shared instance of singleton bean 'org.springframework.boot.autoconfigure.jdbc.JdbcClientAutoConfiguration'
2025-04-05T01:55:58.125+05:30 DEBUG 8816 --- [LoginSignup] [main] o.s.b.f.s.DefaultListableBeanFactory     : Creating shared instance of singleton bean 'jdbcClient'
2025-04-05T01:55:58.126+05:30 DEBUG 8816 --- [LoginSignup] [main] o.s.b.f.s.DefaultListableBeanFactory     : Autowiring by type from bean name 'jdbcClient' via factory method to bean named 'namedParameterJdbcTemplate'
2025-04-05T01:55:58.128+05:30 DEBUG 8816 --- [LoginSignup] [main] o.s.b.f.s.DefaultListableBeanFactory     : Creating shared instance of singleton bean 'org.springframework.security.config.annotation.web.configuration.WebSecurityConfiguration'
2025-04-05T01:55:58.145+05:30 DEBUG 8816 --- [LoginSignup] [main] o.s.b.f.s.DefaultListableBeanFactory     : Creating shared instance of singleton bean 'filterChainDecoratorPostProcessor'
2025-04-05T01:55:58.146+05:30 DEBUG 8816 --- [LoginSignup] [main] o.s.b.f.s.DefaultListableBeanFactory     : Creating shared instance of singleton bean 'mvcHandlerMappingIntrospectorRequestTransformer'
2025-04-05T01:55:58.153+05:30 DEBUG 8816 --- [LoginSignup] [main] o.s.b.f.s.DefaultListableBeanFactory     : Creating shared instance of singleton bean 'delegatingApplicationListener'
2025-04-05T01:55:58.154+05:30 DEBUG 8816 --- [LoginSignup] [main] o.s.b.f.s.DefaultListableBeanFactory     : Creating shared instance of singleton bean 'springSecurityFilterChain'
2025-04-05T01:55:58.166+05:30 DEBUG 8816 --- [LoginSignup] [main] o.s.b.f.s.DefaultListableBeanFactory     : Creating shared instance of singleton bean 'webSecurityExpressionHandler'
2025-04-05T01:55:58.167+05:30 DEBUG 8816 --- [LoginSignup] [main] o.s.b.f.s.DefaultListableBeanFactory     : Creating shared instance of singleton bean 'privilegeEvaluator'
2025-04-05T01:55:58.167+05:30 DEBUG 8816 --- [LoginSignup] [main] o.s.b.f.s.DefaultListableBeanFactory     : Creating shared instance of singleton bean 'requestDataValueProcessor'
2025-04-05T01:55:58.168+05:30 DEBUG 8816 --- [LoginSignup] [main] o.s.b.f.s.DefaultListableBeanFactory     : Creating shared instance of singleton bean 'org.springframework.security.config.annotation.web.configuration.ObservationConfiguration'
2025-04-05T01:55:58.168+05:30 DEBUG 8816 --- [LoginSignup] [main] o.s.b.f.s.DefaultListableBeanFactory     : Creating shared instance of singleton bean 'org.springframework.boot.autoconfigure.security.servlet.SpringBootWebSecurityConfiguration'
2025-04-05T01:55:58.169+05:30 DEBUG 8816 --- [LoginSignup] [main] o.s.b.f.s.DefaultListableBeanFactory     : Creating shared instance of singleton bean 'org.springframework.boot.autoconfigure.sql.init.SqlInitializationAutoConfiguration'
2025-04-05T01:55:58.169+05:30 DEBUG 8816 --- [LoginSignup] [main] o.s.b.f.s.DefaultListableBeanFactory     : Creating shared instance of singleton bean 'org.springframework.boot.autoconfigure.task.TaskSchedulingConfigurations$ThreadPoolTaskSchedulerBuilderConfiguration'
2025-04-05T01:55:58.169+05:30 DEBUG 8816 --- [LoginSignup] [main] o.s.b.f.s.DefaultListableBeanFactory     : Creating shared instance of singleton bean 'threadPoolTaskSchedulerBuilder'
2025-04-05T01:55:58.170+05:30 DEBUG 8816 --- [LoginSignup] [main] o.s.b.f.s.DefaultListableBeanFactory     : Creating shared instance of singleton bean 'spring.task.scheduling-org.springframework.boot.autoconfigure.task.TaskSchedulingProperties'
2025-04-05T01:55:58.170+05:30 DEBUG 8816 --- [LoginSignup] [main] o.s.b.f.s.DefaultListableBeanFactory     : Autowiring by type from bean name 'threadPoolTaskSchedulerBuilder' via factory method to bean named 'spring.task.scheduling-org.springframework.boot.autoconfigure.task.TaskSchedulingProperties'
2025-04-05T01:55:58.173+05:30 DEBUG 8816 --- [LoginSignup] [main] o.s.b.f.s.DefaultListableBeanFactory     : Creating shared instance of singleton bean 'org.springframework.boot.autoconfigure.task.TaskSchedulingConfigurations$SimpleAsyncTaskSchedulerBuilderConfiguration'
2025-04-05T01:55:58.174+05:30 DEBUG 8816 --- [LoginSignup] [main] o.s.b.f.s.DefaultListableBeanFactory     : Autowiring by type from bean name 'org.springframework.boot.autoconfigure.task.TaskSchedulingConfigurations$SimpleAsyncTaskSchedulerBuilderConfiguration' via constructor to bean named 'spring.task.scheduling-org.springframework.boot.autoconfigure.task.TaskSchedulingProperties'
2025-04-05T01:55:58.175+05:30 DEBUG 8816 --- [LoginSignup] [main] o.s.b.f.s.DefaultListableBeanFactory     : Creating shared instance of singleton bean 'simpleAsyncTaskSchedulerBuilder'
2025-04-05T01:55:58.177+05:30 DEBUG 8816 --- [LoginSignup] [main] o.s.b.f.s.DefaultListableBeanFactory     : Creating shared instance of singleton bean 'org.springframework.boot.autoconfigure.task.TaskSchedulingAutoConfiguration'
2025-04-05T01:55:58.178+05:30 DEBUG 8816 --- [LoginSignup] [main] o.s.b.f.s.DefaultListableBeanFactory     : Creating shared instance of singleton bean 'org.springframework.boot.autoconfigure.jdbc.DataSourceTransactionManagerAutoConfiguration$JdbcTransactionManagerConfiguration'
2025-04-05T01:55:58.179+05:30 DEBUG 8816 --- [LoginSignup] [main] o.s.b.f.s.DefaultListableBeanFactory     : Creating shared instance of singleton bean 'org.springframework.boot.autoconfigure.jdbc.DataSourceTransactionManagerAutoConfiguration'
2025-04-05T01:55:58.180+05:30 DEBUG 8816 --- [LoginSignup] [main] o.s.b.f.s.DefaultListableBeanFactory     : Creating shared instance of singleton bean 'org.springframework.boot.autoconfigure.transaction.TransactionAutoConfiguration$EnableTransactionManagementConfiguration$CglibAutoProxyConfiguration'
2025-04-05T01:55:58.180+05:30 DEBUG 8816 --- [LoginSignup] [main] o.s.b.f.s.DefaultListableBeanFactory     : Creating shared instance of singleton bean 'org.springframework.boot.autoconfigure.transaction.TransactionAutoConfiguration$EnableTransactionManagementConfiguration'
2025-04-05T01:55:58.180+05:30 DEBUG 8816 --- [LoginSignup] [main] o.s.b.f.s.DefaultListableBeanFactory     : Creating shared instance of singleton bean 'org.springframework.boot.autoconfigure.transaction.TransactionAutoConfiguration$TransactionTemplateConfiguration'
2025-04-05T01:55:58.181+05:30 DEBUG 8816 --- [LoginSignup] [main] o.s.b.f.s.DefaultListableBeanFactory     : Creating shared instance of singleton bean 'transactionTemplate'
2025-04-05T01:55:58.181+05:30 DEBUG 8816 --- [LoginSignup] [main] o.s.b.f.s.DefaultListableBeanFactory     : Autowiring by type from bean name 'transactionTemplate' via factory method to bean named 'transactionManager'
2025-04-05T01:55:58.182+05:30 DEBUG 8816 --- [LoginSignup] [main] o.s.b.f.s.DefaultListableBeanFactory     : Creating shared instance of singleton bean 'org.springframework.boot.autoconfigure.transaction.TransactionAutoConfiguration'
2025-04-05T01:55:58.183+05:30 DEBUG 8816 --- [LoginSignup] [main] o.s.b.f.s.DefaultListableBeanFactory     : Creating shared instance of singleton bean 'org.springframework.boot.autoconfigure.web.client.RestClientAutoConfiguration'
2025-04-05T01:55:58.184+05:30 DEBUG 8816 --- [LoginSignup] [main] o.s.b.f.s.DefaultListableBeanFactory     : Creating shared instance of singleton bean 'httpMessageConvertersRestClientCustomizer'
2025-04-05T01:55:58.184+05:30 DEBUG 8816 --- [LoginSignup] [main] o.s.b.f.s.DefaultListableBeanFactory     : Creating shared instance of singleton bean 'restClientSsl'
2025-04-05T01:55:58.185+05:30 DEBUG 8816 --- [LoginSignup] [main] o.s.b.f.s.DefaultListableBeanFactory     : Autowiring by type from bean name 'restClientSsl' via factory method to bean named 'sslBundleRegistry'
2025-04-05T01:55:58.186+05:30 DEBUG 8816 --- [LoginSignup] [main] o.s.b.f.s.DefaultListableBeanFactory     : Creating shared instance of singleton bean 'restClientBuilderConfigurer'
2025-04-05T01:55:58.187+05:30 DEBUG 8816 --- [LoginSignup] [main] o.s.b.f.s.DefaultListableBeanFactory     : Creating shared instance of singleton bean 'org.springframework.boot.autoconfigure.web.client.RestTemplateAutoConfiguration'
2025-04-05T01:55:58.188+05:30 DEBUG 8816 --- [LoginSignup] [main] o.s.b.f.s.DefaultListableBeanFactory     : Creating shared instance of singleton bean 'org.springframework.boot.autoconfigure.web.embedded.EmbeddedWebServerFactoryCustomizerAutoConfiguration'
2025-04-05T01:55:58.188+05:30 DEBUG 8816 --- [LoginSignup] [main] o.s.b.f.s.DefaultListableBeanFactory     : Creating shared instance of singleton bean 'multipartResolver'
2025-04-05T01:55:58.202+05:30 DEBUG 8816 --- [LoginSignup] [main] o.s.c.support.DefaultLifecycleProcessor  : Starting beans in phase -2147483647
2025-04-05T01:55:58.203+05:30 DEBUG 8816 --- [LoginSignup] [main] o.s.c.support.DefaultLifecycleProcessor  : Successfully started bean 'springBootLoggingLifecycle'
2025-04-05T01:55:58.203+05:30 DEBUG 8816 --- [LoginSignup] [main] o.s.c.support.DefaultLifecycleProcessor  : Starting beans in phase 1073741823
2025-04-05T01:55:58.203+05:30 DEBUG 8816 --- [LoginSignup] [main] o.s.c.support.DefaultLifecycleProcessor  : Starting beans in phase 2147481599
2025-04-05T01:55:58.228+05:30  INFO 8816 --- [LoginSignup] [main] o.s.b.w.embedded.tomcat.TomcatWebServer  : Tomcat started on port 8083 (http) with context path '/'
2025-04-05T01:55:58.230+05:30 DEBUG 8816 --- [LoginSignup] [main] o.s.c.support.DefaultLifecycleProcessor  : Successfully started bean 'webServerStartStop'
2025-04-05T01:55:58.230+05:30 DEBUG 8816 --- [LoginSignup] [main] o.s.c.support.DefaultLifecycleProcessor  : Starting beans in phase 2147482623
2025-04-05T01:55:58.230+05:30 DEBUG 8816 --- [LoginSignup] [main] o.s.c.support.DefaultLifecycleProcessor  : Successfully started bean 'webServerGracefulShutdown'
2025-04-05T01:55:58.241+05:30 DEBUG 8816 --- [LoginSignup] [main] .s.b.a.l.ConditionEvaluationReportLogger : 


============================
CONDITIONS EVALUATION REPORT
============================


Positive matches:
-----------------

   AopAutoConfiguration matched:
      - @ConditionalOnProperty (spring.aop.auto=true) matched (OnPropertyCondition)

   AopAutoConfiguration.AspectJAutoProxyingConfiguration matched:
      - @ConditionalOnClass found required class 'org.aspectj.weaver.Advice' (OnClassCondition)

   AopAutoConfiguration.AspectJAutoProxyingConfiguration.CglibAutoProxyConfiguration matched:
      - @ConditionalOnProperty (spring.aop.proxy-target-class=true) matched (OnPropertyCondition)

   ApplicationAvailabilityAutoConfiguration#applicationAvailability matched:
      - @ConditionalOnMissingBean (types: org.springframework.boot.availability.ApplicationAvailability; SearchStrategy: all) did not find any beans (OnBeanCondition)

   DataSourceAutoConfiguration matched:
      - @ConditionalOnClass found required classes 'javax.sql.DataSource', 'org.springframework.jdbc.datasource.embedded.EmbeddedDatabaseType' (OnClassCondition)
      - @ConditionalOnMissingBean (types: io.r2dbc.spi.ConnectionFactory; SearchStrategy: all) did not find any beans (OnBeanCondition)

   DataSourceAutoConfiguration.PooledDataSourceConfiguration matched:
      - AnyNestedCondition 1 matched 1 did not; NestedCondition on DataSourceAutoConfiguration.PooledDataSourceCondition.PooledDataSourceAvailable PooledDataSource found supported DataSource; NestedCondition on DataSourceAutoConfiguration.PooledDataSourceCondition.ExplicitType @ConditionalOnProperty (spring.datasource.type) did not find property 'type' (DataSourceAutoConfiguration.PooledDataSourceCondition)
      - @ConditionalOnMissingBean (types: javax.sql.DataSource,javax.sql.XADataSource; SearchStrategy: all) did not find any beans (OnBeanCondition)

   DataSourceAutoConfiguration.PooledDataSourceConfiguration#jdbcConnectionDetails matched:
      - @ConditionalOnMissingBean (types: org.springframework.boot.autoconfigure.jdbc.JdbcConnectionDetails; SearchStrategy: all) did not find any beans (OnBeanCondition)

   DataSourceConfiguration.Hikari matched:
      - @ConditionalOnClass found required class 'com.zaxxer.hikari.HikariDataSource' (OnClassCondition)
      - @ConditionalOnProperty (spring.datasource.type=com.zaxxer.hikari.HikariDataSource) matched (OnPropertyCondition)
      - @ConditionalOnMissingBean (types: javax.sql.DataSource; SearchStrategy: all) did not find any beans (OnBeanCondition)

   DataSourceInitializationConfiguration matched:
      - @ConditionalOnClass found required class 'org.springframework.jdbc.datasource.init.DatabasePopulator' (OnClassCondition)
      - @ConditionalOnSingleCandidate (types: javax.sql.DataSource; SearchStrategy: all) found a single bean 'dataSource'; @ConditionalOnMissingBean (types: org.springframework.boot.autoconfigure.sql.init.SqlDataSourceScriptDatabaseInitializer,org.springframework.boot.autoconfigure.sql.init.SqlR2dbcScriptDatabaseInitializer; SearchStrategy: all) did not find any beans (OnBeanCondition)

   DataSourceJmxConfiguration matched:
      - @ConditionalOnProperty (spring.jmx.enabled=true) matched (OnPropertyCondition)

   DataSourceJmxConfiguration.Hikari matched:
      - @ConditionalOnClass found required class 'com.zaxxer.hikari.HikariDataSource' (OnClassCondition)
      - @ConditionalOnSingleCandidate (types: javax.sql.DataSource; SearchStrategy: all) found a single bean 'dataSource' (OnBeanCondition)

   DataSourcePoolMetadataProvidersConfiguration.HikariPoolDataSourceMetadataProviderConfiguration matched:
      - @ConditionalOnClass found required class 'com.zaxxer.hikari.HikariDataSource' (OnClassCondition)

   DataSourceTransactionManagerAutoConfiguration matched:
      - @ConditionalOnClass found required classes 'javax.sql.DataSource', 'org.springframework.jdbc.core.JdbcTemplate', 'org.springframework.transaction.TransactionManager' (OnClassCondition)

   DataSourceTransactionManagerAutoConfiguration.JdbcTransactionManagerConfiguration matched:
      - @ConditionalOnSingleCandidate (types: javax.sql.DataSource; SearchStrategy: all) found a single bean 'dataSource' (OnBeanCondition)

   DispatcherServletAutoConfiguration matched:
      - @ConditionalOnClass found required class 'org.springframework.web.servlet.DispatcherServlet' (OnClassCondition)
      - found 'session' scope (OnWebApplicationCondition)

   DispatcherServletAutoConfiguration.DispatcherServletConfiguration matched:
      - @ConditionalOnClass found required class 'jakarta.servlet.ServletRegistration' (OnClassCondition)
      - Default DispatcherServlet did not find dispatcher servlet beans (DispatcherServletAutoConfiguration.DefaultDispatcherServletCondition)

   DispatcherServletAutoConfiguration.DispatcherServletRegistrationConfiguration matched:
      - @ConditionalOnClass found required class 'jakarta.servlet.ServletRegistration' (OnClassCondition)
      - DispatcherServlet Registration did not find servlet registration bean (DispatcherServletAutoConfiguration.DispatcherServletRegistrationCondition)

   DispatcherServletAutoConfiguration.DispatcherServletRegistrationConfiguration#dispatcherServletRegistration matched:
      - @ConditionalOnBean (names: dispatcherServlet types: org.springframework.web.servlet.DispatcherServlet; SearchStrategy: all) found bean 'dispatcherServlet' (OnBeanCondition)

   EmbeddedWebServerFactoryCustomizerAutoConfiguration matched:
      - @ConditionalOnWebApplication (required) found 'session' scope (OnWebApplicationCondition)
      - @ConditionalOnWarDeployment the application is not deployed as a WAR file. (OnWarDeploymentCondition)

   EmbeddedWebServerFactoryCustomizerAutoConfiguration.TomcatWebServerFactoryCustomizerConfiguration matched:
      - @ConditionalOnClass found required classes 'org.apache.catalina.startup.Tomcat', 'org.apache.coyote.UpgradeProtocol' (OnClassCondition)

   ErrorMvcAutoConfiguration matched:
      - @ConditionalOnClass found required classes 'jakarta.servlet.Servlet', 'org.springframework.web.servlet.DispatcherServlet' (OnClassCondition)
      - found 'session' scope (OnWebApplicationCondition)

   ErrorMvcAutoConfiguration#basicErrorController matched:
      - @ConditionalOnMissingBean (types: org.springframework.boot.web.servlet.error.ErrorController; SearchStrategy: current) did not find any beans (OnBeanCondition)

   ErrorMvcAutoConfiguration#errorAttributes matched:
      - @ConditionalOnMissingBean (types: org.springframework.boot.web.servlet.error.ErrorAttributes; SearchStrategy: current) did not find any beans (OnBeanCondition)

   ErrorMvcAutoConfiguration.DefaultErrorViewResolverConfiguration#conventionErrorViewResolver matched:
      - @ConditionalOnBean (types: org.springframework.web.servlet.DispatcherServlet; SearchStrategy: all) found bean 'dispatcherServlet'; @ConditionalOnMissingBean (types: org.springframework.boot.autoconfigure.web.servlet.error.ErrorViewResolver; SearchStrategy: all) did not find any beans (OnBeanCondition)

   ErrorMvcAutoConfiguration.WhitelabelErrorViewConfiguration matched:
      - @ConditionalOnProperty (server.error.whitelabel.enabled) matched (OnPropertyCondition)
      - ErrorTemplate Missing did not find error template view (ErrorMvcAutoConfiguration.ErrorTemplateMissingCondition)

   ErrorMvcAutoConfiguration.WhitelabelErrorViewConfiguration#beanNameViewResolver matched:
      - @ConditionalOnMissingBean (types: org.springframework.web.servlet.view.BeanNameViewResolver; SearchStrategy: all) did not find any beans (OnBeanCondition)

   ErrorMvcAutoConfiguration.WhitelabelErrorViewConfiguration#defaultErrorView matched:
      - @ConditionalOnMissingBean (names: error; SearchStrategy: all) did not find any beans (OnBeanCondition)

   GenericCacheConfiguration matched:
      - Cache org.springframework.boot.autoconfigure.cache.GenericCacheConfiguration automatic cache type (CacheCondition)

   HibernateJpaAutoConfiguration matched:
      - @ConditionalOnClass found required classes 'org.springframework.orm.jpa.LocalContainerEntityManagerFactoryBean', 'jakarta.persistence.EntityManager', 'org.hibernate.engine.spi.SessionImplementor' (OnClassCondition)

   HibernateJpaConfiguration matched:
      - @ConditionalOnSingleCandidate (types: javax.sql.DataSource; SearchStrategy: all) found a single bean 'dataSource' (OnBeanCondition)

   HttpClientAutoConfiguration matched:
      - @ConditionalOnClass found required class 'org.springframework.http.client.ClientHttpRequestFactory' (OnClassCondition)
      - NoneNestedConditions 0 matched 1 did not; NestedCondition on NotReactiveWebApplicationCondition.ReactiveWebApplication did not find reactive web application classes (NotReactiveWebApplicationCondition)

   HttpClientAutoConfiguration#clientHttpRequestFactoryBuilder matched:
      - @ConditionalOnMissingBean (types: org.springframework.boot.http.client.ClientHttpRequestFactoryBuilder; SearchStrategy: all) did not find any beans (OnBeanCondition)

   HttpClientAutoConfiguration#clientHttpRequestFactorySettings matched:
      - @ConditionalOnMissingBean (types: org.springframework.boot.http.client.ClientHttpRequestFactorySettings; SearchStrategy: all) did not find any beans (OnBeanCondition)

   HttpEncodingAutoConfiguration matched:
      - @ConditionalOnClass found required class 'org.springframework.web.filter.CharacterEncodingFilter' (OnClassCondition)
      - found 'session' scope (OnWebApplicationCondition)
      - @ConditionalOnProperty (server.servlet.encoding.enabled) matched (OnPropertyCondition)

   HttpEncodingAutoConfiguration#characterEncodingFilter matched:
      - @ConditionalOnMissingBean (types: org.springframework.web.filter.CharacterEncodingFilter; SearchStrategy: all) did not find any beans (OnBeanCondition)

   HttpMessageConvertersAutoConfiguration matched:
      - @ConditionalOnClass found required class 'org.springframework.http.converter.HttpMessageConverter' (OnClassCondition)
      - NoneNestedConditions 0 matched 1 did not; NestedCondition on HttpMessageConvertersAutoConfiguration.NotReactiveWebApplicationCondition.ReactiveWebApplication did not find reactive web application classes (HttpMessageConvertersAutoConfiguration.NotReactiveWebApplicationCondition)

   HttpMessageConvertersAutoConfiguration#messageConverters matched:
      - @ConditionalOnMissingBean (types: org.springframework.boot.autoconfigure.http.HttpMessageConverters; SearchStrategy: all) did not find any beans (OnBeanCondition)

   HttpMessageConvertersAutoConfiguration.StringHttpMessageConverterConfiguration matched:
      - @ConditionalOnClass found required class 'org.springframework.http.converter.StringHttpMessageConverter' (OnClassCondition)

   HttpMessageConvertersAutoConfiguration.StringHttpMessageConverterConfiguration#stringHttpMessageConverter matched:
      - @ConditionalOnMissingBean (types: org.springframework.http.converter.StringHttpMessageConverter; SearchStrategy: all) did not find any beans (OnBeanCondition)

   JacksonAutoConfiguration matched:
      - @ConditionalOnClass found required class 'com.fasterxml.jackson.databind.ObjectMapper' (OnClassCondition)

   JacksonAutoConfiguration.Jackson2ObjectMapperBuilderCustomizerConfiguration matched:
      - @ConditionalOnClass found required class 'org.springframework.http.converter.json.Jackson2ObjectMapperBuilder' (OnClassCondition)

   JacksonAutoConfiguration.JacksonObjectMapperBuilderConfiguration matched:
      - @ConditionalOnClass found required class 'org.springframework.http.converter.json.Jackson2ObjectMapperBuilder' (OnClassCondition)

   JacksonAutoConfiguration.JacksonObjectMapperBuilderConfiguration#jacksonObjectMapperBuilder matched:
      - @ConditionalOnMissingBean (types: org.springframework.http.converter.json.Jackson2ObjectMapperBuilder; SearchStrategy: all) did not find any beans (OnBeanCondition)

   JacksonAutoConfiguration.JacksonObjectMapperConfiguration matched:
      - @ConditionalOnClass found required class 'org.springframework.http.converter.json.Jackson2ObjectMapperBuilder' (OnClassCondition)

   JacksonAutoConfiguration.JacksonObjectMapperConfiguration#jacksonObjectMapper matched:
      - @ConditionalOnMissingBean (types: com.fasterxml.jackson.databind.ObjectMapper; SearchStrategy: all) did not find any beans (OnBeanCondition)

   JacksonAutoConfiguration.ParameterNamesModuleConfiguration matched:
      - @ConditionalOnClass found required class 'com.fasterxml.jackson.module.paramnames.ParameterNamesModule' (OnClassCondition)

   JacksonAutoConfiguration.ParameterNamesModuleConfiguration#parameterNamesModule matched:
      - @ConditionalOnMissingBean (types: com.fasterxml.jackson.module.paramnames.ParameterNamesModule; SearchStrategy: all) did not find any beans (OnBeanCondition)

   JacksonHttpMessageConvertersConfiguration.MappingJackson2HttpMessageConverterConfiguration matched:
      - @ConditionalOnClass found required class 'com.fasterxml.jackson.databind.ObjectMapper' (OnClassCondition)
      - @ConditionalOnProperty (spring.mvc.converters.preferred-json-mapper=jackson) matched (OnPropertyCondition)
      - @ConditionalOnBean (types: com.fasterxml.jackson.databind.ObjectMapper; SearchStrategy: all) found bean 'jacksonObjectMapper' (OnBeanCondition)

   JacksonHttpMessageConvertersConfiguration.MappingJackson2HttpMessageConverterConfiguration#mappingJackson2HttpMessageConverter matched:
      - @ConditionalOnMissingBean (types: org.springframework.http.converter.json.MappingJackson2HttpMessageConverter ignored: org.springframework.hateoas.server.mvc.TypeConstrainedMappingJackson2HttpMessageConverter,org.springframework.data.rest.webmvc.alps.AlpsJsonHttpMessageConverter; SearchStrategy: all) did not find any beans (OnBeanCondition)

   JdbcClientAutoConfiguration matched:
      - @ConditionalOnSingleCandidate (types: org.springframework.jdbc.core.namedparam.NamedParameterJdbcTemplate; SearchStrategy: all) found a single bean 'namedParameterJdbcTemplate'; @ConditionalOnMissingBean (types: org.springframework.jdbc.core.simple.JdbcClient; SearchStrategy: all) did not find any beans (OnBeanCondition)

   JdbcTemplateAutoConfiguration matched:
      - @ConditionalOnClass found required classes 'javax.sql.DataSource', 'org.springframework.jdbc.core.JdbcTemplate' (OnClassCondition)
      - @ConditionalOnSingleCandidate (types: javax.sql.DataSource; SearchStrategy: all) found a single bean 'dataSource' (OnBeanCondition)

   JdbcTemplateConfiguration matched:
      - @ConditionalOnMissingBean (types: org.springframework.jdbc.core.JdbcOperations; SearchStrategy: all) did not find any beans (OnBeanCondition)

   JpaBaseConfiguration#entityManagerFactory matched:
      - @ConditionalOnMissingBean (types: org.springframework.orm.jpa.LocalContainerEntityManagerFactoryBean,jakarta.persistence.EntityManagerFactory; SearchStrategy: all) did not find any beans (OnBeanCondition)

   JpaBaseConfiguration#entityManagerFactoryBuilder matched:
      - @ConditionalOnMissingBean (types: org.springframework.boot.orm.jpa.EntityManagerFactoryBuilder; SearchStrategy: all) did not find any beans (OnBeanCondition)

   JpaBaseConfiguration#jpaVendorAdapter matched:
      - @ConditionalOnMissingBean (types: org.springframework.orm.jpa.JpaVendorAdapter; SearchStrategy: all) did not find any beans (OnBeanCondition)

   JpaBaseConfiguration#transactionManager matched:
      - @ConditionalOnMissingBean (types: org.springframework.transaction.TransactionManager; SearchStrategy: all) did not find any beans (OnBeanCondition)

   JpaBaseConfiguration.JpaWebConfiguration matched:
      - @ConditionalOnClass found required class 'org.springframework.web.servlet.config.annotation.WebMvcConfigurer' (OnClassCondition)
      - found 'session' scope (OnWebApplicationCondition)
      - @ConditionalOnProperty (spring.jpa.open-in-view=true) matched (OnPropertyCondition)
      - @ConditionalOnMissingBean (types: org.springframework.orm.jpa.support.OpenEntityManagerInViewInterceptor,org.springframework.orm.jpa.support.OpenEntityManagerInViewFilter; SearchStrategy: all) did not find any beans (OnBeanCondition)

   JpaBaseConfiguration.PersistenceManagedTypesConfiguration matched:
      - @ConditionalOnMissingBean (types: org.springframework.orm.jpa.LocalContainerEntityManagerFactoryBean,jakarta.persistence.EntityManagerFactory; SearchStrategy: all) did not find any beans (OnBeanCondition)

   JpaBaseConfiguration.PersistenceManagedTypesConfiguration#persistenceManagedTypes matched:
      - @ConditionalOnMissingBean (types: org.springframework.orm.jpa.persistenceunit.PersistenceManagedTypes; SearchStrategy: all) did not find any beans (OnBeanCondition)

   JpaRepositoriesAutoConfiguration matched:
      - @ConditionalOnClass found required class 'org.springframework.data.jpa.repository.JpaRepository' (OnClassCondition)
      - @ConditionalOnProperty (spring.data.jpa.repositories.enabled=true) matched (OnPropertyCondition)
      - @ConditionalOnBean (types: javax.sql.DataSource; SearchStrategy: all) found bean 'dataSource'; @ConditionalOnMissingBean (types: org.springframework.data.jpa.repository.support.JpaRepositoryFactoryBean,org.springframework.data.jpa.repository.config.JpaRepositoryConfigExtension; SearchStrategy: all) did not find any beans (OnBeanCondition)

   JtaAutoConfiguration matched:
      - @ConditionalOnClass found required class 'jakarta.transaction.Transaction' (OnClassCondition)
      - @ConditionalOnProperty (spring.jta.enabled) matched (OnPropertyCondition)

   LifecycleAutoConfiguration#defaultLifecycleProcessor matched:
      - @ConditionalOnMissingBean (names: lifecycleProcessor; SearchStrategy: current) did not find any beans (OnBeanCondition)

   MultipartAutoConfiguration matched:
      - @ConditionalOnClass found required classes 'jakarta.servlet.Servlet', 'org.springframework.web.multipart.support.StandardServletMultipartResolver', 'jakarta.servlet.MultipartConfigElement' (OnClassCondition)
      - found 'session' scope (OnWebApplicationCondition)
      - @ConditionalOnProperty (spring.servlet.multipart.enabled) matched (OnPropertyCondition)

   MultipartAutoConfiguration#multipartConfigElement matched:
      - @ConditionalOnMissingBean (types: jakarta.servlet.MultipartConfigElement; SearchStrategy: all) did not find any beans (OnBeanCondition)

   MultipartAutoConfiguration#multipartResolver matched:
      - @ConditionalOnMissingBean (types: org.springframework.web.multipart.MultipartResolver; SearchStrategy: all) did not find any beans (OnBeanCondition)

   NamedParameterJdbcTemplateConfiguration matched:
      - @ConditionalOnSingleCandidate (types: org.springframework.jdbc.core.JdbcTemplate; SearchStrategy: all) found a single bean 'jdbcTemplate'; @ConditionalOnMissingBean (types: org.springframework.jdbc.core.namedparam.NamedParameterJdbcOperations; SearchStrategy: all) did not find any beans (OnBeanCondition)

   NoOpCacheConfiguration matched:
      - Cache org.springframework.boot.autoconfigure.cache.NoOpCacheConfiguration automatic cache type (CacheCondition)

   PersistenceExceptionTranslationAutoConfiguration matched:
      - @ConditionalOnClass found required class 'org.springframework.dao.annotation.PersistenceExceptionTranslationPostProcessor' (OnClassCondition)

   PersistenceExceptionTranslationAutoConfiguration#persistenceExceptionTranslationPostProcessor matched:
      - @ConditionalOnProperty (spring.dao.exceptiontranslation.enabled) matched (OnPropertyCondition)
      - @ConditionalOnMissingBean (types: org.springframework.dao.annotation.PersistenceExceptionTranslationPostProcessor; SearchStrategy: all) did not find any beans (OnBeanCondition)

   PropertyPlaceholderAutoConfiguration#propertySourcesPlaceholderConfigurer matched:
      - @ConditionalOnMissingBean (types: org.springframework.context.support.PropertySourcesPlaceholderConfigurer; SearchStrategy: current) did not find any beans (OnBeanCondition)

   RestClientAutoConfiguration matched:
      - @ConditionalOnClass found required class 'org.springframework.web.client.RestClient' (OnClassCondition)
      - NoneNestedConditions 0 matched 1 did not; NestedCondition on NotReactiveWebApplicationCondition.ReactiveWebApplication did not find reactive web application classes (NotReactiveWebApplicationCondition)

   RestClientAutoConfiguration#httpMessageConvertersRestClientCustomizer matched:
      - @ConditionalOnMissingBean (types: org.springframework.boot.autoconfigure.web.client.HttpMessageConvertersRestClientCustomizer; SearchStrategy: all) did not find any beans (OnBeanCondition)

   RestClientAutoConfiguration#restClientBuilder matched:
      - @ConditionalOnMissingBean (types: org.springframework.web.client.RestClient$Builder; SearchStrategy: all) did not find any beans (OnBeanCondition)

   RestClientAutoConfiguration#restClientBuilderConfigurer matched:
      - @ConditionalOnMissingBean (types: org.springframework.boot.autoconfigure.web.client.RestClientBuilderConfigurer; SearchStrategy: all) did not find any beans (OnBeanCondition)

   RestClientAutoConfiguration#restClientSsl matched:
      - @ConditionalOnBean (types: org.springframework.boot.ssl.SslBundles; SearchStrategy: all) found bean 'sslBundleRegistry'; @ConditionalOnMissingBean (types: org.springframework.boot.autoconfigure.web.client.RestClientSsl; SearchStrategy: all) did not find any beans (OnBeanCondition)

   RestTemplateAutoConfiguration matched:
      - @ConditionalOnClass found required class 'org.springframework.web.client.RestTemplate' (OnClassCondition)
      - NoneNestedConditions 0 matched 1 did not; NestedCondition on NotReactiveWebApplicationCondition.ReactiveWebApplication did not find reactive web application classes (NotReactiveWebApplicationCondition)

   RestTemplateAutoConfiguration#restTemplateBuilder matched:
      - @ConditionalOnMissingBean (types: org.springframework.boot.web.client.RestTemplateBuilder; SearchStrategy: all) did not find any beans (OnBeanCondition)

   SecurityAutoConfiguration matched:
      - @ConditionalOnClass found required class 'org.springframework.security.authentication.DefaultAuthenticationEventPublisher' (OnClassCondition)

   SecurityAutoConfiguration#authenticationEventPublisher matched:
      - @ConditionalOnMissingBean (types: org.springframework.security.authentication.AuthenticationEventPublisher; SearchStrategy: all) did not find any beans (OnBeanCondition)

   SecurityFilterAutoConfiguration matched:
      - @ConditionalOnClass found required classes 'org.springframework.security.web.context.AbstractSecurityWebApplicationInitializer', 'org.springframework.security.config.http.SessionCreationPolicy' (OnClassCondition)
      - found 'session' scope (OnWebApplicationCondition)

   SecurityFilterAutoConfiguration#securityFilterChainRegistration matched:
      - @ConditionalOnBean (names: springSecurityFilterChain; SearchStrategy: all) found bean 'springSecurityFilterChain' (OnBeanCondition)

   ServletWebServerFactoryAutoConfiguration matched:
      - @ConditionalOnClass found required class 'jakarta.servlet.ServletRequest' (OnClassCondition)
      - found 'session' scope (OnWebApplicationCondition)

   ServletWebServerFactoryAutoConfiguration#tomcatServletWebServerFactoryCustomizer matched:
      - @ConditionalOnClass found required class 'org.apache.catalina.startup.Tomcat' (OnClassCondition)

   ServletWebServerFactoryConfiguration.EmbeddedTomcat matched:
      - @ConditionalOnClass found required classes 'jakarta.servlet.Servlet', 'org.apache.catalina.startup.Tomcat', 'org.apache.coyote.UpgradeProtocol' (OnClassCondition)
      - @ConditionalOnMissingBean (types: org.springframework.boot.web.servlet.server.ServletWebServerFactory; SearchStrategy: current) did not find any beans (OnBeanCondition)

   SimpleCacheConfiguration matched:
      - Cache org.springframework.boot.autoconfigure.cache.SimpleCacheConfiguration automatic cache type (CacheCondition)

   SpringBootWebSecurityConfiguration matched:
      - found 'session' scope (OnWebApplicationCondition)

   SpringBootWebSecurityConfiguration.WebSecurityEnablerConfiguration matched:
      - @ConditionalOnClass found required class 'org.springframework.security.config.annotation.web.configuration.EnableWebSecurity' (OnClassCondition)
      - @ConditionalOnMissingBean (names: springSecurityFilterChain; SearchStrategy: all) did not find any beans (OnBeanCondition)

   SpringDataWebAutoConfiguration matched:
      - @ConditionalOnClass found required classes 'org.springframework.data.web.PageableHandlerMethodArgumentResolver', 'org.springframework.web.servlet.config.annotation.WebMvcConfigurer' (OnClassCondition)
      - found 'session' scope (OnWebApplicationCondition)
      - @ConditionalOnMissingBean (types: org.springframework.data.web.PageableHandlerMethodArgumentResolver; SearchStrategy: all) did not find any beans (OnBeanCondition)

   SpringDataWebAutoConfiguration#pageableCustomizer matched:
      - @ConditionalOnMissingBean (types: org.springframework.data.web.config.PageableHandlerMethodArgumentResolverCustomizer; SearchStrategy: all) did not find any beans (OnBeanCondition)

   SpringDataWebAutoConfiguration#sortCustomizer matched:
      - @ConditionalOnMissingBean (types: org.springframework.data.web.config.SortHandlerMethodArgumentResolverCustomizer; SearchStrategy: all) did not find any beans (OnBeanCondition)

   SpringDataWebAutoConfiguration#springDataWebSettings matched:
      - @ConditionalOnMissingBean (types: org.springframework.data.web.config.SpringDataWebSettings; SearchStrategy: all) did not find any beans (OnBeanCondition)

   SqlInitializationAutoConfiguration matched:
      - @ConditionalOnProperty (spring.sql.init.enabled) matched (OnPropertyCondition)
      - NoneNestedConditions 0 matched 1 did not; NestedCondition on SqlInitializationAutoConfiguration.SqlInitializationModeCondition.ModeIsNever @ConditionalOnProperty (spring.sql.init.mode=never) did not find property 'mode' (SqlInitializationAutoConfiguration.SqlInitializationModeCondition)

   SslAutoConfiguration#sslBundleRegistry matched:
      - @ConditionalOnMissingBean (types: org.springframework.boot.ssl.SslBundleRegistry,org.springframework.boot.ssl.SslBundles; SearchStrategy: all) did not find any beans (OnBeanCondition)

   TaskExecutionAutoConfiguration matched:
      - @ConditionalOnClass found required class 'org.springframework.scheduling.concurrent.ThreadPoolTaskExecutor' (OnClassCondition)

   TaskExecutorConfigurations.SimpleAsyncTaskExecutorBuilderConfiguration#simpleAsyncTaskExecutorBuilder matched:
      - @ConditionalOnMissingBean (types: org.springframework.boot.task.SimpleAsyncTaskExecutorBuilder; SearchStrategy: all) did not find any beans (OnBeanCondition)
      - @ConditionalOnThreading found PLATFORM (OnThreadingCondition)

   TaskExecutorConfigurations.TaskExecutorConfiguration matched:
      - @ConditionalOnMissingBean (types: java.util.concurrent.Executor; SearchStrategy: all) did not find any beans (OnBeanCondition)

   TaskExecutorConfigurations.TaskExecutorConfiguration#applicationTaskExecutor matched:
      - @ConditionalOnThreading found PLATFORM (OnThreadingCondition)

   TaskExecutorConfigurations.ThreadPoolTaskExecutorBuilderConfiguration#threadPoolTaskExecutorBuilder matched:
      - @ConditionalOnMissingBean (types: org.springframework.boot.task.ThreadPoolTaskExecutorBuilder; SearchStrategy: all) did not find any beans (OnBeanCondition)

   TaskSchedulingAutoConfiguration matched:
      - @ConditionalOnClass found required class 'org.springframework.scheduling.concurrent.ThreadPoolTaskScheduler' (OnClassCondition)

   TaskSchedulingConfigurations.SimpleAsyncTaskSchedulerBuilderConfiguration#simpleAsyncTaskSchedulerBuilder matched:
      - @ConditionalOnMissingBean (types: org.springframework.boot.task.SimpleAsyncTaskSchedulerBuilder; SearchStrategy: all) did not find any beans (OnBeanCondition)
      - @ConditionalOnThreading found PLATFORM (OnThreadingCondition)

   TaskSchedulingConfigurations.ThreadPoolTaskSchedulerBuilderConfiguration#threadPoolTaskSchedulerBuilder matched:
      - @ConditionalOnMissingBean (types: org.springframework.boot.task.ThreadPoolTaskSchedulerBuilder; SearchStrategy: all) did not find any beans (OnBeanCondition)

   TransactionAutoConfiguration matched:
      - @ConditionalOnClass found required class 'org.springframework.transaction.PlatformTransactionManager' (OnClassCondition)

   TransactionAutoConfiguration.EnableTransactionManagementConfiguration matched:
      - @ConditionalOnBean (types: org.springframework.transaction.TransactionManager; SearchStrategy: all) found bean 'transactionManager'; @ConditionalOnMissingBean (types: org.springframework.transaction.annotation.AbstractTransactionManagementConfiguration; SearchStrategy: all) did not find any beans (OnBeanCondition)

   TransactionAutoConfiguration.EnableTransactionManagementConfiguration.CglibAutoProxyConfiguration matched:
      - @ConditionalOnProperty (spring.aop.proxy-target-class=true) matched (OnPropertyCondition)

   TransactionAutoConfiguration.TransactionTemplateConfiguration matched:
      - @ConditionalOnSingleCandidate (types: org.springframework.transaction.PlatformTransactionManager; SearchStrategy: all) found a single bean 'transactionManager' (OnBeanCondition)

   TransactionAutoConfiguration.TransactionTemplateConfiguration#transactionTemplate matched:
      - @ConditionalOnMissingBean (types: org.springframework.transaction.support.TransactionOperations; SearchStrategy: all) did not find any beans (OnBeanCondition)

   TransactionManagerCustomizationAutoConfiguration matched:
      - @ConditionalOnClass found required class 'org.springframework.transaction.PlatformTransactionManager' (OnClassCondition)

   TransactionManagerCustomizationAutoConfiguration#platformTransactionManagerCustomizers matched:
      - @ConditionalOnMissingBean (types: org.springframework.boot.autoconfigure.transaction.TransactionManagerCustomizers; SearchStrategy: all) did not find any beans (OnBeanCondition)

   WebMvcAutoConfiguration matched:
      - @ConditionalOnClass found required classes 'jakarta.servlet.Servlet', 'org.springframework.web.servlet.DispatcherServlet', 'org.springframework.web.servlet.config.annotation.WebMvcConfigurer' (OnClassCondition)
      - found 'session' scope (OnWebApplicationCondition)
      - @ConditionalOnMissingBean (types: org.springframework.web.servlet.config.annotation.WebMvcConfigurationSupport; SearchStrategy: all) did not find any beans (OnBeanCondition)

   WebMvcAutoConfiguration#formContentFilter matched:
      - @ConditionalOnProperty (spring.mvc.formcontent.filter.enabled) matched (OnPropertyCondition)
      - @ConditionalOnMissingBean (types: org.springframework.web.filter.FormContentFilter; SearchStrategy: all) did not find any beans (OnBeanCondition)

   WebMvcAutoConfiguration.EnableWebMvcConfiguration#flashMapManager matched:
      - @ConditionalOnMissingBean (names: flashMapManager; SearchStrategy: all) did not find any beans (OnBeanCondition)

   WebMvcAutoConfiguration.EnableWebMvcConfiguration#localeResolver matched:
      - @ConditionalOnMissingBean (names: localeResolver; SearchStrategy: all) did not find any beans (OnBeanCondition)

   WebMvcAutoConfiguration.EnableWebMvcConfiguration#themeResolver matched:
      - @ConditionalOnMissingBean (names: themeResolver; SearchStrategy: all) did not find any beans (OnBeanCondition)

   WebMvcAutoConfiguration.EnableWebMvcConfiguration#viewNameTranslator matched:
      - @ConditionalOnMissingBean (names: viewNameTranslator; SearchStrategy: all) did not find any beans (OnBeanCondition)

   WebMvcAutoConfiguration.WebMvcAutoConfigurationAdapter#defaultViewResolver matched:
      - @ConditionalOnMissingBean (types: org.springframework.web.servlet.view.InternalResourceViewResolver; SearchStrategy: all) did not find any beans (OnBeanCondition)

   WebMvcAutoConfiguration.WebMvcAutoConfigurationAdapter#requestContextFilter matched:
      - @ConditionalOnMissingBean (types: org.springframework.web.context.request.RequestContextListener,org.springframework.web.filter.RequestContextFilter; SearchStrategy: all) did not find any beans (OnBeanCondition)

   WebMvcAutoConfiguration.WebMvcAutoConfigurationAdapter#viewResolver matched:
      - @ConditionalOnBean (types: org.springframework.web.servlet.ViewResolver; SearchStrategy: all) found beans 'defaultViewResolver', 'beanNameViewResolver', 'mvcViewResolver'; @ConditionalOnMissingBean (names: viewResolver types: org.springframework.web.servlet.view.ContentNegotiatingViewResolver; SearchStrategy: all) did not find any beans (OnBeanCondition)

   WebSocketServletAutoConfiguration matched:
      - @ConditionalOnClass found required classes 'jakarta.servlet.Servlet', 'jakarta.websocket.server.ServerContainer' (OnClassCondition)
      - found 'session' scope (OnWebApplicationCondition)

   WebSocketServletAutoConfiguration.TomcatWebSocketConfiguration matched:
      - @ConditionalOnClass found required classes 'org.apache.catalina.startup.Tomcat', 'org.apache.tomcat.websocket.server.WsSci' (OnClassCondition)

   WebSocketServletAutoConfiguration.TomcatWebSocketConfiguration#websocketServletWebServerCustomizer matched:
      - @ConditionalOnMissingBean (names: websocketServletWebServerCustomizer; SearchStrategy: all) did not find any beans (OnBeanCondition)


Negative matches:
-----------------

   ActiveMQAutoConfiguration:
      Did not match:
         - @ConditionalOnClass did not find required class 'jakarta.jms.ConnectionFactory' (OnClassCondition)

   AopAutoConfiguration.AspectJAutoProxyingConfiguration.JdkDynamicAutoProxyConfiguration:
      Did not match:
         - @ConditionalOnProperty (spring.aop.proxy-target-class=false) did not find property 'proxy-target-class' (OnPropertyCondition)

   AopAutoConfiguration.ClassProxyingConfiguration:
      Did not match:
         - @ConditionalOnMissingClass found unwanted class 'org.aspectj.weaver.Advice' (OnClassCondition)

   ArtemisAutoConfiguration:
      Did not match:
         - @ConditionalOnClass did not find required class 'jakarta.jms.ConnectionFactory' (OnClassCondition)

   BatchAutoConfiguration:
      Did not match:
         - @ConditionalOnClass did not find required class 'org.springframework.batch.core.launch.JobLauncher' (OnClassCondition)

   Cache2kCacheConfiguration:
      Did not match:
         - @ConditionalOnClass did not find required class 'org.cache2k.Cache2kBuilder' (OnClassCondition)

   CacheAutoConfiguration:
      Did not match:
         - @ConditionalOnBean (types: org.springframework.cache.interceptor.CacheAspectSupport; SearchStrategy: all) did not find any beans of type org.springframework.cache.interceptor.CacheAspectSupport (OnBeanCondition)
      Matched:
         - @ConditionalOnClass found required class 'org.springframework.cache.CacheManager' (OnClassCondition)

   CacheAutoConfiguration.CacheManagerEntityManagerFactoryDependsOnPostProcessor:
      Did not match:
         - Ancestor org.springframework.boot.autoconfigure.cache.CacheAutoConfiguration did not match (ConditionEvaluationReport.AncestorsMatchedCondition)
      Matched:
         - @ConditionalOnClass found required class 'org.springframework.orm.jpa.LocalContainerEntityManagerFactoryBean' (OnClassCondition)

   CaffeineCacheConfiguration:
      Did not match:
         - @ConditionalOnClass did not find required class 'com.github.benmanes.caffeine.cache.Caffeine' (OnClassCondition)

   CassandraAutoConfiguration:
      Did not match:
         - @ConditionalOnClass did not find required class 'com.datastax.oss.driver.api.core.CqlSession' (OnClassCondition)

   CassandraDataAutoConfiguration:
      Did not match:
         - @ConditionalOnClass did not find required class 'com.datastax.oss.driver.api.core.CqlSession' (OnClassCondition)

   CassandraReactiveDataAutoConfiguration:
      Did not match:
         - @ConditionalOnClass did not find required class 'com.datastax.oss.driver.api.core.CqlSession' (OnClassCondition)

   CassandraReactiveRepositoriesAutoConfiguration:
      Did not match:
         - @ConditionalOnClass did not find required class 'org.springframework.data.cassandra.ReactiveSession' (OnClassCondition)

   CassandraRepositoriesAutoConfiguration:
      Did not match:
         - @ConditionalOnClass did not find required class 'com.datastax.oss.driver.api.core.CqlSession' (OnClassCondition)

   ClientHttpConnectorAutoConfiguration:
      Did not match:
         - @ConditionalOnClass did not find required class 'org.springframework.web.reactive.function.client.WebClient' (OnClassCondition)

   CodecsAutoConfiguration:
      Did not match:
         - @ConditionalOnClass did not find required class 'org.springframework.web.reactive.function.client.WebClient' (OnClassCondition)

   CouchbaseAutoConfiguration:
      Did not match:
         - @ConditionalOnClass did not find required class 'com.couchbase.client.java.Cluster' (OnClassCondition)

   CouchbaseCacheConfiguration:
      Did not match:
         - @ConditionalOnClass did not find required class 'com.couchbase.client.java.Cluster' (OnClassCondition)

   CouchbaseDataAutoConfiguration:
      Did not match:
         - @ConditionalOnClass did not find required class 'com.couchbase.client.java.Bucket' (OnClassCondition)

   CouchbaseReactiveDataAutoConfiguration:
      Did not match:
         - @ConditionalOnClass did not find required class 'com.couchbase.client.java.Cluster' (OnClassCondition)

   CouchbaseReactiveRepositoriesAutoConfiguration:
      Did not match:
         - @ConditionalOnClass did not find required class 'com.couchbase.client.java.Cluster' (OnClassCondition)

   CouchbaseRepositoriesAutoConfiguration:
      Did not match:
         - @ConditionalOnClass did not find required class 'com.couchbase.client.java.Bucket' (OnClassCondition)

   DataSourceAutoConfiguration.EmbeddedDatabaseConfiguration:
      Did not match:
         - EmbeddedDataSource spring.datasource.url is set (DataSourceAutoConfiguration.EmbeddedDatabaseCondition)

   DataSourceCheckpointRestoreConfiguration:
      Did not match:
         - @ConditionalOnClass did not find required class 'org.crac.Resource' (OnClassCondition)

   DataSourceConfiguration.Dbcp2:
      Did not match:
         - @ConditionalOnClass did not find required class 'org.apache.commons.dbcp2.BasicDataSource' (OnClassCondition)

   DataSourceConfiguration.Generic:
      Did not match:
         - @ConditionalOnProperty (spring.datasource.type) did not find property 'spring.datasource.type' (OnPropertyCondition)

   DataSourceConfiguration.OracleUcp:
      Did not match:
         - @ConditionalOnClass did not find required classes 'oracle.ucp.jdbc.PoolDataSourceImpl', 'oracle.jdbc.OracleConnection' (OnClassCondition)

   DataSourceConfiguration.Tomcat:
      Did not match:
         - @ConditionalOnClass did not find required class 'org.apache.tomcat.jdbc.pool.DataSource' (OnClassCondition)

   DataSourceJmxConfiguration.TomcatDataSourceJmxConfiguration:
      Did not match:
         - @ConditionalOnClass did not find required class 'org.apache.tomcat.jdbc.pool.DataSourceProxy' (OnClassCondition)

   DataSourcePoolMetadataProvidersConfiguration.CommonsDbcp2PoolDataSourceMetadataProviderConfiguration:
      Did not match:
         - @ConditionalOnClass did not find required class 'org.apache.commons.dbcp2.BasicDataSource' (OnClassCondition)

   DataSourcePoolMetadataProvidersConfiguration.OracleUcpPoolDataSourceMetadataProviderConfiguration:
      Did not match:
         - @ConditionalOnClass did not find required classes 'oracle.ucp.jdbc.PoolDataSource', 'oracle.jdbc.OracleConnection' (OnClassCondition)

   DataSourcePoolMetadataProvidersConfiguration.TomcatDataSourcePoolMetadataProviderConfiguration:
      Did not match:
         - @ConditionalOnClass did not find required class 'org.apache.tomcat.jdbc.pool.DataSource' (OnClassCondition)

   DataSourceTransactionManagerAutoConfiguration.JdbcTransactionManagerConfiguration#transactionManager:
      Did not match:
         - @ConditionalOnMissingBean (types: org.springframework.transaction.TransactionManager; SearchStrategy: all) found beans of type 'org.springframework.transaction.TransactionManager' transactionManager (OnBeanCondition)

   DispatcherServletAutoConfiguration.DispatcherServletConfiguration#multipartResolver:
      Did not match:
         - @ConditionalOnBean (types: org.springframework.web.multipart.MultipartResolver; SearchStrategy: all) did not find any beans of type org.springframework.web.multipart.MultipartResolver (OnBeanCondition)

   ElasticsearchClientAutoConfiguration:
      Did not match:
         - @ConditionalOnClass did not find required class 'co.elastic.clients.elasticsearch.ElasticsearchClient' (OnClassCondition)

   ElasticsearchDataAutoConfiguration:
      Did not match:
         - @ConditionalOnClass did not find required class 'org.springframework.data.elasticsearch.client.elc.ElasticsearchTemplate' (OnClassCondition)

   ElasticsearchRepositoriesAutoConfiguration:
      Did not match:
         - @ConditionalOnClass did not find required class 'org.springframework.data.elasticsearch.repository.ElasticsearchRepository' (OnClassCondition)

   ElasticsearchRestClientAutoConfiguration:
      Did not match:
         - @ConditionalOnClass did not find required class 'org.elasticsearch.client.RestClientBuilder' (OnClassCondition)

   EmbeddedLdapAutoConfiguration:
      Did not match:
         - @ConditionalOnClass did not find required class 'com.unboundid.ldap.listener.InMemoryDirectoryServer' (OnClassCondition)

   EmbeddedWebServerFactoryCustomizerAutoConfiguration.JettyWebServerFactoryCustomizerConfiguration:
      Did not match:
         - @ConditionalOnClass did not find required classes 'org.eclipse.jetty.server.Server', 'org.eclipse.jetty.util.Loader', 'org.eclipse.jetty.ee10.webapp.WebAppContext' (OnClassCondition)

   EmbeddedWebServerFactoryCustomizerAutoConfiguration.NettyWebServerFactoryCustomizerConfiguration:
      Did not match:
         - @ConditionalOnClass did not find required class 'reactor.netty.http.server.HttpServer' (OnClassCondition)

   EmbeddedWebServerFactoryCustomizerAutoConfiguration.TomcatWebServerFactoryCustomizerConfiguration#tomcatVirtualThreadsProtocolHandlerCustomizer:
      Did not match:
         - @ConditionalOnThreading did not find VIRTUAL (OnThreadingCondition)

   EmbeddedWebServerFactoryCustomizerAutoConfiguration.UndertowWebServerFactoryCustomizerConfiguration:
      Did not match:
         - @ConditionalOnClass did not find required classes 'io.undertow.Undertow', 'org.xnio.SslClientAuthMode' (OnClassCondition)

   ErrorWebFluxAutoConfiguration:
      Did not match:
         - @ConditionalOnClass did not find required class 'org.springframework.web.reactive.config.WebFluxConfigurer' (OnClassCondition)

   FlywayAutoConfiguration:
      Did not match:
         - @ConditionalOnClass did not find required class 'org.flywaydb.core.Flyway' (OnClassCondition)

   FreeMarkerAutoConfiguration:
      Did not match:
         - @ConditionalOnClass did not find required class 'freemarker.template.Configuration' (OnClassCondition)

   GraphQlAutoConfiguration:
      Did not match:
         - @ConditionalOnClass did not find required class 'graphql.GraphQL' (OnClassCondition)

   GraphQlQueryByExampleAutoConfiguration:
      Did not match:
         - @ConditionalOnClass did not find required class 'graphql.GraphQL' (OnClassCondition)

   GraphQlQuerydslAutoConfiguration:
      Did not match:
         - @ConditionalOnClass did not find required class 'com.querydsl.core.Query' (OnClassCondition)

   GraphQlRSocketAutoConfiguration:
      Did not match:
         - @ConditionalOnClass did not find required class 'graphql.GraphQL' (OnClassCondition)

   GraphQlReactiveQueryByExampleAutoConfiguration:
      Did not match:
         - @ConditionalOnClass did not find required class 'graphql.GraphQL' (OnClassCondition)

   GraphQlReactiveQuerydslAutoConfiguration:
      Did not match:
         - @ConditionalOnClass did not find required class 'com.querydsl.core.Query' (OnClassCondition)

   GraphQlWebFluxAutoConfiguration:
      Did not match:
         - @ConditionalOnClass did not find required class 'graphql.GraphQL' (OnClassCondition)

   GraphQlWebFluxSecurityAutoConfiguration:
      Did not match:
         - @ConditionalOnClass did not find required class 'graphql.GraphQL' (OnClassCondition)

   GraphQlWebMvcAutoConfiguration:
      Did not match:
         - @ConditionalOnClass did not find required class 'graphql.GraphQL' (OnClassCondition)

   GraphQlWebMvcSecurityAutoConfiguration:
      Did not match:
         - @ConditionalOnClass did not find required class 'graphql.GraphQL' (OnClassCondition)

   GroovyTemplateAutoConfiguration:
      Did not match:
         - @ConditionalOnClass did not find required class 'groovy.text.markup.MarkupTemplateEngine' (OnClassCondition)

   GsonAutoConfiguration:
      Did not match:
         - @ConditionalOnClass did not find required class 'com.google.gson.Gson' (OnClassCondition)

   GsonHttpMessageConvertersConfiguration:
      Did not match:
         - @ConditionalOnClass did not find required class 'com.google.gson.Gson' (OnClassCondition)

   H2ConsoleAutoConfiguration:
      Did not match:
         - @ConditionalOnClass did not find required class 'org.h2.server.web.JakartaWebServlet' (OnClassCondition)

   HazelcastAutoConfiguration:
      Did not match:
         - @ConditionalOnClass did not find required class 'com.hazelcast.core.HazelcastInstance' (OnClassCondition)

   HazelcastCacheConfiguration:
      Did not match:
         - @ConditionalOnClass did not find required class 'com.hazelcast.core.HazelcastInstance' (OnClassCondition)

   HazelcastJpaDependencyAutoConfiguration:
      Did not match:
         - @ConditionalOnClass did not find required class 'com.hazelcast.core.HazelcastInstance' (OnClassCondition)

   HttpHandlerAutoConfiguration:
      Did not match:
         - @ConditionalOnClass did not find required class 'org.springframework.web.reactive.DispatcherHandler' (OnClassCondition)

   HypermediaAutoConfiguration:
      Did not match:
         - @ConditionalOnClass did not find required class 'org.springframework.hateoas.EntityModel' (OnClassCondition)

   InfinispanCacheConfiguration:
      Did not match:
         - @ConditionalOnClass did not find required class 'org.infinispan.spring.embedded.provider.SpringEmbeddedCacheManager' (OnClassCondition)

   IntegrationAutoConfiguration:
      Did not match:
         - @ConditionalOnClass did not find required class 'org.springframework.integration.config.EnableIntegration' (OnClassCondition)

   JCacheCacheConfiguration:
      Did not match:
         - @ConditionalOnClass did not find required class 'javax.cache.Caching' (OnClassCondition)

   JacksonHttpMessageConvertersConfiguration.MappingJackson2XmlHttpMessageConverterConfiguration:
      Did not match:
         - @ConditionalOnClass did not find required class 'com.fasterxml.jackson.dataformat.xml.XmlMapper' (OnClassCondition)

   JdbcRepositoriesAutoConfiguration:
      Did not match:
         - @ConditionalOnClass did not find required class 'org.springframework.data.jdbc.repository.config.AbstractJdbcConfiguration' (OnClassCondition)

   JerseyAutoConfiguration:
      Did not match:
         - @ConditionalOnClass did not find required class 'org.glassfish.jersey.server.spring.SpringComponentProvider' (OnClassCondition)

   JmsAutoConfiguration:
      Did not match:
         - @ConditionalOnClass did not find required class 'jakarta.jms.Message' (OnClassCondition)

   JmxAutoConfiguration:
      Did not match:
         - @ConditionalOnProperty (spring.jmx.enabled=true) did not find property 'enabled' (OnPropertyCondition)
      Matched:
         - @ConditionalOnClass found required class 'org.springframework.jmx.export.MBeanExporter' (OnClassCondition)

   JndiConnectionFactoryAutoConfiguration:
      Did not match:
         - @ConditionalOnClass did not find required class 'org.springframework.jms.core.JmsTemplate' (OnClassCondition)

   JndiDataSourceAutoConfiguration:
      Did not match:
         - @ConditionalOnProperty (spring.datasource.jndi-name) did not find property 'jndi-name' (OnPropertyCondition)
      Matched:
         - @ConditionalOnClass found required classes 'javax.sql.DataSource', 'org.springframework.jdbc.datasource.embedded.EmbeddedDatabaseType' (OnClassCondition)

   JndiJtaConfiguration:
      Did not match:
         - @ConditionalOnJndi JNDI environment is not available (OnJndiCondition)
      Matched:
         - @ConditionalOnClass found required class 'org.springframework.transaction.jta.JtaTransactionManager' (OnClassCondition)

   JooqAutoConfiguration:
      Did not match:
         - @ConditionalOnClass did not find required class 'org.jooq.DSLContext' (OnClassCondition)

   JpaRepositoriesAutoConfiguration#entityManagerFactoryBootstrapExecutorCustomizer:
      Did not match:
         - AnyNestedCondition 0 matched 2 did not; NestedCondition on JpaRepositoriesAutoConfiguration.BootstrapExecutorCondition.LazyBootstrapMode @ConditionalOnProperty (spring.data.jpa.repositories.bootstrap-mode=lazy) did not find property 'bootstrap-mode'; NestedCondition on JpaRepositoriesAutoConfiguration.BootstrapExecutorCondition.DeferredBootstrapMode @ConditionalOnProperty (spring.data.jpa.repositories.bootstrap-mode=deferred) did not find property 'bootstrap-mode' (JpaRepositoriesAutoConfiguration.BootstrapExecutorCondition)

   JsonbAutoConfiguration:
      Did not match:
         - @ConditionalOnClass did not find required class 'jakarta.json.bind.Jsonb' (OnClassCondition)

   JsonbHttpMessageConvertersConfiguration:
      Did not match:
         - @ConditionalOnClass did not find required class 'jakarta.json.bind.Jsonb' (OnClassCondition)

   KafkaAutoConfiguration:
      Did not match:
         - @ConditionalOnClass did not find required class 'org.springframework.kafka.core.KafkaTemplate' (OnClassCondition)

   LdapAutoConfiguration:
      Did not match:
         - @ConditionalOnClass did not find required class 'org.springframework.ldap.core.ContextSource' (OnClassCondition)

   LdapRepositoriesAutoConfiguration:
      Did not match:
         - @ConditionalOnClass did not find required class 'org.springframework.data.ldap.repository.LdapRepository' (OnClassCondition)

   LiquibaseAutoConfiguration:
      Did not match:
         - @ConditionalOnClass did not find required class 'liquibase.change.DatabaseChange' (OnClassCondition)

   MailSenderAutoConfiguration:
      Did not match:
         - @ConditionalOnClass did not find required class 'jakarta.mail.internet.MimeMessage' (OnClassCondition)

   MailSenderValidatorAutoConfiguration:
      Did not match:
         - @ConditionalOnSingleCandidate did not find required type 'org.springframework.mail.javamail.JavaMailSenderImpl' (OnBeanCondition)

   MessageSourceAutoConfiguration:
      Did not match:
         - ResourceBundle did not find bundle with basename messages (MessageSourceAutoConfiguration.ResourceBundleCondition)

   MongoAutoConfiguration:
      Did not match:
         - @ConditionalOnClass did not find required class 'com.mongodb.client.MongoClient' (OnClassCondition)

   MongoDataAutoConfiguration:
      Did not match:
         - @ConditionalOnClass did not find required class 'com.mongodb.client.MongoClient' (OnClassCondition)

   MongoReactiveAutoConfiguration:
      Did not match:
         - @ConditionalOnClass did not find required class 'com.mongodb.reactivestreams.client.MongoClient' (OnClassCondition)

   MongoReactiveDataAutoConfiguration:
      Did not match:
         - @ConditionalOnClass did not find required class 'com.mongodb.reactivestreams.client.MongoClient' (OnClassCondition)

   MongoReactiveRepositoriesAutoConfiguration:
      Did not match:
         - @ConditionalOnClass did not find required class 'com.mongodb.reactivestreams.client.MongoClient' (OnClassCondition)

   MongoRepositoriesAutoConfiguration:
      Did not match:
         - @ConditionalOnClass did not find required class 'com.mongodb.client.MongoClient' (OnClassCondition)

   MustacheAutoConfiguration:
      Did not match:
         - @ConditionalOnClass did not find required class 'com.samskivert.mustache.Mustache' (OnClassCondition)

   Neo4jAutoConfiguration:
      Did not match:
         - @ConditionalOnClass did not find required class 'org.neo4j.driver.Driver' (OnClassCondition)

   Neo4jDataAutoConfiguration:
      Did not match:
         - @ConditionalOnClass did not find required class 'org.neo4j.driver.Driver' (OnClassCondition)

   Neo4jReactiveDataAutoConfiguration:
      Did not match:
         - @ConditionalOnClass did not find required class 'org.neo4j.driver.Driver' (OnClassCondition)

   Neo4jReactiveRepositoriesAutoConfiguration:
      Did not match:
         - @ConditionalOnClass did not find required class 'org.neo4j.driver.Driver' (OnClassCondition)

   Neo4jRepositoriesAutoConfiguration:
      Did not match:
         - @ConditionalOnClass did not find required class 'org.neo4j.driver.Driver' (OnClassCondition)

   NettyAutoConfiguration:
      Did not match:
         - @ConditionalOnClass did not find required class 'io.netty.util.NettyRuntime' (OnClassCondition)

   OAuth2AuthorizationServerAutoConfiguration:
      Did not match:
         - @ConditionalOnClass did not find required class 'org.springframework.security.oauth2.server.authorization.OAuth2Authorization' (OnClassCondition)

   OAuth2AuthorizationServerJwtAutoConfiguration:
      Did not match:
         - @ConditionalOnClass did not find required class 'org.springframework.security.oauth2.server.authorization.OAuth2Authorization' (OnClassCondition)

   OAuth2ClientAutoConfiguration:
      Did not match:
         - @ConditionalOnClass did not find required class 'org.springframework.security.oauth2.client.registration.ClientRegistration' (OnClassCondition)

   OAuth2ResourceServerAutoConfiguration:
      Did not match:
         - @ConditionalOnClass did not find required class 'org.springframework.security.oauth2.server.resource.authentication.BearerTokenAuthenticationToken' (OnClassCondition)

   ProjectInfoAutoConfiguration#buildProperties:
      Did not match:
         - @ConditionalOnResource did not find resource '${spring.info.build.location:classpath:META-INF/build-info.properties}' (OnResourceCondition)

   ProjectInfoAutoConfiguration#gitProperties:
      Did not match:
         - GitResource did not find git info at classpath:git.properties (ProjectInfoAutoConfiguration.GitResourceAvailableCondition)

   PulsarAutoConfiguration:
      Did not match:
         - @ConditionalOnClass did not find required class 'org.apache.pulsar.client.api.PulsarClient' (OnClassCondition)

   PulsarReactiveAutoConfiguration:
      Did not match:
         - @ConditionalOnClass did not find required class 'org.apache.pulsar.client.api.PulsarClient' (OnClassCondition)

   QuartzAutoConfiguration:
      Did not match:
         - @ConditionalOnClass did not find required class 'org.quartz.Scheduler' (OnClassCondition)

   R2dbcAutoConfiguration:
      Did not match:
         - @ConditionalOnClass did not find required class 'io.r2dbc.spi.ConnectionFactory' (OnClassCondition)

   R2dbcDataAutoConfiguration:
      Did not match:
         - @ConditionalOnClass did not find required class 'org.springframework.data.r2dbc.core.R2dbcEntityTemplate' (OnClassCondition)

   R2dbcInitializationConfiguration:
      Did not match:
         - @ConditionalOnClass did not find required classes 'io.r2dbc.spi.ConnectionFactory', 'org.springframework.r2dbc.connection.init.DatabasePopulator' (OnClassCondition)

   R2dbcProxyAutoConfiguration:
      Did not match:
         - @ConditionalOnClass did not find required class 'io.r2dbc.proxy.ProxyConnectionFactory' (OnClassCondition)

   R2dbcRepositoriesAutoConfiguration:
      Did not match:
         - @ConditionalOnClass did not find required class 'io.r2dbc.spi.ConnectionFactory' (OnClassCondition)

   R2dbcTransactionManagerAutoConfiguration:
      Did not match:
         - @ConditionalOnClass did not find required class 'org.springframework.r2dbc.connection.R2dbcTransactionManager' (OnClassCondition)

   RSocketGraphQlClientAutoConfiguration:
      Did not match:
         - @ConditionalOnClass did not find required class 'graphql.GraphQL' (OnClassCondition)

   RSocketMessagingAutoConfiguration:
      Did not match:
         - @ConditionalOnClass did not find required class 'io.rsocket.RSocket' (OnClassCondition)

   RSocketRequesterAutoConfiguration:
      Did not match:
         - @ConditionalOnClass did not find required class 'io.rsocket.RSocket' (OnClassCondition)

   RSocketSecurityAutoConfiguration:
      Did not match:
         - @ConditionalOnClass did not find required class 'org.springframework.security.rsocket.core.SecuritySocketAcceptorInterceptor' (OnClassCondition)

   RSocketServerAutoConfiguration:
      Did not match:
         - @ConditionalOnClass did not find required class 'io.rsocket.core.RSocketServer' (OnClassCondition)

   RSocketStrategiesAutoConfiguration:
      Did not match:
         - @ConditionalOnClass did not find required class 'io.netty.buffer.PooledByteBufAllocator' (OnClassCondition)

   RabbitAutoConfiguration:
      Did not match:
         - @ConditionalOnClass did not find required class 'com.rabbitmq.client.Channel' (OnClassCondition)

   ReactiveElasticsearchClientAutoConfiguration:
      Did not match:
         - @ConditionalOnClass did not find required class 'co.elastic.clients.transport.ElasticsearchTransport' (OnClassCondition)

   ReactiveElasticsearchRepositoriesAutoConfiguration:
      Did not match:
         - @ConditionalOnClass did not find required class 'reactor.core.publisher.Mono' (OnClassCondition)

   ReactiveMultipartAutoConfiguration:
      Did not match:
         - @ConditionalOnClass did not find required class 'org.springframework.web.reactive.config.WebFluxConfigurer' (OnClassCondition)

   ReactiveOAuth2ClientAutoConfiguration:
      Did not match:
         - @ConditionalOnClass did not find required class 'reactor.core.publisher.Flux' (OnClassCondition)

   ReactiveOAuth2ResourceServerAutoConfiguration:
      Did not match:
         - @ConditionalOnWebApplication did not find reactive web application classes (OnWebApplicationCondition)

   ReactiveSecurityAutoConfiguration:
      Did not match:
         - @ConditionalOnClass did not find required class 'reactor.core.publisher.Flux' (OnClassCondition)

   ReactiveUserDetailsServiceAutoConfiguration:
      Did not match:
         - AnyNestedCondition 0 matched 2 did not; NestedCondition on ReactiveUserDetailsServiceAutoConfiguration.RSocketEnabledOrReactiveWebApplication.ReactiveWebApplicationCondition did not find reactive web application classes; NestedCondition on ReactiveUserDetailsServiceAutoConfiguration.RSocketEnabledOrReactiveWebApplication.RSocketSecurityEnabledCondition @ConditionalOnBean (types: org.springframework.messaging.rsocket.annotation.support.RSocketMessageHandler; SearchStrategy: all) did not find any beans of type org.springframework.messaging.rsocket.annotation.support.RSocketMessageHandler (ReactiveUserDetailsServiceAutoConfiguration.RSocketEnabledOrReactiveWebApplication)
      Matched:
         - @ConditionalOnClass found required class 'org.springframework.security.authentication.ReactiveAuthenticationManager' (OnClassCondition)
         - AnyNestedCondition 1 matched 2 did not; NestedCondition on ReactiveUserDetailsServiceAutoConfiguration.MissingAlternativeOrUserPropertiesConfigured.PasswordConfigured @ConditionalOnProperty (spring.security.user.password) did not find property 'password'; NestedCondition on ReactiveUserDetailsServiceAutoConfiguration.MissingAlternativeOrUserPropertiesConfigured.NameConfigured @ConditionalOnProperty (spring.security.user.name) did not find property 'name'; NestedCondition on ReactiveUserDetailsServiceAutoConfiguration.MissingAlternativeOrUserPropertiesConfigured.MissingAlternative @ConditionalOnMissingClass did not find unwanted classes 'org.springframework.security.oauth2.client.registration.ClientRegistrationRepository', 'org.springframework.security.oauth2.server.resource.introspection.ReactiveOpaqueTokenIntrospector' (ReactiveUserDetailsServiceAutoConfiguration.MissingAlternativeOrUserPropertiesConfigured)

   ReactiveWebServerFactoryAutoConfiguration:
      Did not match:
         - @ConditionalOnWebApplication did not find reactive web application classes (OnWebApplicationCondition)

   ReactorAutoConfiguration:
      Did not match:
         - @ConditionalOnClass did not find required class 'reactor.core.publisher.Hooks' (OnClassCondition)

   RedisAutoConfiguration:
      Did not match:
         - @ConditionalOnClass did not find required class 'org.springframework.data.redis.core.RedisOperations' (OnClassCondition)

   RedisCacheConfiguration:
      Did not match:
         - @ConditionalOnClass did not find required class 'org.springframework.data.redis.connection.RedisConnectionFactory' (OnClassCondition)

   RedisReactiveAutoConfiguration:
      Did not match:
         - @ConditionalOnClass did not find required class 'reactor.core.publisher.Flux' (OnClassCondition)

   RedisRepositoriesAutoConfiguration:
      Did not match:
         - @ConditionalOnClass did not find required class 'org.springframework.data.redis.repository.configuration.EnableRedisRepositories' (OnClassCondition)

   RepositoryRestMvcAutoConfiguration:
      Did not match:
         - @ConditionalOnClass did not find required class 'org.springframework.data.rest.webmvc.config.RepositoryRestMvcConfiguration' (OnClassCondition)

   Saml2RelyingPartyAutoConfiguration:
      Did not match:
         - @ConditionalOnClass did not find required class 'org.springframework.security.saml2.provider.service.registration.RelyingPartyRegistrationRepository' (OnClassCondition)

   SecurityDataConfiguration:
      Did not match:
         - @ConditionalOnClass did not find required class 'org.springframework.security.data.repository.query.SecurityEvaluationContextExtension' (OnClassCondition)

   SendGridAutoConfiguration:
      Did not match:
         - @ConditionalOnClass did not find required class 'com.sendgrid.SendGrid' (OnClassCondition)

   ServletWebServerFactoryAutoConfiguration.ForwardedHeaderFilterConfiguration:
      Did not match:
         - @ConditionalOnProperty (server.forward-headers-strategy=framework) did not find property 'server.forward-headers-strategy' (OnPropertyCondition)

   ServletWebServerFactoryConfiguration.EmbeddedJetty:
      Did not match:
         - @ConditionalOnClass did not find required classes 'org.eclipse.jetty.server.Server', 'org.eclipse.jetty.util.Loader', 'org.eclipse.jetty.ee10.webapp.WebAppContext' (OnClassCondition)

   ServletWebServerFactoryConfiguration.EmbeddedUndertow:
      Did not match:
         - @ConditionalOnClass did not find required classes 'io.undertow.Undertow', 'org.xnio.SslClientAuthMode' (OnClassCondition)

   SessionAutoConfiguration:
      Did not match:
         - @ConditionalOnClass did not find required class 'org.springframework.session.Session' (OnClassCondition)

   SpringApplicationAdminJmxAutoConfiguration:
      Did not match:
         - @ConditionalOnProperty (spring.application.admin.enabled=true) did not find property 'enabled' (OnPropertyCondition)

   SpringBootWebSecurityConfiguration.SecurityFilterChainConfiguration:
      Did not match:
         - AllNestedConditions 1 matched 1 did not; NestedCondition on DefaultWebSecurityCondition.Beans @ConditionalOnMissingBean (types: org.springframework.security.web.SecurityFilterChain; SearchStrategy: all) found beans of type 'org.springframework.security.web.SecurityFilterChain' securityFilterChain; NestedCondition on DefaultWebSecurityCondition.Classes @ConditionalOnClass found required classes 'org.springframework.security.web.SecurityFilterChain', 'org.springframework.security.config.annotation.web.builders.HttpSecurity' (DefaultWebSecurityCondition)

   TaskExecutorConfigurations.SimpleAsyncTaskExecutorBuilderConfiguration#simpleAsyncTaskExecutorBuilderVirtualThreads:
      Did not match:
         - @ConditionalOnMissingBean (types: org.springframework.boot.task.SimpleAsyncTaskExecutorBuilder; SearchStrategy: all) found beans of type 'org.springframework.boot.task.SimpleAsyncTaskExecutorBuilder' simpleAsyncTaskExecutorBuilder (OnBeanCondition)

   TaskExecutorConfigurations.TaskExecutorConfiguration#applicationTaskExecutorVirtualThreads:
      Did not match:
         - @ConditionalOnThreading did not find VIRTUAL (OnThreadingCondition)

   TaskSchedulingAutoConfiguration#scheduledBeanLazyInitializationExcludeFilter:
      Did not match:
         - @ConditionalOnBean (names: org.springframework.context.annotation.internalScheduledAnnotationProcessor; SearchStrategy: all) did not find any beans named org.springframework.context.annotation.internalScheduledAnnotationProcessor (OnBeanCondition)

   TaskSchedulingConfigurations.SimpleAsyncTaskSchedulerBuilderConfiguration#simpleAsyncTaskSchedulerBuilderVirtualThreads:
      Did not match:
         - @ConditionalOnMissingBean (types: org.springframework.boot.task.SimpleAsyncTaskSchedulerBuilder; SearchStrategy: all) found beans of type 'org.springframework.boot.task.SimpleAsyncTaskSchedulerBuilder' simpleAsyncTaskSchedulerBuilder (OnBeanCondition)

   TaskSchedulingConfigurations.TaskSchedulerConfiguration:
      Did not match:
         - @ConditionalOnBean (names: org.springframework.context.annotation.internalScheduledAnnotationProcessor; SearchStrategy: all) did not find any beans named org.springframework.context.annotation.internalScheduledAnnotationProcessor (OnBeanCondition)

   ThymeleafAutoConfiguration:
      Did not match:
         - @ConditionalOnClass did not find required class 'org.thymeleaf.spring6.SpringTemplateEngine' (OnClassCondition)

   TransactionAutoConfiguration#transactionalOperator:
      Did not match:
         - @ConditionalOnSingleCandidate (types: org.springframework.transaction.ReactiveTransactionManager; SearchStrategy: all) did not find any beans (OnBeanCondition)

   TransactionAutoConfiguration.AspectJTransactionManagementConfiguration:
      Did not match:
         - @ConditionalOnBean (types: org.springframework.transaction.aspectj.AbstractTransactionAspect; SearchStrategy: all) did not find any beans of type org.springframework.transaction.aspectj.AbstractTransactionAspect (OnBeanCondition)

   TransactionAutoConfiguration.EnableTransactionManagementConfiguration.JdkDynamicAutoProxyConfiguration:
      Did not match:
         - @ConditionalOnProperty (spring.aop.proxy-target-class=false) did not find property 'proxy-target-class' (OnPropertyCondition)

   UserDetailsServiceAutoConfiguration:
      Did not match:
         - @ConditionalOnMissingBean (types: org.springframework.security.authentication.AuthenticationManager,org.springframework.security.authentication.AuthenticationProvider,org.springframework.security.core.userdetails.UserDetailsService,org.springframework.security.authentication.AuthenticationManagerResolver,org.springframework.security.oauth2.jwt.JwtDecoder; SearchStrategy: all) found beans of type 'org.springframework.security.authentication.AuthenticationManager' authenticationManager and found beans of type 'org.springframework.security.core.userdetails.UserDetailsService' customUserDetailsService, userDetailsService (OnBeanCondition)
      Matched:
         - @ConditionalOnClass found required class 'org.springframework.security.authentication.AuthenticationManager' (OnClassCondition)
         - found 'session' scope (OnWebApplicationCondition)
         - AnyNestedCondition 1 matched 2 did not; NestedCondition on UserDetailsServiceAutoConfiguration.MissingAlternativeOrUserPropertiesConfigured.PasswordConfigured @ConditionalOnProperty (spring.security.user.password) did not find property 'password'; NestedCondition on UserDetailsServiceAutoConfiguration.MissingAlternativeOrUserPropertiesConfigured.NameConfigured @ConditionalOnProperty (spring.security.user.name) did not find property 'name'; NestedCondition on UserDetailsServiceAutoConfiguration.MissingAlternativeOrUserPropertiesConfigured.MissingAlternative @ConditionalOnMissingClass did not find unwanted classes 'org.springframework.security.oauth2.client.registration.ClientRegistrationRepository', 'org.springframework.security.oauth2.server.resource.introspection.OpaqueTokenIntrospector', 'org.springframework.security.saml2.provider.service.registration.RelyingPartyRegistrationRepository' (UserDetailsServiceAutoConfiguration.MissingAlternativeOrUserPropertiesConfigured)

   ValidationAutoConfiguration:
      Did not match:
         - @ConditionalOnClass did not find required class 'jakarta.validation.executable.ExecutableValidator' (OnClassCondition)

   WebClientAutoConfiguration:
      Did not match:
         - @ConditionalOnClass did not find required class 'org.springframework.web.reactive.function.client.WebClient' (OnClassCondition)

   WebFluxAutoConfiguration:
      Did not match:
         - @ConditionalOnClass did not find required class 'org.springframework.web.reactive.config.WebFluxConfigurer' (OnClassCondition)

   WebMvcAutoConfiguration#hiddenHttpMethodFilter:
      Did not match:
         - @ConditionalOnProperty (spring.mvc.hiddenmethod.filter.enabled) did not find property 'enabled' (OnPropertyCondition)

   WebMvcAutoConfiguration.ProblemDetailsErrorHandlingConfiguration:
      Did not match:
         - @ConditionalOnProperty (spring.mvc.problemdetails.enabled=true) did not find property 'enabled' (OnPropertyCondition)

   WebMvcAutoConfiguration.ResourceChainCustomizerConfiguration:
      Did not match:
         - @ConditionalOnEnabledResourceChain did not find class org.webjars.WebJarVersionLocator (OnEnabledResourceChainCondition)

   WebMvcAutoConfiguration.WebMvcAutoConfigurationAdapter#beanNameViewResolver:
      Did not match:
         - @ConditionalOnMissingBean (types: org.springframework.web.servlet.view.BeanNameViewResolver; SearchStrategy: all) found beans of type 'org.springframework.web.servlet.view.BeanNameViewResolver' beanNameViewResolver (OnBeanCondition)

   WebServiceTemplateAutoConfiguration:
      Did not match:
         - @ConditionalOnClass did not find required class 'org.springframework.oxm.Marshaller' (OnClassCondition)

   WebServicesAutoConfiguration:
      Did not match:
         - @ConditionalOnClass did not find required class 'org.springframework.ws.transport.http.MessageDispatcherServlet' (OnClassCondition)

   WebSessionIdResolverAutoConfiguration:
      Did not match:
         - @ConditionalOnClass did not find required class 'reactor.core.publisher.Mono' (OnClassCondition)

   WebSocketMessagingAutoConfiguration:
      Did not match:
         - @ConditionalOnClass did not find required class 'org.springframework.web.socket.config.annotation.WebSocketMessageBrokerConfigurer' (OnClassCondition)

   WebSocketReactiveAutoConfiguration:
      Did not match:
         - @ConditionalOnWebApplication did not find reactive web application classes (OnWebApplicationCondition)

   WebSocketServletAutoConfiguration.JettyWebSocketConfiguration:
      Did not match:
         - @ConditionalOnClass did not find required class 'org.eclipse.jetty.ee10.websocket.jakarta.server.config.JakartaWebSocketServletContainerInitializer' (OnClassCondition)

   WebSocketServletAutoConfiguration.UndertowWebSocketConfiguration:
      Did not match:
         - @ConditionalOnClass did not find required class 'io.undertow.websockets.jsr.Bootstrap' (OnClassCondition)

   XADataSourceAutoConfiguration:
      Did not match:
         - @ConditionalOnBean (types: org.springframework.boot.jdbc.XADataSourceWrapper; SearchStrategy: all) did not find any beans of type org.springframework.boot.jdbc.XADataSourceWrapper (OnBeanCondition)
      Matched:
         - @ConditionalOnClass found required classes 'javax.sql.DataSource', 'jakarta.transaction.TransactionManager', 'org.springframework.jdbc.datasource.embedded.EmbeddedDatabaseType' (OnClassCondition)


Exclusions:
-----------

    None


Unconditional classes:
----------------------

    org.springframework.boot.autoconfigure.context.ConfigurationPropertiesAutoConfiguration

    org.springframework.boot.autoconfigure.ssl.SslAutoConfiguration

    org.springframework.boot.autoconfigure.context.LifecycleAutoConfiguration

    org.springframework.boot.autoconfigure.context.PropertyPlaceholderAutoConfiguration

    org.springframework.boot.autoconfigure.availability.ApplicationAvailabilityAutoConfiguration

    org.springframework.boot.autoconfigure.info.ProjectInfoAutoConfiguration



2025-04-05T01:55:58.248+05:30  INFO 8816 --- [LoginSignup] [main] c.e.LoginSignup.LoginSignupApplication   : Started LoginSignupApplication in 6.896 seconds (process running for 7.43)
2025-04-05T01:55:58.249+05:30 DEBUG 8816 --- [LoginSignup] [main] o.s.b.a.ApplicationAvailabilityBean      : Application availability state LivenessState changed to CORRECT
2025-04-05T01:55:58.253+05:30 DEBUG 8816 --- [LoginSignup] [main] o.s.b.a.ApplicationAvailabilityBean      : Application availability state ReadinessState changed to ACCEPTING_TRAFFIC
2025-04-05T01:55:59.627+05:30  INFO 8816 --- [LoginSignup] [http-nio-8083-exec-2] o.a.c.c.C.[Tomcat].[localhost].[/]       : Initializing Spring DispatcherServlet 'dispatcherServlet'
2025-04-05T01:55:59.628+05:30  INFO 8816 --- [LoginSignup] [http-nio-8083-exec-2] o.s.web.servlet.DispatcherServlet        : Initializing Servlet 'dispatcherServlet'
2025-04-05T01:55:59.628+05:30 DEBUG 8816 --- [LoginSignup] [http-nio-8083-exec-2] o.s.web.servlet.DispatcherServlet        : Detected StandardServletMultipartResolver
2025-04-05T01:55:59.628+05:30 DEBUG 8816 --- [LoginSignup] [http-nio-8083-exec-2] o.s.web.servlet.DispatcherServlet        : Detected AcceptHeaderLocaleResolver
2025-04-05T01:55:59.628+05:30 DEBUG 8816 --- [LoginSignup] [http-nio-8083-exec-2] o.s.web.servlet.DispatcherServlet        : Detected FixedThemeResolver
2025-04-05T01:55:59.630+05:30 DEBUG 8816 --- [LoginSignup] [http-nio-8083-exec-2] o.s.web.servlet.DispatcherServlet        : Detected org.springframework.web.servlet.view.DefaultRequestToViewNameTranslator@4769e70c
2025-04-05T01:55:59.631+05:30 DEBUG 8816 --- [LoginSignup] [http-nio-8083-exec-2] o.s.web.servlet.DispatcherServlet        : Detected org.springframework.web.servlet.support.SessionFlashMapManager@1f4b8027
2025-04-05T01:55:59.631+05:30 DEBUG 8816 --- [LoginSignup] [http-nio-8083-exec-2] o.s.web.servlet.DispatcherServlet        : enableLoggingRequestDetails='false': request parameters and headers will be masked to prevent unsafe logging of potentially sensitive data
2025-04-05T01:55:59.631+05:30  INFO 8816 --- [LoginSignup] [http-nio-8083-exec-2] o.s.web.servlet.DispatcherServlet        : Completed initialization in 3 ms
2025-04-05T01:55:59.671+05:30 DEBUG 8816 --- [LoginSignup] [http-nio-8083-exec-2] o.s.security.web.FilterChainProxy        : Securing POST /auth/login
2025-04-05T01:55:59.689+05:30 DEBUG 8816 --- [LoginSignup] [http-nio-8083-exec-2] o.s.security.web.FilterChainProxy        : Secured POST /auth/login
2025-04-05T01:55:59.694+05:30 DEBUG 8816 --- [LoginSignup] [http-nio-8083-exec-2] o.s.web.servlet.DispatcherServlet        : POST "/auth/login", parameters={}
2025-04-05T01:55:59.697+05:30 DEBUG 8816 --- [LoginSignup] [http-nio-8083-exec-2] s.w.s.m.m.a.RequestMappingHandlerMapping : Mapped to com.example.LoginSignup.controller.UserController#login(UserDTO)
2025-04-05T01:55:59.700+05:30 DEBUG 8816 --- [LoginSignup] [http-nio-8083-exec-2] o.j.s.OpenEntityManagerInViewInterceptor : Opening JPA EntityManager in OpenEntityManagerInViewInterceptor
2025-04-05T01:55:59.881+05:30 DEBUG 8816 --- [LoginSignup] [http-nio-8083-exec-2] m.m.a.RequestResponseBodyMethodProcessor : Read "application/json;charset=UTF-8" to [com.example.LoginSignup.dto.UserDTO@1e4c90c2]
2025-04-05T01:56:00.148+05:30 DEBUG 8816 --- [LoginSignup] [http-nio-8083-exec-2] org.hibernate.SQL                        : select um1_0.id,um1_0.email,um1_0.password,um1_0.role,um1_0.user_name from user_information um1_0 where um1_0.email=?
2025-04-05T01:56:00.514+05:30 DEBUG 8816 --- [LoginSignup] [http-nio-8083-exec-2] o.j.s.OpenEntityManagerInViewInterceptor : Closing JPA EntityManager in OpenEntityManagerInViewInterceptor
2025-04-05T01:56:00.516+05:30 DEBUG 8816 --- [LoginSignup] [http-nio-8083-exec-2] o.s.web.servlet.DispatcherServlet        : Failed to complete request: io.jsonwebtoken.security.WeakKeyException: The signing key's size is 200 bits which is not secure enough for the HS256 algorithm.  The JWT JWA Specification (RFC 7518, Section 3.2) states that keys used with HS256 MUST have a size >= 256 bits (the key size must be greater than or equal to the hash output size).  Consider using the io.jsonwebtoken.security.Keys class's 'secretKeyFor(SignatureAlgorithm.HS256)' method to create a key guaranteed to be secure enough for HS256.  See https://tools.ietf.org/html/rfc7518#section-3.2 for more information.
2025-04-05T01:56:00.518+05:30 DEBUG 8816 --- [LoginSignup] [http-nio-8083-exec-2] o.s.s.w.a.AnonymousAuthenticationFilter  : Set SecurityContextHolder to anonymous SecurityContext
2025-04-05T01:56:00.521+05:30 ERROR 8816 --- [LoginSignup] [http-nio-8083-exec-2] o.a.c.c.C.[.[.[/].[dispatcherServlet]    : Servlet.service() for servlet [dispatcherServlet] in context with path [] threw exception [Request processing failed: io.jsonwebtoken.security.WeakKeyException: The signing key's size is 200 bits which is not secure enough for the HS256 algorithm.  The JWT JWA Specification (RFC 7518, Section 3.2) states that keys used with HS256 MUST have a size >= 256 bits (the key size must be greater than or equal to the hash output size).  Consider using the io.jsonwebtoken.security.Keys class's 'secretKeyFor(SignatureAlgorithm.HS256)' method to create a key guaranteed to be secure enough for HS256.  See https://tools.ietf.org/html/rfc7518#section-3.2 for more information.] with root cause

io.jsonwebtoken.security.WeakKeyException: The signing key's size is 200 bits which is not secure enough for the HS256 algorithm.  The JWT JWA Specification (RFC 7518, Section 3.2) states that keys used with HS256 MUST have a size >= 256 bits (the key size must be greater than or equal to the hash output size).  Consider using the io.jsonwebtoken.security.Keys class's 'secretKeyFor(SignatureAlgorithm.HS256)' method to create a key guaranteed to be secure enough for HS256.  See https://tools.ietf.org/html/rfc7518#section-3.2 for more information.
	at io.jsonwebtoken.SignatureAlgorithm.assertValid(SignatureAlgorithm.java:387) ~[jjwt-api-0.11.5.jar:0.11.5]
	at io.jsonwebtoken.SignatureAlgorithm.assertValidSigningKey(SignatureAlgorithm.java:315) ~[jjwt-api-0.11.5.jar:0.11.5]
	at io.jsonwebtoken.impl.DefaultJwtBuilder.signWith(DefaultJwtBuilder.java:112) ~[jjwt-impl-0.11.5.jar:0.11.5]
	at io.jsonwebtoken.impl.DefaultJwtBuilder.signWith(DefaultJwtBuilder.java:125) ~[jjwt-impl-0.11.5.jar:0.11.5]
	at io.jsonwebtoken.impl.DefaultJwtBuilder.signWith(DefaultJwtBuilder.java:133) ~[jjwt-impl-0.11.5.jar:0.11.5]
	at com.example.LoginSignup.component.JwtUtil.generateToken(JwtUtil.java:27) ~[classes/:na]
	at com.example.LoginSignup.service.UserService.login(UserService.java:61) ~[classes/:na]
	at com.example.LoginSignup.controller.UserController.login(UserController.java:22) ~[classes/:na]
	at java.base/jdk.internal.reflect.DirectMethodHandleAccessor.invoke(DirectMethodHandleAccessor.java:103) ~[na:na]
	at java.base/java.lang.reflect.Method.invoke(Method.java:580) ~[na:na]
	at org.springframework.web.method.support.InvocableHandlerMethod.doInvoke(InvocableHandlerMethod.java:258) ~[spring-web-6.2.5.jar:6.2.5]
	at org.springframework.web.method.support.InvocableHandlerMethod.invokeForRequest(InvocableHandlerMethod.java:191) ~[spring-web-6.2.5.jar:6.2.5]
	at org.springframework.web.servlet.mvc.method.annotation.ServletInvocableHandlerMethod.invokeAndHandle(ServletInvocableHandlerMethod.java:118) ~[spring-webmvc-6.2.5.jar:6.2.5]
	at org.springframework.web.servlet.mvc.method.annotation.RequestMappingHandlerAdapter.invokeHandlerMethod(RequestMappingHandlerAdapter.java:986) ~[spring-webmvc-6.2.5.jar:6.2.5]
	at org.springframework.web.servlet.mvc.method.annotation.RequestMappingHandlerAdapter.handleInternal(RequestMappingHandlerAdapter.java:891) ~[spring-webmvc-6.2.5.jar:6.2.5]
	at org.springframework.web.servlet.mvc.method.AbstractHandlerMethodAdapter.handle(AbstractHandlerMethodAdapter.java:87) ~[spring-webmvc-6.2.5.jar:6.2.5]
	at org.springframework.web.servlet.DispatcherServlet.doDispatch(DispatcherServlet.java:1089) ~[spring-webmvc-6.2.5.jar:6.2.5]
	at org.springframework.web.servlet.DispatcherServlet.doService(DispatcherServlet.java:979) ~[spring-webmvc-6.2.5.jar:6.2.5]
	at org.springframework.web.servlet.FrameworkServlet.processRequest(FrameworkServlet.java:1014) ~[spring-webmvc-6.2.5.jar:6.2.5]
	at org.springframework.web.servlet.FrameworkServlet.doPost(FrameworkServlet.java:914) ~[spring-webmvc-6.2.5.jar:6.2.5]
	at jakarta.servlet.http.HttpServlet.service(HttpServlet.java:590) ~[tomcat-embed-core-10.1.39.jar:6.0]
	at org.springframework.web.servlet.FrameworkServlet.service(FrameworkServlet.java:885) ~[spring-webmvc-6.2.5.jar:6.2.5]
	at jakarta.servlet.http.HttpServlet.service(HttpServlet.java:658) ~[tomcat-embed-core-10.1.39.jar:6.0]
	at org.apache.catalina.core.ApplicationFilterChain.internalDoFilter(ApplicationFilterChain.java:195) ~[tomcat-embed-core-10.1.39.jar:10.1.39]
	at org.apache.catalina.core.ApplicationFilterChain.doFilter(ApplicationFilterChain.java:140) ~[tomcat-embed-core-10.1.39.jar:10.1.39]
	at org.apache.tomcat.websocket.server.WsFilter.doFilter(WsFilter.java:51) ~[tomcat-embed-websocket-10.1.39.jar:10.1.39]
	at org.apache.catalina.core.ApplicationFilterChain.internalDoFilter(ApplicationFilterChain.java:164) ~[tomcat-embed-core-10.1.39.jar:10.1.39]
	at org.apache.catalina.core.ApplicationFilterChain.doFilter(ApplicationFilterChain.java:140) ~[tomcat-embed-core-10.1.39.jar:10.1.39]
	at org.springframework.web.filter.CompositeFilter$VirtualFilterChain.doFilter(CompositeFilter.java:108) ~[spring-web-6.2.5.jar:6.2.5]
	at org.springframework.security.web.FilterChainProxy.lambda$doFilterInternal$3(FilterChainProxy.java:231) ~[spring-security-web-6.4.4.jar:6.4.4]
	at org.springframework.security.web.FilterChainProxy$VirtualFilterChain.doFilter(FilterChainProxy.java:365) ~[spring-security-web-6.4.4.jar:6.4.4]
	at org.springframework.security.web.access.intercept.AuthorizationFilter.doFilter(AuthorizationFilter.java:101) ~[spring-security-web-6.4.4.jar:6.4.4]
	at org.springframework.security.web.FilterChainProxy$VirtualFilterChain.doFilter(FilterChainProxy.java:374) ~[spring-security-web-6.4.4.jar:6.4.4]
	at org.springframework.security.web.access.ExceptionTranslationFilter.doFilter(ExceptionTranslationFilter.java:126) ~[spring-security-web-6.4.4.jar:6.4.4]
	at org.springframework.security.web.access.ExceptionTranslationFilter.doFilter(ExceptionTranslationFilter.java:120) ~[spring-security-web-6.4.4.jar:6.4.4]
	at org.springframework.security.web.FilterChainProxy$VirtualFilterChain.doFilter(FilterChainProxy.java:374) ~[spring-security-web-6.4.4.jar:6.4.4]
	at org.springframework.security.web.authentication.AnonymousAuthenticationFilter.doFilter(AnonymousAuthenticationFilter.java:100) ~[spring-security-web-6.4.4.jar:6.4.4]
	at org.springframework.security.web.FilterChainProxy$VirtualFilterChain.doFilter(FilterChainProxy.java:374) ~[spring-security-web-6.4.4.jar:6.4.4]
	at org.springframework.security.web.servletapi.SecurityContextHolderAwareRequestFilter.doFilter(SecurityContextHolderAwareRequestFilter.java:179) ~[spring-security-web-6.4.4.jar:6.4.4]
	at org.springframework.security.web.FilterChainProxy$VirtualFilterChain.doFilter(FilterChainProxy.java:374) ~[spring-security-web-6.4.4.jar:6.4.4]
	at org.springframework.security.web.savedrequest.RequestCacheAwareFilter.doFilter(RequestCacheAwareFilter.java:63) ~[spring-security-web-6.4.4.jar:6.4.4]
	at org.springframework.security.web.FilterChainProxy$VirtualFilterChain.doFilter(FilterChainProxy.java:374) ~[spring-security-web-6.4.4.jar:6.4.4]
	at org.springframework.security.web.authentication.logout.LogoutFilter.doFilter(LogoutFilter.java:107) ~[spring-security-web-6.4.4.jar:6.4.4]
	at org.springframework.security.web.authentication.logout.LogoutFilter.doFilter(LogoutFilter.java:93) ~[spring-security-web-6.4.4.jar:6.4.4]
	at org.springframework.security.web.FilterChainProxy$VirtualFilterChain.doFilter(FilterChainProxy.java:374) ~[spring-security-web-6.4.4.jar:6.4.4]
	at org.springframework.security.web.header.HeaderWriterFilter.doHeadersAfter(HeaderWriterFilter.java:90) ~[spring-security-web-6.4.4.jar:6.4.4]
	at org.springframework.security.web.header.HeaderWriterFilter.doFilterInternal(HeaderWriterFilter.java:75) ~[spring-security-web-6.4.4.jar:6.4.4]
	at org.springframework.web.filter.OncePerRequestFilter.doFilter(OncePerRequestFilter.java:116) ~[spring-web-6.2.5.jar:6.2.5]
	at org.springframework.security.web.FilterChainProxy$VirtualFilterChain.doFilter(FilterChainProxy.java:374) ~[spring-security-web-6.4.4.jar:6.4.4]
	at org.springframework.security.web.context.SecurityContextHolderFilter.doFilter(SecurityContextHolderFilter.java:82) ~[spring-security-web-6.4.4.jar:6.4.4]
	at org.springframework.security.web.context.SecurityContextHolderFilter.doFilter(SecurityContextHolderFilter.java:69) ~[spring-security-web-6.4.4.jar:6.4.4]
	at org.springframework.security.web.FilterChainProxy$VirtualFilterChain.doFilter(FilterChainProxy.java:374) ~[spring-security-web-6.4.4.jar:6.4.4]
	at org.springframework.security.web.context.request.async.WebAsyncManagerIntegrationFilter.doFilterInternal(WebAsyncManagerIntegrationFilter.java:62) ~[spring-security-web-6.4.4.jar:6.4.4]
	at org.springframework.web.filter.OncePerRequestFilter.doFilter(OncePerRequestFilter.java:116) ~[spring-web-6.2.5.jar:6.2.5]
	at org.springframework.security.web.FilterChainProxy$VirtualFilterChain.doFilter(FilterChainProxy.java:374) ~[spring-security-web-6.4.4.jar:6.4.4]
	at org.springframework.security.web.session.DisableEncodeUrlFilter.doFilterInternal(DisableEncodeUrlFilter.java:42) ~[spring-security-web-6.4.4.jar:6.4.4]
	at org.springframework.web.filter.OncePerRequestFilter.doFilter(OncePerRequestFilter.java:116) ~[spring-web-6.2.5.jar:6.2.5]
	at org.springframework.security.web.FilterChainProxy$VirtualFilterChain.doFilter(FilterChainProxy.java:374) ~[spring-security-web-6.4.4.jar:6.4.4]
	at org.springframework.security.web.FilterChainProxy.doFilterInternal(FilterChainProxy.java:233) ~[spring-security-web-6.4.4.jar:6.4.4]
	at org.springframework.security.web.FilterChainProxy.doFilter(FilterChainProxy.java:191) ~[spring-security-web-6.4.4.jar:6.4.4]
	at org.springframework.web.filter.CompositeFilter$VirtualFilterChain.doFilter(CompositeFilter.java:113) ~[spring-web-6.2.5.jar:6.2.5]
	at org.springframework.web.servlet.handler.HandlerMappingIntrospector.lambda$createCacheFilter$3(HandlerMappingIntrospector.java:243) ~[spring-webmvc-6.2.5.jar:6.2.5]
	at org.springframework.web.filter.CompositeFilter$VirtualFilterChain.doFilter(CompositeFilter.java:113) ~[spring-web-6.2.5.jar:6.2.5]
	at org.springframework.web.filter.CompositeFilter.doFilter(CompositeFilter.java:74) ~[spring-web-6.2.5.jar:6.2.5]
	at org.springframework.security.config.annotation.web.configuration.WebMvcSecurityConfiguration$CompositeFilterChainProxy.doFilter(WebMvcSecurityConfiguration.java:238) ~[spring-security-config-6.4.4.jar:6.4.4]
	at org.springframework.web.filter.DelegatingFilterProxy.invokeDelegate(DelegatingFilterProxy.java:362) ~[spring-web-6.2.5.jar:6.2.5]
	at org.springframework.web.filter.DelegatingFilterProxy.doFilter(DelegatingFilterProxy.java:278) ~[spring-web-6.2.5.jar:6.2.5]
	at org.apache.catalina.core.ApplicationFilterChain.internalDoFilter(ApplicationFilterChain.java:164) ~[tomcat-embed-core-10.1.39.jar:10.1.39]
	at org.apache.catalina.core.ApplicationFilterChain.doFilter(ApplicationFilterChain.java:140) ~[tomcat-embed-core-10.1.39.jar:10.1.39]
	at org.springframework.web.filter.RequestContextFilter.doFilterInternal(RequestContextFilter.java:100) ~[spring-web-6.2.5.jar:6.2.5]
	at org.springframework.web.filter.OncePerRequestFilter.doFilter(OncePerRequestFilter.java:116) ~[spring-web-6.2.5.jar:6.2.5]
	at org.apache.catalina.core.ApplicationFilterChain.internalDoFilter(ApplicationFilterChain.java:164) ~[tomcat-embed-core-10.1.39.jar:10.1.39]
	at org.apache.catalina.core.ApplicationFilterChain.doFilter(ApplicationFilterChain.java:140) ~[tomcat-embed-core-10.1.39.jar:10.1.39]
	at org.springframework.web.filter.FormContentFilter.doFilterInternal(FormContentFilter.java:93) ~[spring-web-6.2.5.jar:6.2.5]
	at org.springframework.web.filter.OncePerRequestFilter.doFilter(OncePerRequestFilter.java:116) ~[spring-web-6.2.5.jar:6.2.5]
	at org.apache.catalina.core.ApplicationFilterChain.internalDoFilter(ApplicationFilterChain.java:164) ~[tomcat-embed-core-10.1.39.jar:10.1.39]
	at org.apache.catalina.core.ApplicationFilterChain.doFilter(ApplicationFilterChain.java:140) ~[tomcat-embed-core-10.1.39.jar:10.1.39]
	at org.springframework.web.filter.CharacterEncodingFilter.doFilterInternal(CharacterEncodingFilter.java:201) ~[spring-web-6.2.5.jar:6.2.5]
	at org.springframework.web.filter.OncePerRequestFilter.doFilter(OncePerRequestFilter.java:116) ~[spring-web-6.2.5.jar:6.2.5]
	at org.apache.catalina.core.ApplicationFilterChain.internalDoFilter(ApplicationFilterChain.java:164) ~[tomcat-embed-core-10.1.39.jar:10.1.39]
	at org.apache.catalina.core.ApplicationFilterChain.doFilter(ApplicationFilterChain.java:140) ~[tomcat-embed-core-10.1.39.jar:10.1.39]
	at org.apache.catalina.core.StandardWrapperValve.invoke(StandardWrapperValve.java:167) ~[tomcat-embed-core-10.1.39.jar:10.1.39]
	at org.apache.catalina.core.StandardContextValve.invoke(StandardContextValve.java:90) ~[tomcat-embed-core-10.1.39.jar:10.1.39]
	at org.apache.catalina.authenticator.AuthenticatorBase.invoke(AuthenticatorBase.java:483) ~[tomcat-embed-core-10.1.39.jar:10.1.39]
	at org.apache.catalina.core.StandardHostValve.invoke(StandardHostValve.java:115) ~[tomcat-embed-core-10.1.39.jar:10.1.39]
	at org.apache.catalina.valves.ErrorReportValve.invoke(ErrorReportValve.java:93) ~[tomcat-embed-core-10.1.39.jar:10.1.39]
	at org.apache.catalina.core.StandardEngineValve.invoke(StandardEngineValve.java:74) ~[tomcat-embed-core-10.1.39.jar:10.1.39]
	at org.apache.catalina.connector.CoyoteAdapter.service(CoyoteAdapter.java:344) ~[tomcat-embed-core-10.1.39.jar:10.1.39]
	at org.apache.coyote.http11.Http11Processor.service(Http11Processor.java:397) ~[tomcat-embed-core-10.1.39.jar:10.1.39]
	at org.apache.coyote.AbstractProcessorLight.process(AbstractProcessorLight.java:63) ~[tomcat-embed-core-10.1.39.jar:10.1.39]
	at org.apache.coyote.AbstractProtocol$ConnectionHandler.process(AbstractProtocol.java:905) ~[tomcat-embed-core-10.1.39.jar:10.1.39]
	at org.apache.tomcat.util.net.NioEndpoint$SocketProcessor.doRun(NioEndpoint.java:1743) ~[tomcat-embed-core-10.1.39.jar:10.1.39]
	at org.apache.tomcat.util.net.SocketProcessorBase.run(SocketProcessorBase.java:52) ~[tomcat-embed-core-10.1.39.jar:10.1.39]
	at org.apache.tomcat.util.threads.ThreadPoolExecutor.runWorker(ThreadPoolExecutor.java:1190) ~[tomcat-embed-core-10.1.39.jar:10.1.39]
	at org.apache.tomcat.util.threads.ThreadPoolExecutor$Worker.run(ThreadPoolExecutor.java:659) ~[tomcat-embed-core-10.1.39.jar:10.1.39]
	at org.apache.tomcat.util.threads.TaskThread$WrappingRunnable.run(TaskThread.java:63) ~[tomcat-embed-core-10.1.39.jar:10.1.39]
	at java.base/java.lang.Thread.run(Thread.java:1575) ~[na:na]

2025-04-05T01:56:00.544+05:30 DEBUG 8816 --- [LoginSignup] [http-nio-8083-exec-2] o.s.security.web.FilterChainProxy        : Securing POST /error
2025-04-05T01:56:00.545+05:30 DEBUG 8816 --- [LoginSignup] [http-nio-8083-exec-2] o.s.s.w.a.AnonymousAuthenticationFilter  : Set SecurityContextHolder to anonymous SecurityContext
2025-04-05T01:56:00.579+05:30 DEBUG 8816 --- [LoginSignup] [http-nio-8083-exec-2] o.s.s.w.s.HttpSessionRequestCache        : Saved request http://localhost:8083/error?continue to session
2025-04-05T01:56:00.579+05:30 DEBUG 8816 --- [LoginSignup] [http-nio-8083-exec-2] o.s.s.w.a.Http403ForbiddenEntryPoint     : Pre-authenticated entry point called. Rejecting access
2025-04-05T02:01:55.989+05:30 DEBUG 8816 --- [LoginSignup] [SpringApplicationShutdownHook] o.s.b.a.ApplicationAvailabilityBean      : Application availability state ReadinessState changed from ACCEPTING_TRAFFIC to REFUSING_TRAFFIC
2025-04-05T02:01:55.994+05:30 DEBUG 8816 --- [LoginSignup] [SpringApplicationShutdownHook] ConfigServletWebServerApplicationContext : Closing org.springframework.boot.web.servlet.context.AnnotationConfigServletWebServerApplicationContext@3b8f0a79, started on Sat Apr 05 01:55:52 IST 2025
2025-04-05T02:01:55.998+05:30 DEBUG 8816 --- [LoginSignup] [SpringApplicationShutdownHook] o.s.c.support.DefaultLifecycleProcessor  : Stopping beans in phase 2147482623
2025-04-05T02:01:56.001+05:30  INFO 8816 --- [LoginSignup] [SpringApplicationShutdownHook] o.s.b.w.e.tomcat.GracefulShutdown        : Commencing graceful shutdown. Waiting for active requests to complete
2025-04-05T02:01:56.024+05:30  INFO 8816 --- [LoginSignup] [tomcat-shutdown] o.s.b.w.e.tomcat.GracefulShutdown        : Graceful shutdown complete
2025-04-05T02:01:56.025+05:30 DEBUG 8816 --- [LoginSignup] [SpringApplicationShutdownHook] o.s.c.support.DefaultLifecycleProcessor  : Stopping beans in phase 2147481599
2025-04-05T02:01:56.025+05:30 DEBUG 8816 --- [LoginSignup] [tomcat-shutdown] o.s.c.support.DefaultLifecycleProcessor  : Bean 'webServerGracefulShutdown' completed its stop procedure
2025-04-05T02:01:56.030+05:30 DEBUG 8816 --- [LoginSignup] [SpringApplicationShutdownHook] o.s.c.support.DefaultLifecycleProcessor  : Bean 'webServerStartStop' completed its stop procedure
2025-04-05T02:01:56.031+05:30 DEBUG 8816 --- [LoginSignup] [SpringApplicationShutdownHook] o.s.c.support.DefaultLifecycleProcessor  : Stopping beans in phase 1073741823
2025-04-05T02:01:56.031+05:30 DEBUG 8816 --- [LoginSignup] [SpringApplicationShutdownHook] o.s.c.support.DefaultLifecycleProcessor  : Bean 'applicationTaskExecutor' completed its stop procedure
2025-04-05T02:01:56.031+05:30 DEBUG 8816 --- [LoginSignup] [SpringApplicationShutdownHook] o.s.c.support.DefaultLifecycleProcessor  : Stopping beans in phase -2147483647
2025-04-05T02:01:56.032+05:30 DEBUG 8816 --- [LoginSignup] [SpringApplicationShutdownHook] o.s.c.support.DefaultLifecycleProcessor  : Bean 'springBootLoggingLifecycle' completed its stop procedure
2025-04-05T02:01:56.034+05:30 DEBUG 8816 --- [LoginSignup] [SpringApplicationShutdownHook] o.s.s.concurrent.ThreadPoolTaskExecutor  : Shutting down ExecutorService 'applicationTaskExecutor'
2025-04-05T02:01:56.038+05:30  INFO 8816 --- [LoginSignup] [SpringApplicationShutdownHook] j.LocalContainerEntityManagerFactoryBean : Closing JPA EntityManagerFactory for persistence unit 'default'
2025-04-05T02:01:56.044+05:30  INFO 8816 --- [LoginSignup] [SpringApplicationShutdownHook] com.zaxxer.hikari.HikariDataSource       : HikariPool-1 - Shutdown initiated...
2025-04-05T02:01:56.077+05:30  INFO 8816 --- [LoginSignup] [SpringApplicationShutdownHook] com.zaxxer.hikari.HikariDataSource       : HikariPool-1 - Shutdown completed.
2025-04-05T02:02:00.007+05:30  INFO 14688 --- [LoginSignup] [main] c.e.LoginSignup.LoginSignupApplication   : Starting LoginSignupApplication using Java 23.0.2 with PID 14688 (C:\Users\HP\OneDrive\Documents\CGFlightProject\Microservices\LoginSignup\target\classes started by HP in C:\Users\HP\OneDrive\Documents\CGFlightProject\Microservices\LoginSignup)
2025-04-05T02:02:00.019+05:30  INFO 14688 --- [LoginSignup] [main] c.e.LoginSignup.LoginSignupApplication   : No active profile set, falling back to 1 default profile: "default"
2025-04-05T02:02:00.021+05:30 DEBUG 14688 --- [LoginSignup] [main] o.s.boot.SpringApplication               : Loading source class com.example.LoginSignup.LoginSignupApplication
2025-04-05T02:02:00.122+05:30 DEBUG 14688 --- [LoginSignup] [main] ConfigServletWebServerApplicationContext : Refreshing org.springframework.boot.web.servlet.context.AnnotationConfigServletWebServerApplicationContext@3b8f0a79
2025-04-05T02:02:00.151+05:30 DEBUG 14688 --- [LoginSignup] [main] o.s.b.f.s.DefaultListableBeanFactory     : Creating shared instance of singleton bean 'org.springframework.context.annotation.internalConfigurationAnnotationProcessor'
2025-04-05T02:02:00.171+05:30 DEBUG 14688 --- [LoginSignup] [main] o.s.b.f.s.DefaultListableBeanFactory     : Creating shared instance of singleton bean 'org.springframework.boot.autoconfigure.internalCachingMetadataReaderFactory'
2025-04-05T02:02:00.256+05:30 DEBUG 14688 --- [LoginSignup] [main] o.s.c.a.ClassPathBeanDefinitionScanner   : Identified candidate component class: file [C:\Users\HP\OneDrive\Documents\CGFlightProject\Microservices\LoginSignup\target\classes\com\example\LoginSignup\component\JwtUtil.class]
2025-04-05T02:02:00.263+05:30 DEBUG 14688 --- [LoginSignup] [main] o.s.c.a.ClassPathBeanDefinitionScanner   : Identified candidate component class: file [C:\Users\HP\OneDrive\Documents\CGFlightProject\Microservices\LoginSignup\target\classes\com\example\LoginSignup\configuration\UserConfiguration.class]
2025-04-05T02:02:00.290+05:30 DEBUG 14688 --- [LoginSignup] [main] o.s.c.a.ClassPathBeanDefinitionScanner   : Identified candidate component class: file [C:\Users\HP\OneDrive\Documents\CGFlightProject\Microservices\LoginSignup\target\classes\com\example\LoginSignup\controller\UserController.class]
2025-04-05T02:02:00.297+05:30 DEBUG 14688 --- [LoginSignup] [main] o.s.c.a.ClassPathBeanDefinitionScanner   : Identified candidate component class: file [C:\Users\HP\OneDrive\Documents\CGFlightProject\Microservices\LoginSignup\target\classes\com\example\LoginSignup\service\CustomUserDetailsService.class]
2025-04-05T02:02:00.298+05:30 DEBUG 14688 --- [LoginSignup] [main] o.s.c.a.ClassPathBeanDefinitionScanner   : Identified candidate component class: file [C:\Users\HP\OneDrive\Documents\CGFlightProject\Microservices\LoginSignup\target\classes\com\example\LoginSignup\service\UserService.class]
2025-04-05T02:02:01.042+05:30  INFO 14688 --- [LoginSignup] [main] .s.d.r.c.RepositoryConfigurationDelegate : Bootstrapping Spring Data JPA repositories in DEFAULT mode.
2025-04-05T02:02:01.053+05:30 DEBUG 14688 --- [LoginSignup] [main] o.s.b.f.s.DefaultListableBeanFactory     : Creating shared instance of singleton bean 'org.springframework.boot.autoconfigure.AutoConfigurationPackages'
2025-04-05T02:02:01.063+05:30 DEBUG 14688 --- [LoginSignup] [main] o.s.b.a.AutoConfigurationPackages        : @EnableAutoConfiguration was declared on a class in the package 'com.example.LoginSignup'. Automatic @Repository and @Entity scanning is enabled.
2025-04-05T02:02:01.065+05:30 DEBUG 14688 --- [LoginSignup] [main] .s.d.r.c.RepositoryConfigurationDelegate : Scanning for JPA repositories in packages com.example.LoginSignup.
2025-04-05T02:02:01.078+05:30 DEBUG 14688 --- [LoginSignup] [main] o.s.d.r.c.RepositoryComponentProvider    : Identified candidate component class: file [C:\Users\HP\OneDrive\Documents\CGFlightProject\Microservices\LoginSignup\target\classes\com\example\LoginSignup\repository\UserRepository.class]
2025-04-05T02:02:01.114+05:30  INFO 14688 --- [LoginSignup] [main] .s.d.r.c.RepositoryConfigurationDelegate : Finished Spring Data repository scanning in 46 ms. Found 1 JPA repository interface.
2025-04-05T02:02:01.264+05:30 DEBUG 14688 --- [LoginSignup] [main] o.s.b.f.s.DefaultListableBeanFactory     : Creating shared instance of singleton bean 'springSecurityHandlerMappingIntrospectorBeanDefinitionRegistryPostProcessor'
2025-04-05T02:02:01.362+05:30 DEBUG 14688 --- [LoginSignup] [main] o.s.b.f.s.DefaultListableBeanFactory     : Creating shared instance of singleton bean 'propertySourcesPlaceholderConfigurer'
2025-04-05T02:02:01.367+05:30 DEBUG 14688 --- [LoginSignup] [main] o.s.b.f.s.DefaultListableBeanFactory     : Creating shared instance of singleton bean 'emBeanDefinitionRegistrarPostProcessor'
2025-04-05T02:02:01.367+05:30 DEBUG 14688 --- [LoginSignup] [main] o.s.b.f.s.DefaultListableBeanFactory     : Creating shared instance of singleton bean 'org.springframework.boot.sql.init.dependency.DatabaseInitializationDependencyConfigurer$DependsOnDatabaseInitializationPostProcessor'
2025-04-05T02:02:01.422+05:30 DEBUG 14688 --- [LoginSignup] [main] o.s.b.f.s.DefaultListableBeanFactory     : Creating shared instance of singleton bean 'org.springframework.context.event.internalEventListenerProcessor'
2025-04-05T02:02:01.424+05:30 DEBUG 14688 --- [LoginSignup] [main] o.s.b.f.s.DefaultListableBeanFactory     : Creating shared instance of singleton bean 'preserveErrorControllerTargetClassPostProcessor'
2025-04-05T02:02:01.425+05:30 DEBUG 14688 --- [LoginSignup] [main] o.s.b.f.s.DefaultListableBeanFactory     : Creating shared instance of singleton bean 'conversionServicePostProcessor'
2025-04-05T02:02:01.433+05:30 DEBUG 14688 --- [LoginSignup] [main] o.s.b.f.s.DefaultListableBeanFactory     : Creating shared instance of singleton bean 'org.springframework.context.event.internalEventListenerFactory'
2025-04-05T02:02:01.434+05:30 DEBUG 14688 --- [LoginSignup] [main] o.s.b.f.s.DefaultListableBeanFactory     : Creating shared instance of singleton bean 'org.springframework.transaction.config.internalTransactionalEventListenerFactory'
2025-04-05T02:02:01.439+05:30 DEBUG 14688 --- [LoginSignup] [main] o.s.b.f.s.DefaultListableBeanFactory     : Creating shared instance of singleton bean 'org.springframework.context.annotation.internalAutowiredAnnotationProcessor'
2025-04-05T02:02:01.442+05:30 DEBUG 14688 --- [LoginSignup] [main] o.s.b.f.s.DefaultListableBeanFactory     : Creating shared instance of singleton bean 'org.springframework.context.annotation.internalCommonAnnotationProcessor'
2025-04-05T02:02:01.447+05:30 DEBUG 14688 --- [LoginSignup] [main] o.s.b.f.s.DefaultListableBeanFactory     : Creating shared instance of singleton bean 'org.springframework.context.annotation.internalPersistenceAnnotationProcessor'
2025-04-05T02:02:01.448+05:30 DEBUG 14688 --- [LoginSignup] [main] o.s.b.f.s.DefaultListableBeanFactory     : Creating shared instance of singleton bean 'org.springframework.boot.context.properties.ConfigurationPropertiesBindingPostProcessor'
2025-04-05T02:02:01.448+05:30 DEBUG 14688 --- [LoginSignup] [main] o.s.b.f.s.DefaultListableBeanFactory     : Creating shared instance of singleton bean 'org.springframework.boot.context.internalConfigurationPropertiesBinder'
2025-04-05T02:02:01.451+05:30 DEBUG 14688 --- [LoginSignup] [main] o.s.b.f.s.DefaultListableBeanFactory     : Creating shared instance of singleton bean 'jdbcConnectionDetailsHikariBeanPostProcessor'
2025-04-05T02:02:01.456+05:30 DEBUG 14688 --- [LoginSignup] [main] o.s.b.f.s.DefaultListableBeanFactory     : Creating shared instance of singleton bean 'org.springframework.aop.config.internalAutoProxyCreator'
2025-04-05T02:02:01.486+05:30 DEBUG 14688 --- [LoginSignup] [main] o.s.b.f.s.DefaultListableBeanFactory     : Creating shared instance of singleton bean 'persistenceExceptionTranslationPostProcessor'
2025-04-05T02:02:01.488+05:30 DEBUG 14688 --- [LoginSignup] [main] o.s.b.f.s.DefaultListableBeanFactory     : Autowiring by type from bean name 'persistenceExceptionTranslationPostProcessor' via factory method to bean named 'environment'
2025-04-05T02:02:01.493+05:30 DEBUG 14688 --- [LoginSignup] [main] o.s.b.f.s.DefaultListableBeanFactory     : Creating shared instance of singleton bean 'webServerFactoryCustomizerBeanPostProcessor'
2025-04-05T02:02:01.494+05:30 DEBUG 14688 --- [LoginSignup] [main] o.s.b.f.s.DefaultListableBeanFactory     : Creating shared instance of singleton bean 'errorPageRegistrarBeanPostProcessor'
2025-04-05T02:02:01.495+05:30 DEBUG 14688 --- [LoginSignup] [main] o.s.b.f.s.DefaultListableBeanFactory     : Creating shared instance of singleton bean 'projectingArgumentResolverBeanPostProcessor'
2025-04-05T02:02:01.496+05:30 DEBUG 14688 --- [LoginSignup] [main] o.s.b.f.s.DefaultListableBeanFactory     : Creating shared instance of singleton bean 'org.springframework.transaction.config.internalTransactionAdvisor'
2025-04-05T02:02:01.497+05:30 DEBUG 14688 --- [LoginSignup] [main] o.s.b.f.s.DefaultListableBeanFactory     : Creating shared instance of singleton bean 'org.springframework.transaction.annotation.ProxyTransactionManagementConfiguration'
2025-04-05T02:02:01.523+05:30 DEBUG 14688 --- [LoginSignup] [main] o.s.b.f.s.DefaultListableBeanFactory     : Creating shared instance of singleton bean 'transactionAttributeSource'
2025-04-05T02:02:01.530+05:30 DEBUG 14688 --- [LoginSignup] [main] o.s.b.f.s.DefaultListableBeanFactory     : Creating shared instance of singleton bean 'transactionInterceptor'
2025-04-05T02:02:01.531+05:30 DEBUG 14688 --- [LoginSignup] [main] o.s.b.f.s.DefaultListableBeanFactory     : Autowiring by type from bean name 'transactionInterceptor' via factory method to bean named 'transactionAttributeSource'
2025-04-05T02:02:01.540+05:30 DEBUG 14688 --- [LoginSignup] [main] o.s.b.f.s.DefaultListableBeanFactory     : Autowiring by type from bean name 'org.springframework.transaction.config.internalTransactionAdvisor' via factory method to bean named 'transactionAttributeSource'
2025-04-05T02:02:01.541+05:30 DEBUG 14688 --- [LoginSignup] [main] o.s.b.f.s.DefaultListableBeanFactory     : Autowiring by type from bean name 'org.springframework.transaction.config.internalTransactionAdvisor' via factory method to bean named 'transactionInterceptor'
2025-04-05T02:02:01.573+05:30 DEBUG 14688 --- [LoginSignup] [main] o.s.u.c.s.UiApplicationContextUtils      : Unable to locate ThemeSource with name 'themeSource': using default [org.springframework.ui.context.support.ResourceBundleThemeSource@25ad4f71]
2025-04-05T02:02:01.575+05:30 DEBUG 14688 --- [LoginSignup] [main] o.s.b.f.s.DefaultListableBeanFactory     : Creating shared instance of singleton bean 'tomcatServletWebServerFactory'
2025-04-05T02:02:01.575+05:30 DEBUG 14688 --- [LoginSignup] [main] o.s.b.f.s.DefaultListableBeanFactory     : Creating shared instance of singleton bean 'org.springframework.boot.autoconfigure.web.servlet.ServletWebServerFactoryConfiguration$EmbeddedTomcat'
2025-04-05T02:02:01.601+05:30 DEBUG 14688 --- [LoginSignup] [main] o.s.b.f.s.DefaultListableBeanFactory     : Creating shared instance of singleton bean 'websocketServletWebServerCustomizer'
2025-04-05T02:02:01.602+05:30 DEBUG 14688 --- [LoginSignup] [main] o.s.b.f.s.DefaultListableBeanFactory     : Creating shared instance of singleton bean 'org.springframework.boot.autoconfigure.websocket.servlet.WebSocketServletAutoConfiguration$TomcatWebSocketConfiguration'
2025-04-05T02:02:01.604+05:30 DEBUG 14688 --- [LoginSignup] [main] o.s.b.f.s.DefaultListableBeanFactory     : Creating shared instance of singleton bean 'servletWebServerFactoryCustomizer'
2025-04-05T02:02:01.604+05:30 DEBUG 14688 --- [LoginSignup] [main] o.s.b.f.s.DefaultListableBeanFactory     : Creating shared instance of singleton bean 'org.springframework.boot.autoconfigure.web.servlet.ServletWebServerFactoryAutoConfiguration'
2025-04-05T02:02:01.606+05:30 DEBUG 14688 --- [LoginSignup] [main] o.s.b.f.s.DefaultListableBeanFactory     : Creating shared instance of singleton bean 'server-org.springframework.boot.autoconfigure.web.ServerProperties'
2025-04-05T02:02:01.616+05:30 DEBUG 14688 --- [LoginSignup] [main] o.s.b.f.s.DefaultListableBeanFactory     : Creating shared instance of singleton bean 'org.springframework.boot.context.properties.BoundConfigurationProperties'
2025-04-05T02:02:01.628+05:30 DEBUG 14688 --- [LoginSignup] [main] o.s.b.f.s.DefaultListableBeanFactory     : Autowiring by type from bean name 'servletWebServerFactoryCustomizer' via factory method to bean named 'server-org.springframework.boot.autoconfigure.web.ServerProperties'
2025-04-05T02:02:01.631+05:30 DEBUG 14688 --- [LoginSignup] [main] o.s.b.f.s.DefaultListableBeanFactory     : Creating shared instance of singleton bean 'sslBundleRegistry'
2025-04-05T02:02:01.632+05:30 DEBUG 14688 --- [LoginSignup] [main] o.s.b.f.s.DefaultListableBeanFactory     : Creating shared instance of singleton bean 'org.springframework.boot.autoconfigure.ssl.SslAutoConfiguration'
2025-04-05T02:02:01.633+05:30 DEBUG 14688 --- [LoginSignup] [main] o.s.b.f.s.DefaultListableBeanFactory     : Creating shared instance of singleton bean 'spring.ssl-org.springframework.boot.autoconfigure.ssl.SslProperties'
2025-04-05T02:02:01.636+05:30 DEBUG 14688 --- [LoginSignup] [main] o.s.b.f.s.DefaultListableBeanFactory     : Autowiring by type from bean name 'org.springframework.boot.autoconfigure.ssl.SslAutoConfiguration' via constructor to bean named 'org.springframework.boot.web.servlet.context.AnnotationConfigServletWebServerApplicationContext@3b8f0a79'
2025-04-05T02:02:01.636+05:30 DEBUG 14688 --- [LoginSignup] [main] o.s.b.f.s.DefaultListableBeanFactory     : Autowiring by type from bean name 'org.springframework.boot.autoconfigure.ssl.SslAutoConfiguration' via constructor to bean named 'spring.ssl-org.springframework.boot.autoconfigure.ssl.SslProperties'
2025-04-05T02:02:01.638+05:30 DEBUG 14688 --- [LoginSignup] [main] o.s.b.f.s.DefaultListableBeanFactory     : Creating shared instance of singleton bean 'sslPropertiesSslBundleRegistrar'
2025-04-05T02:02:01.639+05:30 DEBUG 14688 --- [LoginSignup] [main] o.s.b.f.s.DefaultListableBeanFactory     : Creating shared instance of singleton bean 'fileWatcher'
2025-04-05T02:02:01.641+05:30 DEBUG 14688 --- [LoginSignup] [main] o.s.b.f.s.DefaultListableBeanFactory     : Autowiring by type from bean name 'sslPropertiesSslBundleRegistrar' via factory method to bean named 'fileWatcher'
2025-04-05T02:02:01.650+05:30 DEBUG 14688 --- [LoginSignup] [main] o.s.b.f.s.DefaultListableBeanFactory     : Creating shared instance of singleton bean 'tomcatServletWebServerFactoryCustomizer'
2025-04-05T02:02:01.651+05:30 DEBUG 14688 --- [LoginSignup] [main] o.s.b.f.s.DefaultListableBeanFactory     : Autowiring by type from bean name 'tomcatServletWebServerFactoryCustomizer' via factory method to bean named 'server-org.springframework.boot.autoconfigure.web.ServerProperties'
2025-04-05T02:02:01.653+05:30 DEBUG 14688 --- [LoginSignup] [main] o.s.b.f.s.DefaultListableBeanFactory     : Creating shared instance of singleton bean 'tomcatWebServerFactoryCustomizer'
2025-04-05T02:02:01.653+05:30 DEBUG 14688 --- [LoginSignup] [main] o.s.b.f.s.DefaultListableBeanFactory     : Creating shared instance of singleton bean 'org.springframework.boot.autoconfigure.web.embedded.EmbeddedWebServerFactoryCustomizerAutoConfiguration$TomcatWebServerFactoryCustomizerConfiguration'
2025-04-05T02:02:01.655+05:30 DEBUG 14688 --- [LoginSignup] [main] o.s.b.f.s.DefaultListableBeanFactory     : Autowiring by type from bean name 'tomcatWebServerFactoryCustomizer' via factory method to bean named 'environment'
2025-04-05T02:02:01.655+05:30 DEBUG 14688 --- [LoginSignup] [main] o.s.b.f.s.DefaultListableBeanFactory     : Autowiring by type from bean name 'tomcatWebServerFactoryCustomizer' via factory method to bean named 'server-org.springframework.boot.autoconfigure.web.ServerProperties'
2025-04-05T02:02:01.659+05:30 DEBUG 14688 --- [LoginSignup] [main] o.s.b.f.s.DefaultListableBeanFactory     : Creating shared instance of singleton bean 'localeCharsetMappingsCustomizer'
2025-04-05T02:02:01.659+05:30 DEBUG 14688 --- [LoginSignup] [main] o.s.b.f.s.DefaultListableBeanFactory     : Creating shared instance of singleton bean 'org.springframework.boot.autoconfigure.web.servlet.HttpEncodingAutoConfiguration'
2025-04-05T02:02:01.660+05:30 DEBUG 14688 --- [LoginSignup] [main] o.s.b.f.s.DefaultListableBeanFactory     : Autowiring by type from bean name 'org.springframework.boot.autoconfigure.web.servlet.HttpEncodingAutoConfiguration' via constructor to bean named 'server-org.springframework.boot.autoconfigure.web.ServerProperties'
2025-04-05T02:02:01.724+05:30 DEBUG 14688 --- [LoginSignup] [main] o.s.b.f.s.DefaultListableBeanFactory     : Creating shared instance of singleton bean 'errorPageCustomizer'
2025-04-05T02:02:01.725+05:30 DEBUG 14688 --- [LoginSignup] [main] o.s.b.f.s.DefaultListableBeanFactory     : Creating shared instance of singleton bean 'org.springframework.boot.autoconfigure.web.servlet.error.ErrorMvcAutoConfiguration'
2025-04-05T02:02:01.727+05:30 DEBUG 14688 --- [LoginSignup] [main] o.s.b.f.s.DefaultListableBeanFactory     : Autowiring by type from bean name 'org.springframework.boot.autoconfigure.web.servlet.error.ErrorMvcAutoConfiguration' via constructor to bean named 'server-org.springframework.boot.autoconfigure.web.ServerProperties'
2025-04-05T02:02:01.729+05:30 DEBUG 14688 --- [LoginSignup] [main] o.s.b.f.s.DefaultListableBeanFactory     : Creating shared instance of singleton bean 'dispatcherServletRegistration'
2025-04-05T02:02:01.729+05:30 DEBUG 14688 --- [LoginSignup] [main] o.s.b.f.s.DefaultListableBeanFactory     : Creating shared instance of singleton bean 'org.springframework.boot.autoconfigure.web.servlet.DispatcherServletAutoConfiguration$DispatcherServletRegistrationConfiguration'
2025-04-05T02:02:01.730+05:30 DEBUG 14688 --- [LoginSignup] [main] o.s.b.f.s.DefaultListableBeanFactory     : Creating shared instance of singleton bean 'dispatcherServlet'
2025-04-05T02:02:01.731+05:30 DEBUG 14688 --- [LoginSignup] [main] o.s.b.f.s.DefaultListableBeanFactory     : Creating shared instance of singleton bean 'org.springframework.boot.autoconfigure.web.servlet.DispatcherServletAutoConfiguration$DispatcherServletConfiguration'
2025-04-05T02:02:01.733+05:30 DEBUG 14688 --- [LoginSignup] [main] o.s.b.f.s.DefaultListableBeanFactory     : Creating shared instance of singleton bean 'spring.mvc-org.springframework.boot.autoconfigure.web.servlet.WebMvcProperties'
2025-04-05T02:02:01.739+05:30 DEBUG 14688 --- [LoginSignup] [main] o.s.b.f.s.DefaultListableBeanFactory     : Autowiring by type from bean name 'dispatcherServlet' via factory method to bean named 'spring.mvc-org.springframework.boot.autoconfigure.web.servlet.WebMvcProperties'
2025-04-05T02:02:01.762+05:30 DEBUG 14688 --- [LoginSignup] [main] o.s.b.f.s.DefaultListableBeanFactory     : Autowiring by type from bean name 'dispatcherServletRegistration' via factory method to bean named 'dispatcherServlet'
2025-04-05T02:02:01.763+05:30 DEBUG 14688 --- [LoginSignup] [main] o.s.b.f.s.DefaultListableBeanFactory     : Autowiring by type from bean name 'dispatcherServletRegistration' via factory method to bean named 'spring.mvc-org.springframework.boot.autoconfigure.web.servlet.WebMvcProperties'
2025-04-05T02:02:01.767+05:30 DEBUG 14688 --- [LoginSignup] [main] o.s.b.f.s.DefaultListableBeanFactory     : Creating shared instance of singleton bean 'multipartConfigElement'
2025-04-05T02:02:01.767+05:30 DEBUG 14688 --- [LoginSignup] [main] o.s.b.f.s.DefaultListableBeanFactory     : Creating shared instance of singleton bean 'org.springframework.boot.autoconfigure.web.servlet.MultipartAutoConfiguration'
2025-04-05T02:02:01.768+05:30 DEBUG 14688 --- [LoginSignup] [main] o.s.b.f.s.DefaultListableBeanFactory     : Creating shared instance of singleton bean 'spring.servlet.multipart-org.springframework.boot.autoconfigure.web.servlet.MultipartProperties'
2025-04-05T02:02:01.776+05:30 DEBUG 14688 --- [LoginSignup] [main] o.s.b.f.s.DefaultListableBeanFactory     : Autowiring by type from bean name 'org.springframework.boot.autoconfigure.web.servlet.MultipartAutoConfiguration' via constructor to bean named 'spring.servlet.multipart-org.springframework.boot.autoconfigure.web.servlet.MultipartProperties'
2025-04-05T02:02:01.787+05:30 DEBUG 14688 --- [LoginSignup] [main] o.s.b.f.s.DefaultListableBeanFactory     : Autowiring by type from bean name 'errorPageCustomizer' via factory method to bean named 'dispatcherServletRegistration'
2025-04-05T02:02:01.905+05:30 DEBUG 14688 --- [LoginSignup] [main] .s.b.w.e.t.TomcatServletWebServerFactory : Code archive: C:\Users\HP\.m2\repository\org\springframework\boot\spring-boot\3.4.4\spring-boot-3.4.4.jar
2025-04-05T02:02:01.906+05:30 DEBUG 14688 --- [LoginSignup] [main] .s.b.w.e.t.TomcatServletWebServerFactory : Code archive: C:\Users\HP\.m2\repository\org\springframework\boot\spring-boot\3.4.4\spring-boot-3.4.4.jar
2025-04-05T02:02:01.907+05:30 DEBUG 14688 --- [LoginSignup] [main] .s.b.w.e.t.TomcatServletWebServerFactory : None of the document roots [src/main/webapp, public, static] point to a directory and will be ignored.
2025-04-05T02:02:01.940+05:30  INFO 14688 --- [LoginSignup] [main] o.s.b.w.embedded.tomcat.TomcatWebServer  : Tomcat initialized with port 8083 (http)
2025-04-05T02:02:01.947+05:30  INFO 14688 --- [LoginSignup] [main] o.a.catalina.core.AprLifecycleListener   : An older version [1.3.1] of the Apache Tomcat Native library is installed, while Tomcat recommends a minimum version of [2.0.5]
2025-04-05T02:02:01.947+05:30  INFO 14688 --- [LoginSignup] [main] o.a.catalina.core.AprLifecycleListener   : Loaded Apache Tomcat Native library [1.3.1] using APR version [1.7.4].
2025-04-05T02:02:01.954+05:30  INFO 14688 --- [LoginSignup] [main] o.a.catalina.core.AprLifecycleListener   : OpenSSL successfully initialized [OpenSSL 3.0.14 4 Jun 2024]
2025-04-05T02:02:01.975+05:30  INFO 14688 --- [LoginSignup] [main] o.apache.catalina.core.StandardService   : Starting service [Tomcat]
2025-04-05T02:02:01.975+05:30  INFO 14688 --- [LoginSignup] [main] o.apache.catalina.core.StandardEngine    : Starting Servlet engine: [Apache Tomcat/10.1.39]
2025-04-05T02:02:02.073+05:30  INFO 14688 --- [LoginSignup] [main] o.a.c.c.C.[Tomcat].[localhost].[/]       : Initializing Spring embedded WebApplicationContext
2025-04-05T02:02:02.074+05:30 DEBUG 14688 --- [LoginSignup] [main] w.s.c.ServletWebServerApplicationContext : Published root WebApplicationContext as ServletContext attribute with name [org.springframework.web.context.WebApplicationContext.ROOT]
2025-04-05T02:02:02.074+05:30  INFO 14688 --- [LoginSignup] [main] w.s.c.ServletWebServerApplicationContext : Root WebApplicationContext: initialization completed in 1953 ms
2025-04-05T02:02:02.076+05:30 DEBUG 14688 --- [LoginSignup] [main] o.s.b.f.s.DefaultListableBeanFactory     : Creating shared instance of singleton bean 'securityFilterChainRegistration'
2025-04-05T02:02:02.076+05:30 DEBUG 14688 --- [LoginSignup] [main] o.s.b.f.s.DefaultListableBeanFactory     : Creating shared instance of singleton bean 'org.springframework.boot.autoconfigure.security.servlet.SecurityFilterAutoConfiguration'
2025-04-05T02:02:02.078+05:30 DEBUG 14688 --- [LoginSignup] [main] o.s.b.f.s.DefaultListableBeanFactory     : Creating shared instance of singleton bean 'spring.security-org.springframework.boot.autoconfigure.security.SecurityProperties'
2025-04-05T02:02:02.080+05:30 DEBUG 14688 --- [LoginSignup] [main] o.s.b.f.s.DefaultListableBeanFactory     : Autowiring by type from bean name 'securityFilterChainRegistration' via factory method to bean named 'spring.security-org.springframework.boot.autoconfigure.security.SecurityProperties'
2025-04-05T02:02:02.086+05:30 DEBUG 14688 --- [LoginSignup] [main] o.s.b.f.s.DefaultListableBeanFactory     : Creating shared instance of singleton bean 'requestContextFilter'
2025-04-05T02:02:02.088+05:30 DEBUG 14688 --- [LoginSignup] [main] o.s.b.f.s.DefaultListableBeanFactory     : Creating shared instance of singleton bean 'formContentFilter'
2025-04-05T02:02:02.089+05:30 DEBUG 14688 --- [LoginSignup] [main] o.s.b.f.s.DefaultListableBeanFactory     : Creating shared instance of singleton bean 'org.springframework.boot.autoconfigure.web.servlet.WebMvcAutoConfiguration'
2025-04-05T02:02:02.093+05:30 DEBUG 14688 --- [LoginSignup] [main] o.s.b.f.s.DefaultListableBeanFactory     : Creating shared instance of singleton bean 'characterEncodingFilter'
2025-04-05T02:02:02.103+05:30 DEBUG 14688 --- [LoginSignup] [main] o.s.b.w.s.ServletContextInitializerBeans : Mapping filters: springSecurityFilterChain urls=[/*] order=-100, characterEncodingFilter urls=[/*] order=-2147483648, formContentFilter urls=[/*] order=-9900, requestContextFilter urls=[/*] order=-105
2025-04-05T02:02:02.104+05:30 DEBUG 14688 --- [LoginSignup] [main] o.s.b.w.s.ServletContextInitializerBeans : Mapping servlets: dispatcherServlet urls=[/]
2025-04-05T02:02:02.135+05:30 DEBUG 14688 --- [LoginSignup] [main] o.s.b.w.s.f.OrderedRequestContextFilter  : Filter 'requestContextFilter' configured for use
2025-04-05T02:02:02.138+05:30 DEBUG 14688 --- [LoginSignup] [main] s.b.w.s.f.OrderedCharacterEncodingFilter : Filter 'characterEncodingFilter' configured for use
2025-04-05T02:02:02.138+05:30 DEBUG 14688 --- [LoginSignup] [main] .DelegatingFilterProxyRegistrationBean$1 : Filter 'springSecurityFilterChain' configured for use
2025-04-05T02:02:02.138+05:30 DEBUG 14688 --- [LoginSignup] [main] o.s.b.w.s.f.OrderedFormContentFilter     : Filter 'formContentFilter' configured for use
2025-04-05T02:02:02.152+05:30 DEBUG 14688 --- [LoginSignup] [main] o.s.b.f.s.DefaultListableBeanFactory     : Creating shared instance of singleton bean 'dataSourceScriptDatabaseInitializer'
2025-04-05T02:02:02.153+05:30 DEBUG 14688 --- [LoginSignup] [main] o.s.b.f.s.DefaultListableBeanFactory     : Creating shared instance of singleton bean 'org.springframework.boot.autoconfigure.sql.init.DataSourceInitializationConfiguration'
2025-04-05T02:02:02.155+05:30 DEBUG 14688 --- [LoginSignup] [main] o.s.b.f.s.DefaultListableBeanFactory     : Creating shared instance of singleton bean 'dataSource'
2025-04-05T02:02:02.155+05:30 DEBUG 14688 --- [LoginSignup] [main] o.s.b.f.s.DefaultListableBeanFactory     : Creating shared instance of singleton bean 'org.springframework.boot.autoconfigure.jdbc.DataSourceConfiguration$Hikari'
2025-04-05T02:02:02.156+05:30 DEBUG 14688 --- [LoginSignup] [main] o.s.b.f.s.DefaultListableBeanFactory     : Creating shared instance of singleton bean 'spring.datasource-org.springframework.boot.autoconfigure.jdbc.DataSourceProperties'
2025-04-05T02:02:02.169+05:30 DEBUG 14688 --- [LoginSignup] [main] o.s.b.f.s.DefaultListableBeanFactory     : Creating shared instance of singleton bean 'jdbcConnectionDetails'
2025-04-05T02:02:02.170+05:30 DEBUG 14688 --- [LoginSignup] [main] o.s.b.f.s.DefaultListableBeanFactory     : Creating shared instance of singleton bean 'org.springframework.boot.autoconfigure.jdbc.DataSourceAutoConfiguration$PooledDataSourceConfiguration'
2025-04-05T02:02:02.172+05:30 DEBUG 14688 --- [LoginSignup] [main] o.s.b.f.s.DefaultListableBeanFactory     : Autowiring by type from bean name 'jdbcConnectionDetails' via factory method to bean named 'spring.datasource-org.springframework.boot.autoconfigure.jdbc.DataSourceProperties'
2025-04-05T02:02:02.173+05:30 DEBUG 14688 --- [LoginSignup] [main] o.s.b.f.s.DefaultListableBeanFactory     : Autowiring by type from bean name 'dataSource' via factory method to bean named 'spring.datasource-org.springframework.boot.autoconfigure.jdbc.DataSourceProperties'
2025-04-05T02:02:02.174+05:30 DEBUG 14688 --- [LoginSignup] [main] o.s.b.f.s.DefaultListableBeanFactory     : Autowiring by type from bean name 'dataSource' via factory method to bean named 'jdbcConnectionDetails'
2025-04-05T02:02:02.204+05:30 DEBUG 14688 --- [LoginSignup] [main] o.s.b.f.s.DefaultListableBeanFactory     : Creating shared instance of singleton bean 'spring.sql.init-org.springframework.boot.autoconfigure.sql.init.SqlInitializationProperties'
2025-04-05T02:02:02.209+05:30 DEBUG 14688 --- [LoginSignup] [main] o.s.b.f.s.DefaultListableBeanFactory     : Autowiring by type from bean name 'dataSourceScriptDatabaseInitializer' via factory method to bean named 'dataSource'
2025-04-05T02:02:02.210+05:30 DEBUG 14688 --- [LoginSignup] [main] o.s.b.f.s.DefaultListableBeanFactory     : Autowiring by type from bean name 'dataSourceScriptDatabaseInitializer' via factory method to bean named 'spring.sql.init-org.springframework.boot.autoconfigure.sql.init.SqlInitializationProperties'
2025-04-05T02:02:02.218+05:30 DEBUG 14688 --- [LoginSignup] [main] o.s.b.f.s.DefaultListableBeanFactory     : Creating shared instance of singleton bean 'entityManagerFactory'
2025-04-05T02:02:02.219+05:30 DEBUG 14688 --- [LoginSignup] [main] o.s.b.f.s.DefaultListableBeanFactory     : Creating shared instance of singleton bean 'org.springframework.boot.autoconfigure.orm.jpa.HibernateJpaConfiguration'
2025-04-05T02:02:02.221+05:30 DEBUG 14688 --- [LoginSignup] [main] o.s.b.f.s.DefaultListableBeanFactory     : Creating shared instance of singleton bean 'spring.jpa-org.springframework.boot.autoconfigure.orm.jpa.JpaProperties'
2025-04-05T02:02:02.228+05:30 DEBUG 14688 --- [LoginSignup] [main] o.s.b.f.s.DefaultListableBeanFactory     : Creating shared instance of singleton bean 'spring.jpa.hibernate-org.springframework.boot.autoconfigure.orm.jpa.HibernateProperties'
2025-04-05T02:02:02.230+05:30 DEBUG 14688 --- [LoginSignup] [main] o.s.b.f.s.DefaultListableBeanFactory     : Autowiring by type from bean name 'org.springframework.boot.autoconfigure.orm.jpa.HibernateJpaConfiguration' via constructor to bean named 'dataSource'
2025-04-05T02:02:02.230+05:30 DEBUG 14688 --- [LoginSignup] [main] o.s.b.f.s.DefaultListableBeanFactory     : Autowiring by type from bean name 'org.springframework.boot.autoconfigure.orm.jpa.HibernateJpaConfiguration' via constructor to bean named 'spring.jpa-org.springframework.boot.autoconfigure.orm.jpa.JpaProperties'
2025-04-05T02:02:02.230+05:30 DEBUG 14688 --- [LoginSignup] [main] o.s.b.f.s.DefaultListableBeanFactory     : Autowiring by type from bean name 'org.springframework.boot.autoconfigure.orm.jpa.HibernateJpaConfiguration' via constructor to bean named 'org.springframework.beans.factory.support.DefaultListableBeanFactory@a43ce46'
2025-04-05T02:02:02.230+05:30 DEBUG 14688 --- [LoginSignup] [main] o.s.b.f.s.DefaultListableBeanFactory     : Autowiring by type from bean name 'org.springframework.boot.autoconfigure.orm.jpa.HibernateJpaConfiguration' via constructor to bean named 'spring.jpa.hibernate-org.springframework.boot.autoconfigure.orm.jpa.HibernateProperties'
2025-04-05T02:02:02.235+05:30 DEBUG 14688 --- [LoginSignup] [main] o.s.b.f.s.DefaultListableBeanFactory     : Creating shared instance of singleton bean 'hikariPoolDataSourceMetadataProvider'
2025-04-05T02:02:02.236+05:30 DEBUG 14688 --- [LoginSignup] [main] o.s.b.f.s.DefaultListableBeanFactory     : Creating shared instance of singleton bean 'org.springframework.boot.autoconfigure.jdbc.metadata.DataSourcePoolMetadataProvidersConfiguration$HikariPoolDataSourceMetadataProviderConfiguration'
2025-04-05T02:02:02.241+05:30 DEBUG 14688 --- [LoginSignup] [main] o.s.b.f.s.DefaultListableBeanFactory     : Creating shared instance of singleton bean 'entityManagerFactoryBuilder'
2025-04-05T02:02:02.245+05:30 DEBUG 14688 --- [LoginSignup] [main] o.s.b.f.s.DefaultListableBeanFactory     : Creating shared instance of singleton bean 'jpaVendorAdapter'
2025-04-05T02:02:02.267+05:30 DEBUG 14688 --- [LoginSignup] [main] o.s.b.f.s.DefaultListableBeanFactory     : Autowiring by type from bean name 'entityManagerFactoryBuilder' via factory method to bean named 'jpaVendorAdapter'
2025-04-05T02:02:02.272+05:30 DEBUG 14688 --- [LoginSignup] [main] o.s.b.f.s.DefaultListableBeanFactory     : Creating shared instance of singleton bean 'persistenceManagedTypes'
2025-04-05T02:02:02.274+05:30 DEBUG 14688 --- [LoginSignup] [main] o.s.b.f.s.DefaultListableBeanFactory     : Autowiring by type from bean name 'persistenceManagedTypes' via factory method to bean named 'org.springframework.beans.factory.support.DefaultListableBeanFactory@a43ce46'
2025-04-05T02:02:02.275+05:30 DEBUG 14688 --- [LoginSignup] [main] o.s.b.f.s.DefaultListableBeanFactory     : Autowiring by type from bean name 'persistenceManagedTypes' via factory method to bean named 'org.springframework.boot.web.servlet.context.AnnotationConfigServletWebServerApplicationContext@3b8f0a79'
2025-04-05T02:02:02.287+05:30 DEBUG 14688 --- [LoginSignup] [main] o.s.b.f.s.DefaultListableBeanFactory     : Autowiring by type from bean name 'entityManagerFactory' via factory method to bean named 'entityManagerFactoryBuilder'
2025-04-05T02:02:02.288+05:30 DEBUG 14688 --- [LoginSignup] [main] o.s.b.f.s.DefaultListableBeanFactory     : Autowiring by type from bean name 'entityManagerFactory' via factory method to bean named 'persistenceManagedTypes'
2025-04-05T02:02:02.305+05:30 DEBUG 14688 --- [LoginSignup] [main] j.LocalContainerEntityManagerFactoryBean : Building JPA container EntityManagerFactory for persistence unit 'default'
2025-04-05T02:02:02.332+05:30  INFO 14688 --- [LoginSignup] [main] o.hibernate.jpa.internal.util.LogHelper  : HHH000204: Processing PersistenceUnitInfo [name: default]
2025-04-05T02:02:02.446+05:30  INFO 14688 --- [LoginSignup] [main] org.hibernate.Version                    : HHH000412: Hibernate ORM core version 6.6.11.Final
2025-04-05T02:02:02.506+05:30  INFO 14688 --- [LoginSignup] [main] o.h.c.internal.RegionFactoryInitiator    : HHH000026: Second-level cache disabled
2025-04-05T02:02:02.937+05:30  INFO 14688 --- [LoginSignup] [main] o.s.o.j.p.SpringPersistenceUnitInfo      : No LoadTimeWeaver setup: ignoring JPA class transformer
2025-04-05T02:02:02.984+05:30  INFO 14688 --- [LoginSignup] [main] com.zaxxer.hikari.HikariDataSource       : HikariPool-1 - Starting...
2025-04-05T02:02:03.368+05:30  INFO 14688 --- [LoginSignup] [main] com.zaxxer.hikari.pool.HikariPool        : HikariPool-1 - Added connection com.mysql.cj.jdbc.ConnectionImpl@2c2a7d53
2025-04-05T02:02:03.371+05:30  INFO 14688 --- [LoginSignup] [main] com.zaxxer.hikari.HikariDataSource       : HikariPool-1 - Start completed.
2025-04-05T02:02:03.424+05:30  WARN 14688 --- [LoginSignup] [main] org.hibernate.orm.deprecation            : HHH90000025: MySQL8Dialect does not need to be specified explicitly using 'hibernate.dialect' (remove the property setting and it will be selected by default)
2025-04-05T02:02:03.425+05:30  WARN 14688 --- [LoginSignup] [main] org.hibernate.orm.deprecation            : HHH90000026: MySQL8Dialect has been deprecated; use org.hibernate.dialect.MySQLDialect instead
2025-04-05T02:02:03.447+05:30  INFO 14688 --- [LoginSignup] [main] org.hibernate.orm.connections.pooling    : HHH10001005: Database info:
	Database JDBC URL [Connecting through datasource 'HikariDataSource (HikariPool-1)']
	Database driver: undefined/unknown
	Database version: 8.0
	Autocommit mode: undefined/unknown
	Isolation level: undefined/unknown
	Minimum pool size: undefined/unknown
	Maximum pool size: undefined/unknown
2025-04-05T02:02:04.355+05:30  INFO 14688 --- [LoginSignup] [main] o.h.e.t.j.p.i.JtaPlatformInitiator       : HHH000489: No JTA platform available (set 'hibernate.transaction.jta.platform' to enable JTA platform integration)
2025-04-05T02:02:04.418+05:30  INFO 14688 --- [LoginSignup] [main] j.LocalContainerEntityManagerFactoryBean : Initialized JPA EntityManagerFactory for persistence unit 'default'
2025-04-05T02:02:04.425+05:30 DEBUG 14688 --- [LoginSignup] [main] o.s.b.f.s.DefaultListableBeanFactory     : Creating shared instance of singleton bean 'loginSignupApplication'
2025-04-05T02:02:04.426+05:30 DEBUG 14688 --- [LoginSignup] [main] o.s.b.f.s.DefaultListableBeanFactory     : Creating shared instance of singleton bean 'jwtUtil'
2025-04-05T02:02:04.428+05:30 DEBUG 14688 --- [LoginSignup] [main] o.s.b.f.s.DefaultListableBeanFactory     : Creating shared instance of singleton bean 'userConfiguration'
2025-04-05T02:02:04.429+05:30 DEBUG 14688 --- [LoginSignup] [main] o.s.b.f.s.DefaultListableBeanFactory     : Creating shared instance of singleton bean 'userController'
2025-04-05T02:02:04.435+05:30 DEBUG 14688 --- [LoginSignup] [main] o.s.b.f.s.DefaultListableBeanFactory     : Creating shared instance of singleton bean 'userService'
2025-04-05T02:02:04.436+05:30 DEBUG 14688 --- [LoginSignup] [main] o.s.b.f.s.DefaultListableBeanFactory     : Creating shared instance of singleton bean 'userRepository'
2025-04-05T02:02:04.445+05:30 DEBUG 14688 --- [LoginSignup] [main] o.s.b.f.s.DefaultListableBeanFactory     : Creating shared instance of singleton bean 'jpa.named-queries#0'
2025-04-05T02:02:04.450+05:30 DEBUG 14688 --- [LoginSignup] [main] o.s.b.f.s.DefaultListableBeanFactory     : Creating shared instance of singleton bean 'jpa.UserRepository.fragments#0'
2025-04-05T02:02:04.457+05:30 DEBUG 14688 --- [LoginSignup] [main] o.s.b.f.s.DefaultListableBeanFactory     : Creating shared instance of singleton bean 'jpaSharedEM_entityManagerFactory'
2025-04-05T02:02:04.501+05:30 DEBUG 14688 --- [LoginSignup] [main] o.s.b.f.s.DefaultListableBeanFactory     : Creating shared instance of singleton bean 'jpaMappingContext'
2025-04-05T02:02:04.502+05:30 DEBUG 14688 --- [LoginSignup] [main] .c.JpaMetamodelMappingContextFactoryBean : Initializing JpaMetamodelMappingContext…
2025-04-05T02:02:04.524+05:30 DEBUG 14688 --- [LoginSignup] [main] .c.JpaMetamodelMappingContextFactoryBean : Finished initializing JpaMetamodelMappingContext
2025-04-05T02:02:04.577+05:30 DEBUG 14688 --- [LoginSignup] [main] tor$SharedEntityManagerInvocationHandler : Creating new EntityManager for shared EntityManager invocation
2025-04-05T02:02:04.645+05:30 DEBUG 14688 --- [LoginSignup] [main] tor$SharedEntityManagerInvocationHandler : Creating new EntityManager for shared EntityManager invocation
2025-04-05T02:02:04.707+05:30 DEBUG 14688 --- [LoginSignup] [main] o.s.d.r.c.s.RepositoryFactorySupport     : Initializing repository instance for com.example.LoginSignup.repository.UserRepository…
2025-04-05T02:02:04.722+05:30 DEBUG 14688 --- [LoginSignup] [main] tor$SharedEntityManagerInvocationHandler : Creating new EntityManager for shared EntityManager invocation
2025-04-05T02:02:04.769+05:30 DEBUG 14688 --- [LoginSignup] [main] o.s.d.jpa.repository.query.NamedQuery    : Looking up named query 'UserModel.findByEmail'
2025-04-05T02:02:04.772+05:30 DEBUG 14688 --- [LoginSignup] [main] o.s.d.jpa.repository.query.NamedQuery    : Did not find named query UserModel.findByEmail
2025-04-05T02:02:04.775+05:30 DEBUG 14688 --- [LoginSignup] [main] tor$SharedEntityManagerInvocationHandler : Creating new EntityManager for shared EntityManager invocation
2025-04-05T02:02:04.868+05:30 DEBUG 14688 --- [LoginSignup] [main] o.s.d.r.c.s.RepositoryFactorySupport     : Finished creation of repository instance for com.example.LoginSignup.repository.UserRepository.
2025-04-05T02:02:04.874+05:30 DEBUG 14688 --- [LoginSignup] [main] o.s.b.f.s.DefaultListableBeanFactory     : Creating shared instance of singleton bean 'passwordEncoder'
2025-04-05T02:02:04.879+05:30 DEBUG 14688 --- [LoginSignup] [main] o.s.b.f.s.DefaultListableBeanFactory     : Autowiring by type from bean name 'userService' via constructor to bean named 'userRepository'
2025-04-05T02:02:04.879+05:30 DEBUG 14688 --- [LoginSignup] [main] o.s.b.f.s.DefaultListableBeanFactory     : Autowiring by type from bean name 'userService' via constructor to bean named 'jwtUtil'
2025-04-05T02:02:04.879+05:30 DEBUG 14688 --- [LoginSignup] [main] o.s.b.f.s.DefaultListableBeanFactory     : Autowiring by type from bean name 'userService' via constructor to bean named 'passwordEncoder'
2025-04-05T02:02:04.881+05:30 DEBUG 14688 --- [LoginSignup] [main] o.s.b.f.s.DefaultListableBeanFactory     : Creating shared instance of singleton bean 'customUserDetailsService'
2025-04-05T02:02:04.883+05:30 DEBUG 14688 --- [LoginSignup] [main] o.s.b.f.s.DefaultListableBeanFactory     : Autowiring by type from bean name 'customUserDetailsService' via constructor to bean named 'userRepository'
2025-04-05T02:02:04.884+05:30 DEBUG 14688 --- [LoginSignup] [main] o.s.b.f.s.DefaultListableBeanFactory     : Creating shared instance of singleton bean 'securityFilterChain'
2025-04-05T02:02:04.884+05:30 DEBUG 14688 --- [LoginSignup] [main] o.s.b.f.s.DefaultListableBeanFactory     : Creating shared instance of singleton bean 'org.springframework.security.config.annotation.web.configuration.HttpSecurityConfiguration'
2025-04-05T02:02:04.890+05:30 DEBUG 14688 --- [LoginSignup] [main] o.s.b.f.s.DefaultListableBeanFactory     : Creating shared instance of singleton bean 'objectPostProcessor'
2025-04-05T02:02:04.891+05:30 DEBUG 14688 --- [LoginSignup] [main] o.s.b.f.s.DefaultListableBeanFactory     : Creating shared instance of singleton bean 'org.springframework.security.config.annotation.configuration.ObjectPostProcessorConfiguration'
2025-04-05T02:02:04.892+05:30 DEBUG 14688 --- [LoginSignup] [main] o.s.b.f.s.DefaultListableBeanFactory     : Autowiring by type from bean name 'objectPostProcessor' via factory method to bean named 'org.springframework.beans.factory.support.DefaultListableBeanFactory@a43ce46'
2025-04-05T02:02:04.895+05:30 DEBUG 14688 --- [LoginSignup] [main] o.s.b.f.s.DefaultListableBeanFactory     : Creating shared instance of singleton bean 'org.springframework.security.config.annotation.authentication.configuration.AuthenticationConfiguration'
2025-04-05T02:02:04.898+05:30 DEBUG 14688 --- [LoginSignup] [main] o.s.b.f.s.DefaultListableBeanFactory     : Creating shared instance of singleton bean 'enableGlobalAuthenticationAutowiredConfigurer'
2025-04-05T02:02:04.898+05:30 DEBUG 14688 --- [LoginSignup] [main] o.s.b.f.s.DefaultListableBeanFactory     : Autowiring by type from bean name 'enableGlobalAuthenticationAutowiredConfigurer' via factory method to bean named 'org.springframework.boot.web.servlet.context.AnnotationConfigServletWebServerApplicationContext@3b8f0a79'
2025-04-05T02:02:04.900+05:30 DEBUG 14688 --- [LoginSignup] [main] o.s.b.f.s.DefaultListableBeanFactory     : Creating shared instance of singleton bean 'initializeUserDetailsBeanManagerConfigurer'
2025-04-05T02:02:04.900+05:30 DEBUG 14688 --- [LoginSignup] [main] o.s.b.f.s.DefaultListableBeanFactory     : Autowiring by type from bean name 'initializeUserDetailsBeanManagerConfigurer' via factory method to bean named 'org.springframework.boot.web.servlet.context.AnnotationConfigServletWebServerApplicationContext@3b8f0a79'
2025-04-05T02:02:04.901+05:30 DEBUG 14688 --- [LoginSignup] [main] o.s.b.f.s.DefaultListableBeanFactory     : Creating shared instance of singleton bean 'initializeAuthenticationProviderBeanManagerConfigurer'
2025-04-05T02:02:04.902+05:30 DEBUG 14688 --- [LoginSignup] [main] o.s.b.f.s.DefaultListableBeanFactory     : Autowiring by type from bean name 'initializeAuthenticationProviderBeanManagerConfigurer' via factory method to bean named 'org.springframework.boot.web.servlet.context.AnnotationConfigServletWebServerApplicationContext@3b8f0a79'
2025-04-05T02:02:04.905+05:30 DEBUG 14688 --- [LoginSignup] [main] o.s.b.f.s.DefaultListableBeanFactory     : Creating shared instance of singleton bean 'mvcContentNegotiationManager'
2025-04-05T02:02:04.905+05:30 DEBUG 14688 --- [LoginSignup] [main] o.s.b.f.s.DefaultListableBeanFactory     : Creating shared instance of singleton bean 'org.springframework.boot.autoconfigure.web.servlet.WebMvcAutoConfiguration$EnableWebMvcConfiguration'
2025-04-05T02:02:04.906+05:30 DEBUG 14688 --- [LoginSignup] [main] o.s.b.f.s.DefaultListableBeanFactory     : Creating shared instance of singleton bean 'spring.web-org.springframework.boot.autoconfigure.web.WebProperties'
2025-04-05T02:02:04.912+05:30 DEBUG 14688 --- [LoginSignup] [main] o.s.b.f.s.DefaultListableBeanFactory     : Autowiring by type from bean name 'org.springframework.boot.autoconfigure.web.servlet.WebMvcAutoConfiguration$EnableWebMvcConfiguration' via constructor to bean named 'spring.mvc-org.springframework.boot.autoconfigure.web.servlet.WebMvcProperties'
2025-04-05T02:02:04.912+05:30 DEBUG 14688 --- [LoginSignup] [main] o.s.b.f.s.DefaultListableBeanFactory     : Autowiring by type from bean name 'org.springframework.boot.autoconfigure.web.servlet.WebMvcAutoConfiguration$EnableWebMvcConfiguration' via constructor to bean named 'spring.web-org.springframework.boot.autoconfigure.web.WebProperties'
2025-04-05T02:02:04.912+05:30 DEBUG 14688 --- [LoginSignup] [main] o.s.b.f.s.DefaultListableBeanFactory     : Autowiring by type from bean name 'org.springframework.boot.autoconfigure.web.servlet.WebMvcAutoConfiguration$EnableWebMvcConfiguration' via constructor to bean named 'org.springframework.beans.factory.support.DefaultListableBeanFactory@a43ce46'
2025-04-05T02:02:04.918+05:30 DEBUG 14688 --- [LoginSignup] [main] o.s.b.f.s.DefaultListableBeanFactory     : Creating shared instance of singleton bean 'org.springframework.boot.autoconfigure.web.servlet.WebMvcAutoConfiguration$WebMvcAutoConfigurationAdapter'
2025-04-05T02:02:04.919+05:30 DEBUG 14688 --- [LoginSignup] [main] o.s.b.f.s.DefaultListableBeanFactory     : Autowiring by type from bean name 'org.springframework.boot.autoconfigure.web.servlet.WebMvcAutoConfiguration$WebMvcAutoConfigurationAdapter' via constructor to bean named 'spring.web-org.springframework.boot.autoconfigure.web.WebProperties'
2025-04-05T02:02:04.919+05:30 DEBUG 14688 --- [LoginSignup] [main] o.s.b.f.s.DefaultListableBeanFactory     : Autowiring by type from bean name 'org.springframework.boot.autoconfigure.web.servlet.WebMvcAutoConfiguration$WebMvcAutoConfigurationAdapter' via constructor to bean named 'spring.mvc-org.springframework.boot.autoconfigure.web.servlet.WebMvcProperties'
2025-04-05T02:02:04.919+05:30 DEBUG 14688 --- [LoginSignup] [main] o.s.b.f.s.DefaultListableBeanFactory     : Autowiring by type from bean name 'org.springframework.boot.autoconfigure.web.servlet.WebMvcAutoConfiguration$WebMvcAutoConfigurationAdapter' via constructor to bean named 'org.springframework.beans.factory.support.DefaultListableBeanFactory@a43ce46'
2025-04-05T02:02:04.922+05:30 DEBUG 14688 --- [LoginSignup] [main] o.s.b.f.s.DefaultListableBeanFactory     : Creating shared instance of singleton bean 'openEntityManagerInViewInterceptorConfigurer'
2025-04-05T02:02:04.923+05:30 DEBUG 14688 --- [LoginSignup] [main] o.s.b.f.s.DefaultListableBeanFactory     : Creating shared instance of singleton bean 'org.springframework.boot.autoconfigure.orm.jpa.JpaBaseConfiguration$JpaWebConfiguration'
2025-04-05T02:02:04.923+05:30 DEBUG 14688 --- [LoginSignup] [main] o.s.b.f.s.DefaultListableBeanFactory     : Autowiring by type from bean name 'org.springframework.boot.autoconfigure.orm.jpa.JpaBaseConfiguration$JpaWebConfiguration' via constructor to bean named 'spring.jpa-org.springframework.boot.autoconfigure.orm.jpa.JpaProperties'
2025-04-05T02:02:04.924+05:30 DEBUG 14688 --- [LoginSignup] [main] o.s.b.f.s.DefaultListableBeanFactory     : Creating shared instance of singleton bean 'openEntityManagerInViewInterceptor'
2025-04-05T02:02:04.925+05:30  WARN 14688 --- [LoginSignup] [main] JpaBaseConfiguration$JpaWebConfiguration : spring.jpa.open-in-view is enabled by default. Therefore, database queries may be performed during view rendering. Explicitly configure spring.jpa.open-in-view to disable this warning
2025-04-05T02:02:04.928+05:30 DEBUG 14688 --- [LoginSignup] [main] o.s.b.f.s.DefaultListableBeanFactory     : Autowiring by type from bean name 'openEntityManagerInViewInterceptorConfigurer' via factory method to bean named 'openEntityManagerInViewInterceptor'
2025-04-05T02:02:04.930+05:30 DEBUG 14688 --- [LoginSignup] [main] o.s.b.f.s.DefaultListableBeanFactory     : Creating shared instance of singleton bean 'org.springframework.data.web.config.SpringDataWebConfiguration'
2025-04-05T02:02:04.934+05:30 DEBUG 14688 --- [LoginSignup] [main] o.s.b.f.s.DefaultListableBeanFactory     : Autowiring by type from bean name 'org.springframework.data.web.config.SpringDataWebConfiguration' via constructor to bean named 'org.springframework.boot.web.servlet.context.AnnotationConfigServletWebServerApplicationContext@3b8f0a79'
2025-04-05T02:02:04.937+05:30 DEBUG 14688 --- [LoginSignup] [main] o.s.b.f.s.DefaultListableBeanFactory     : Creating shared instance of singleton bean 'org.springframework.security.config.annotation.web.configuration.WebMvcSecurityConfiguration'
2025-04-05T02:02:04.951+05:30 DEBUG 14688 --- [LoginSignup] [main] o.s.b.f.s.DefaultListableBeanFactory     : Creating shared instance of singleton bean 'authenticationManagerBuilder'
2025-04-05T02:02:04.951+05:30 DEBUG 14688 --- [LoginSignup] [main] o.s.b.f.s.DefaultListableBeanFactory     : Autowiring by type from bean name 'authenticationManagerBuilder' via factory method to bean named 'objectPostProcessor'
2025-04-05T02:02:04.951+05:30 DEBUG 14688 --- [LoginSignup] [main] o.s.b.f.s.DefaultListableBeanFactory     : Autowiring by type from bean name 'authenticationManagerBuilder' via factory method to bean named 'org.springframework.boot.web.servlet.context.AnnotationConfigServletWebServerApplicationContext@3b8f0a79'
2025-04-05T02:02:04.952+05:30 DEBUG 14688 --- [LoginSignup] [main] o.s.b.f.s.DefaultListableBeanFactory     : Creating shared instance of singleton bean 'authenticationEventPublisher'
2025-04-05T02:02:04.952+05:30 DEBUG 14688 --- [LoginSignup] [main] o.s.b.f.s.DefaultListableBeanFactory     : Creating shared instance of singleton bean 'org.springframework.boot.autoconfigure.security.servlet.SecurityAutoConfiguration'
2025-04-05T02:02:04.954+05:30 DEBUG 14688 --- [LoginSignup] [main] o.s.b.f.s.DefaultListableBeanFactory     : Autowiring by type from bean name 'authenticationEventPublisher' via factory method to bean named 'org.springframework.boot.web.servlet.context.AnnotationConfigServletWebServerApplicationContext@3b8f0a79'
2025-04-05T02:02:04.964+05:30 DEBUG 14688 --- [LoginSignup] [main] o.s.b.f.s.DefaultListableBeanFactory     : Creating shared instance of singleton bean 'org.springframework.boot.autoconfigure.security.servlet.SpringBootWebSecurityConfiguration$WebSecurityEnablerConfiguration'
2025-04-05T02:02:04.967+05:30  WARN 14688 --- [LoginSignup] [main] r$InitializeUserDetailsManagerConfigurer : Found 2 UserDetailsService beans, with names [customUserDetailsService, userDetailsService]. Global Authentication Manager will not use a UserDetailsService for username/password login. Consider publishing a single UserDetailsService bean.
2025-04-05T02:02:04.969+05:30 DEBUG 14688 --- [LoginSignup] [main] swordEncoderAuthenticationManagerBuilder : No authenticationProviders and no parentAuthenticationManager defined. Returning null.
2025-04-05T02:02:04.977+05:30 DEBUG 14688 --- [LoginSignup] [main] o.s.aop.framework.ProxyFactoryBean       : Advice has changed; re-caching singleton instance
2025-04-05T02:02:05.038+05:30 DEBUG 14688 --- [LoginSignup] [main] o.s.b.f.s.DefaultListableBeanFactory     : Autowiring by type from bean name 'securityFilterChain' via factory method to bean named 'org.springframework.security.config.annotation.web.configuration.HttpSecurityConfiguration.httpSecurity'
2025-04-05T02:02:05.050+05:30 DEBUG 14688 --- [LoginSignup] [main] o.s.b.f.s.DefaultListableBeanFactory     : Creating shared instance of singleton bean 'webAuthorizationManagerPostProcessor'
2025-04-05T02:02:05.059+05:30 DEBUG 14688 --- [LoginSignup] [main] o.s.b.f.s.DefaultListableBeanFactory     : Creating shared instance of singleton bean 'mvcHandlerMappingIntrospector'
2025-04-05T02:02:05.074+05:30 DEBUG 14688 --- [LoginSignup] [main] o.s.b.f.s.DefaultListableBeanFactory     : Creating shared instance of singleton bean 'welcomePageHandlerMapping'
2025-04-05T02:02:05.076+05:30 DEBUG 14688 --- [LoginSignup] [main] o.s.b.f.s.DefaultListableBeanFactory     : Creating shared instance of singleton bean 'mvcConversionService'
2025-04-05T02:02:05.095+05:30 DEBUG 14688 --- [LoginSignup] [main] o.s.b.f.s.DefaultListableBeanFactory     : Creating shared instance of singleton bean 'mvcResourceUrlProvider'
2025-04-05T02:02:05.099+05:30 DEBUG 14688 --- [LoginSignup] [main] o.s.b.f.s.DefaultListableBeanFactory     : Autowiring by type from bean name 'welcomePageHandlerMapping' via factory method to bean named 'org.springframework.boot.web.servlet.context.AnnotationConfigServletWebServerApplicationContext@3b8f0a79'
2025-04-05T02:02:05.103+05:30 DEBUG 14688 --- [LoginSignup] [main] o.s.b.f.s.DefaultListableBeanFactory     : Autowiring by type from bean name 'welcomePageHandlerMapping' via factory method to bean named 'mvcConversionService'
2025-04-05T02:02:05.105+05:30 DEBUG 14688 --- [LoginSignup] [main] o.s.b.f.s.DefaultListableBeanFactory     : Autowiring by type from bean name 'welcomePageHandlerMapping' via factory method to bean named 'mvcResourceUrlProvider'
2025-04-05T02:02:05.150+05:30 DEBUG 14688 --- [LoginSignup] [main] o.s.b.f.s.DefaultListableBeanFactory     : Creating shared instance of singleton bean 'welcomePageNotAcceptableHandlerMapping'
2025-04-05T02:02:05.151+05:30 DEBUG 14688 --- [LoginSignup] [main] o.s.b.f.s.DefaultListableBeanFactory     : Autowiring by type from bean name 'welcomePageNotAcceptableHandlerMapping' via factory method to bean named 'org.springframework.boot.web.servlet.context.AnnotationConfigServletWebServerApplicationContext@3b8f0a79'
2025-04-05T02:02:05.151+05:30 DEBUG 14688 --- [LoginSignup] [main] o.s.b.f.s.DefaultListableBeanFactory     : Autowiring by type from bean name 'welcomePageNotAcceptableHandlerMapping' via factory method to bean named 'mvcConversionService'
2025-04-05T02:02:05.151+05:30 DEBUG 14688 --- [LoginSignup] [main] o.s.b.f.s.DefaultListableBeanFactory     : Autowiring by type from bean name 'welcomePageNotAcceptableHandlerMapping' via factory method to bean named 'mvcResourceUrlProvider'
2025-04-05T02:02:05.157+05:30 DEBUG 14688 --- [LoginSignup] [main] o.s.b.f.s.DefaultListableBeanFactory     : Creating shared instance of singleton bean 'requestMappingHandlerMapping'
2025-04-05T02:02:05.160+05:30 DEBUG 14688 --- [LoginSignup] [main] o.s.b.f.s.DefaultListableBeanFactory     : Autowiring by type from bean name 'requestMappingHandlerMapping' via factory method to bean named 'mvcContentNegotiationManager'
2025-04-05T02:02:05.160+05:30 DEBUG 14688 --- [LoginSignup] [main] o.s.b.f.s.DefaultListableBeanFactory     : Autowiring by type from bean name 'requestMappingHandlerMapping' via factory method to bean named 'mvcConversionService'
2025-04-05T02:02:05.160+05:30 DEBUG 14688 --- [LoginSignup] [main] o.s.b.f.s.DefaultListableBeanFactory     : Autowiring by type from bean name 'requestMappingHandlerMapping' via factory method to bean named 'mvcResourceUrlProvider'
2025-04-05T02:02:05.235+05:30 DEBUG 14688 --- [LoginSignup] [main] s.w.s.m.m.a.RequestMappingHandlerMapping : 4 mappings in 'requestMappingHandlerMapping'
2025-04-05T02:02:05.237+05:30 DEBUG 14688 --- [LoginSignup] [main] o.s.b.f.s.DefaultListableBeanFactory     : Creating shared instance of singleton bean 'viewControllerHandlerMapping'
2025-04-05T02:02:05.238+05:30 DEBUG 14688 --- [LoginSignup] [main] o.s.b.f.s.DefaultListableBeanFactory     : Autowiring by type from bean name 'viewControllerHandlerMapping' via factory method to bean named 'mvcConversionService'
2025-04-05T02:02:05.238+05:30 DEBUG 14688 --- [LoginSignup] [main] o.s.b.f.s.DefaultListableBeanFactory     : Autowiring by type from bean name 'viewControllerHandlerMapping' via factory method to bean named 'mvcResourceUrlProvider'
2025-04-05T02:02:05.240+05:30 DEBUG 14688 --- [LoginSignup] [main] o.s.b.f.s.DefaultListableBeanFactory     : Creating shared instance of singleton bean 'beanNameHandlerMapping'
2025-04-05T02:02:05.240+05:30 DEBUG 14688 --- [LoginSignup] [main] o.s.b.f.s.DefaultListableBeanFactory     : Autowiring by type from bean name 'beanNameHandlerMapping' via factory method to bean named 'mvcConversionService'
2025-04-05T02:02:05.240+05:30 DEBUG 14688 --- [LoginSignup] [main] o.s.b.f.s.DefaultListableBeanFactory     : Autowiring by type from bean name 'beanNameHandlerMapping' via factory method to bean named 'mvcResourceUrlProvider'
2025-04-05T02:02:05.244+05:30 DEBUG 14688 --- [LoginSignup] [main] o.s.b.f.s.DefaultListableBeanFactory     : Creating shared instance of singleton bean 'routerFunctionMapping'
2025-04-05T02:02:05.246+05:30 DEBUG 14688 --- [LoginSignup] [main] o.s.b.f.s.DefaultListableBeanFactory     : Autowiring by type from bean name 'routerFunctionMapping' via factory method to bean named 'mvcConversionService'
2025-04-05T02:02:05.246+05:30 DEBUG 14688 --- [LoginSignup] [main] o.s.b.f.s.DefaultListableBeanFactory     : Autowiring by type from bean name 'routerFunctionMapping' via factory method to bean named 'mvcResourceUrlProvider'
2025-04-05T02:02:05.248+05:30 DEBUG 14688 --- [LoginSignup] [main] o.s.b.f.s.DefaultListableBeanFactory     : Creating shared instance of singleton bean 'messageConverters'
2025-04-05T02:02:05.248+05:30 DEBUG 14688 --- [LoginSignup] [main] o.s.b.f.s.DefaultListableBeanFactory     : Creating shared instance of singleton bean 'org.springframework.boot.autoconfigure.http.HttpMessageConvertersAutoConfiguration'
2025-04-05T02:02:05.252+05:30 DEBUG 14688 --- [LoginSignup] [main] o.s.b.f.s.DefaultListableBeanFactory     : Creating shared instance of singleton bean 'stringHttpMessageConverter'
2025-04-05T02:02:05.253+05:30 DEBUG 14688 --- [LoginSignup] [main] o.s.b.f.s.DefaultListableBeanFactory     : Creating shared instance of singleton bean 'org.springframework.boot.autoconfigure.http.HttpMessageConvertersAutoConfiguration$StringHttpMessageConverterConfiguration'
2025-04-05T02:02:05.254+05:30 DEBUG 14688 --- [LoginSignup] [main] o.s.b.f.s.DefaultListableBeanFactory     : Autowiring by type from bean name 'stringHttpMessageConverter' via factory method to bean named 'environment'
2025-04-05T02:02:05.258+05:30 DEBUG 14688 --- [LoginSignup] [main] o.s.b.f.s.DefaultListableBeanFactory     : Creating shared instance of singleton bean 'mappingJackson2HttpMessageConverter'
2025-04-05T02:02:05.258+05:30 DEBUG 14688 --- [LoginSignup] [main] o.s.b.f.s.DefaultListableBeanFactory     : Creating shared instance of singleton bean 'org.springframework.boot.autoconfigure.http.JacksonHttpMessageConvertersConfiguration$MappingJackson2HttpMessageConverterConfiguration'
2025-04-05T02:02:05.259+05:30 DEBUG 14688 --- [LoginSignup] [main] o.s.b.f.s.DefaultListableBeanFactory     : Creating shared instance of singleton bean 'jacksonObjectMapper'
2025-04-05T02:02:05.259+05:30 DEBUG 14688 --- [LoginSignup] [main] o.s.b.f.s.DefaultListableBeanFactory     : Creating shared instance of singleton bean 'org.springframework.boot.autoconfigure.jackson.JacksonAutoConfiguration$JacksonObjectMapperConfiguration'
2025-04-05T02:02:05.260+05:30 DEBUG 14688 --- [LoginSignup] [main] o.s.b.f.s.DefaultListableBeanFactory     : Creating shared instance of singleton bean 'org.springframework.boot.autoconfigure.jackson.JacksonAutoConfiguration$JacksonObjectMapperBuilderConfiguration'
2025-04-05T02:02:05.261+05:30 DEBUG 14688 --- [LoginSignup] [main] o.s.b.f.s.DefaultListableBeanFactory     : Creating shared instance of singleton bean 'standardJacksonObjectMapperBuilderCustomizer'
2025-04-05T02:02:05.262+05:30 DEBUG 14688 --- [LoginSignup] [main] o.s.b.f.s.DefaultListableBeanFactory     : Creating shared instance of singleton bean 'org.springframework.boot.autoconfigure.jackson.JacksonAutoConfiguration$Jackson2ObjectMapperBuilderCustomizerConfiguration'
2025-04-05T02:02:05.262+05:30 DEBUG 14688 --- [LoginSignup] [main] o.s.b.f.s.DefaultListableBeanFactory     : Creating shared instance of singleton bean 'spring.jackson-org.springframework.boot.autoconfigure.jackson.JacksonProperties'
2025-04-05T02:02:05.270+05:30 DEBUG 14688 --- [LoginSignup] [main] o.s.b.f.s.DefaultListableBeanFactory     : Autowiring by type from bean name 'standardJacksonObjectMapperBuilderCustomizer' via factory method to bean named 'spring.jackson-org.springframework.boot.autoconfigure.jackson.JacksonProperties'
2025-04-05T02:02:05.272+05:30 DEBUG 14688 --- [LoginSignup] [main] o.s.b.f.s.DefaultListableBeanFactory     : Creating shared instance of singleton bean 'parameterNamesModule'
2025-04-05T02:02:05.272+05:30 DEBUG 14688 --- [LoginSignup] [main] o.s.b.f.s.DefaultListableBeanFactory     : Creating shared instance of singleton bean 'org.springframework.boot.autoconfigure.jackson.JacksonAutoConfiguration$ParameterNamesModuleConfiguration'
2025-04-05T02:02:05.278+05:30 DEBUG 14688 --- [LoginSignup] [main] o.s.b.f.s.DefaultListableBeanFactory     : Creating shared instance of singleton bean 'jsonMixinModule'
2025-04-05T02:02:05.279+05:30 DEBUG 14688 --- [LoginSignup] [main] o.s.b.f.s.DefaultListableBeanFactory     : Creating shared instance of singleton bean 'org.springframework.boot.autoconfigure.jackson.JacksonAutoConfiguration$JacksonMixinConfiguration'
2025-04-05T02:02:05.280+05:30 DEBUG 14688 --- [LoginSignup] [main] o.s.b.f.s.DefaultListableBeanFactory     : Creating shared instance of singleton bean 'jsonMixinModuleEntries'
2025-04-05T02:02:05.280+05:30 DEBUG 14688 --- [LoginSignup] [main] o.s.b.f.s.DefaultListableBeanFactory     : Autowiring by type from bean name 'jsonMixinModuleEntries' via factory method to bean named 'org.springframework.boot.web.servlet.context.AnnotationConfigServletWebServerApplicationContext@3b8f0a79'
2025-04-05T02:02:05.287+05:30 DEBUG 14688 --- [LoginSignup] [main] o.s.b.f.s.DefaultListableBeanFactory     : Autowiring by type from bean name 'jsonMixinModule' via factory method to bean named 'org.springframework.boot.web.servlet.context.AnnotationConfigServletWebServerApplicationContext@3b8f0a79'
2025-04-05T02:02:05.288+05:30 DEBUG 14688 --- [LoginSignup] [main] o.s.b.f.s.DefaultListableBeanFactory     : Autowiring by type from bean name 'jsonMixinModule' via factory method to bean named 'jsonMixinModuleEntries'
2025-04-05T02:02:05.289+05:30 DEBUG 14688 --- [LoginSignup] [main] o.s.b.f.s.DefaultListableBeanFactory     : Creating shared instance of singleton bean 'jsonComponentModule'
2025-04-05T02:02:05.290+05:30 DEBUG 14688 --- [LoginSignup] [main] o.s.b.f.s.DefaultListableBeanFactory     : Creating shared instance of singleton bean 'org.springframework.boot.autoconfigure.jackson.JacksonAutoConfiguration'
2025-04-05T02:02:05.296+05:30 DEBUG 14688 --- [LoginSignup] [main] o.s.b.f.s.DefaultListableBeanFactory     : Creating shared instance of singleton bean 'jacksonGeoModule'
2025-04-05T02:02:05.296+05:30 DEBUG 14688 --- [LoginSignup] [main] o.s.b.f.s.DefaultListableBeanFactory     : Creating shared instance of singleton bean 'org.springframework.data.web.config.SpringDataJacksonConfiguration'
2025-04-05T02:02:05.297+05:30 DEBUG 14688 --- [LoginSignup] [main] o.s.b.f.s.DefaultListableBeanFactory     : Creating shared instance of singleton bean 'springDataWebSettings'
2025-04-05T02:02:05.298+05:30 DEBUG 14688 --- [LoginSignup] [main] o.s.b.f.s.DefaultListableBeanFactory     : Creating shared instance of singleton bean 'org.springframework.boot.autoconfigure.data.web.SpringDataWebAutoConfiguration'
2025-04-05T02:02:05.298+05:30 DEBUG 14688 --- [LoginSignup] [main] o.s.b.f.s.DefaultListableBeanFactory     : Creating shared instance of singleton bean 'spring.data.web-org.springframework.boot.autoconfigure.data.web.SpringDataWebProperties'
2025-04-05T02:02:05.300+05:30 DEBUG 14688 --- [LoginSignup] [main] o.s.b.f.s.DefaultListableBeanFactory     : Autowiring by type from bean name 'org.springframework.boot.autoconfigure.data.web.SpringDataWebAutoConfiguration' via constructor to bean named 'spring.data.web-org.springframework.boot.autoconfigure.data.web.SpringDataWebProperties'
2025-04-05T02:02:05.304+05:30 DEBUG 14688 --- [LoginSignup] [main] o.s.b.f.s.DefaultListableBeanFactory     : Creating shared instance of singleton bean 'pageModule'
2025-04-05T02:02:05.308+05:30 DEBUG 14688 --- [LoginSignup] [main] o.s.b.f.s.DefaultListableBeanFactory     : Autowiring by type from bean name 'jacksonObjectMapperBuilder' via factory method to bean named 'org.springframework.boot.web.servlet.context.AnnotationConfigServletWebServerApplicationContext@3b8f0a79'
2025-04-05T02:02:05.309+05:30 DEBUG 14688 --- [LoginSignup] [main] o.s.b.f.s.DefaultListableBeanFactory     : Autowiring by type from bean name 'jacksonObjectMapperBuilder' via factory method to bean named 'standardJacksonObjectMapperBuilderCustomizer'
2025-04-05T02:02:05.313+05:30 DEBUG 14688 --- [LoginSignup] [main] o.s.b.f.s.DefaultListableBeanFactory     : Autowiring by type from bean name 'jacksonObjectMapper' via factory method to bean named 'jacksonObjectMapperBuilder'
2025-04-05T02:02:05.337+05:30 DEBUG 14688 --- [LoginSignup] [main] o.s.b.f.s.DefaultListableBeanFactory     : Autowiring by type from bean name 'mappingJackson2HttpMessageConverter' via factory method to bean named 'jacksonObjectMapper'
2025-04-05T02:02:05.369+05:30 DEBUG 14688 --- [LoginSignup] [main] o.s.b.f.s.DefaultListableBeanFactory     : Creating shared instance of singleton bean 'resourceHandlerMapping'
2025-04-05T02:02:05.370+05:30 DEBUG 14688 --- [LoginSignup] [main] o.s.b.f.s.DefaultListableBeanFactory     : Autowiring by type from bean name 'resourceHandlerMapping' via factory method to bean named 'mvcContentNegotiationManager'
2025-04-05T02:02:05.370+05:30 DEBUG 14688 --- [LoginSignup] [main] o.s.b.f.s.DefaultListableBeanFactory     : Autowiring by type from bean name 'resourceHandlerMapping' via factory method to bean named 'mvcConversionService'
2025-04-05T02:02:05.370+05:30 DEBUG 14688 --- [LoginSignup] [main] o.s.b.f.s.DefaultListableBeanFactory     : Autowiring by type from bean name 'resourceHandlerMapping' via factory method to bean named 'mvcResourceUrlProvider'
2025-04-05T02:02:05.396+05:30 DEBUG 14688 --- [LoginSignup] [main] o.s.w.s.handler.SimpleUrlHandlerMapping  : Patterns [/webjars/**, /**] in 'resourceHandlerMapping'
2025-04-05T02:02:05.398+05:30 DEBUG 14688 --- [LoginSignup] [main] o.s.b.f.s.DefaultListableBeanFactory     : Creating shared instance of singleton bean 'defaultServletHandlerMapping'
2025-04-05T02:02:05.440+05:30 DEBUG 14688 --- [LoginSignup] [main] o.s.b.f.s.DefaultListableBeanFactory     : Creating shared instance of singleton bean 'authenticationManagerPostProcessor'
2025-04-05T02:02:05.464+05:30 DEBUG 14688 --- [LoginSignup] [main] o.s.s.web.DefaultSecurityFilterChain     : Will secure any request with filters: DisableEncodeUrlFilter, WebAsyncManagerIntegrationFilter, SecurityContextHolderFilter, HeaderWriterFilter, LogoutFilter, RequestCacheAwareFilter, SecurityContextHolderAwareRequestFilter, AnonymousAuthenticationFilter, ExceptionTranslationFilter, AuthorizationFilter
2025-04-05T02:02:05.465+05:30 DEBUG 14688 --- [LoginSignup] [main] o.s.b.f.s.DefaultListableBeanFactory     : Creating shared instance of singleton bean 'userDetailsService'
2025-04-05T02:02:05.465+05:30 DEBUG 14688 --- [LoginSignup] [main] o.s.b.f.s.DefaultListableBeanFactory     : Autowiring by type from bean name 'userDetailsService' via factory method to bean named 'customUserDetailsService'
2025-04-05T02:02:05.466+05:30 DEBUG 14688 --- [LoginSignup] [main] o.s.b.f.s.DefaultListableBeanFactory     : Creating shared instance of singleton bean 'authenticationManager'
2025-04-05T02:02:05.466+05:30 DEBUG 14688 --- [LoginSignup] [main] o.s.b.f.s.DefaultListableBeanFactory     : Autowiring by type from bean name 'authenticationManager' via factory method to bean named 'userDetailsService'
2025-04-05T02:02:05.467+05:30 DEBUG 14688 --- [LoginSignup] [main] o.s.b.f.s.DefaultListableBeanFactory     : Autowiring by type from bean name 'authenticationManager' via factory method to bean named 'passwordEncoder'
2025-04-05T02:02:05.479+05:30 DEBUG 14688 --- [LoginSignup] [main] o.s.b.f.s.DefaultListableBeanFactory     : Creating shared instance of singleton bean 'org.springframework.boot.autoconfigure.context.PropertyPlaceholderAutoConfiguration'
2025-04-05T02:02:05.480+05:30 DEBUG 14688 --- [LoginSignup] [main] o.s.b.f.s.DefaultListableBeanFactory     : Creating shared instance of singleton bean 'org.springframework.boot.context.properties.EnableConfigurationPropertiesRegistrar.methodValidationExcludeFilter'
2025-04-05T02:02:05.482+05:30 DEBUG 14688 --- [LoginSignup] [main] o.s.b.f.s.DefaultListableBeanFactory     : Creating shared instance of singleton bean 'org.springframework.boot.autoconfigure.websocket.servlet.WebSocketServletAutoConfiguration'
2025-04-05T02:02:05.482+05:30 DEBUG 14688 --- [LoginSignup] [main] o.s.b.f.s.DefaultListableBeanFactory     : Creating shared instance of singleton bean 'org.springframework.boot.autoconfigure.web.servlet.DispatcherServletAutoConfiguration'
2025-04-05T02:02:05.483+05:30 DEBUG 14688 --- [LoginSignup] [main] o.s.b.f.s.DefaultListableBeanFactory     : Creating shared instance of singleton bean 'org.springframework.boot.autoconfigure.task.TaskExecutorConfigurations$ThreadPoolTaskExecutorBuilderConfiguration'
2025-04-05T02:02:05.483+05:30 DEBUG 14688 --- [LoginSignup] [main] o.s.b.f.s.DefaultListableBeanFactory     : Creating shared instance of singleton bean 'threadPoolTaskExecutorBuilder'
2025-04-05T02:02:05.484+05:30 DEBUG 14688 --- [LoginSignup] [main] o.s.b.f.s.DefaultListableBeanFactory     : Creating shared instance of singleton bean 'spring.task.execution-org.springframework.boot.autoconfigure.task.TaskExecutionProperties'
2025-04-05T02:02:05.486+05:30 DEBUG 14688 --- [LoginSignup] [main] o.s.b.f.s.DefaultListableBeanFactory     : Autowiring by type from bean name 'threadPoolTaskExecutorBuilder' via factory method to bean named 'spring.task.execution-org.springframework.boot.autoconfigure.task.TaskExecutionProperties'
2025-04-05T02:02:05.491+05:30 DEBUG 14688 --- [LoginSignup] [main] o.s.b.f.s.DefaultListableBeanFactory     : Creating shared instance of singleton bean 'org.springframework.boot.autoconfigure.task.TaskExecutorConfigurations$SimpleAsyncTaskExecutorBuilderConfiguration'
2025-04-05T02:02:05.493+05:30 DEBUG 14688 --- [LoginSignup] [main] o.s.b.f.s.DefaultListableBeanFactory     : Autowiring by type from bean name 'org.springframework.boot.autoconfigure.task.TaskExecutorConfigurations$SimpleAsyncTaskExecutorBuilderConfiguration' via constructor to bean named 'spring.task.execution-org.springframework.boot.autoconfigure.task.TaskExecutionProperties'
2025-04-05T02:02:05.495+05:30 DEBUG 14688 --- [LoginSignup] [main] o.s.b.f.s.DefaultListableBeanFactory     : Creating shared instance of singleton bean 'simpleAsyncTaskExecutorBuilder'
2025-04-05T02:02:05.497+05:30 DEBUG 14688 --- [LoginSignup] [main] o.s.b.f.s.DefaultListableBeanFactory     : Creating shared instance of singleton bean 'org.springframework.boot.autoconfigure.task.TaskExecutorConfigurations$TaskExecutorConfiguration'
2025-04-05T02:02:05.498+05:30 DEBUG 14688 --- [LoginSignup] [main] o.s.b.f.s.DefaultListableBeanFactory     : Creating shared instance of singleton bean 'org.springframework.boot.autoconfigure.task.TaskExecutionAutoConfiguration'
2025-04-05T02:02:05.499+05:30 DEBUG 14688 --- [LoginSignup] [main] o.s.b.f.s.DefaultListableBeanFactory     : Creating shared instance of singleton bean 'org.springframework.boot.autoconfigure.web.servlet.error.ErrorMvcAutoConfiguration$WhitelabelErrorViewConfiguration'
2025-04-05T02:02:05.500+05:30 DEBUG 14688 --- [LoginSignup] [main] o.s.b.f.s.DefaultListableBeanFactory     : Creating shared instance of singleton bean 'error'
2025-04-05T02:02:05.501+05:30 DEBUG 14688 --- [LoginSignup] [main] o.s.b.f.s.DefaultListableBeanFactory     : Creating shared instance of singleton bean 'beanNameViewResolver'
2025-04-05T02:02:05.502+05:30 DEBUG 14688 --- [LoginSignup] [main] o.s.b.f.s.DefaultListableBeanFactory     : Creating shared instance of singleton bean 'org.springframework.boot.autoconfigure.web.servlet.error.ErrorMvcAutoConfiguration$DefaultErrorViewResolverConfiguration'
2025-04-05T02:02:05.503+05:30 DEBUG 14688 --- [LoginSignup] [main] o.s.b.f.s.DefaultListableBeanFactory     : Autowiring by type from bean name 'org.springframework.boot.autoconfigure.web.servlet.error.ErrorMvcAutoConfiguration$DefaultErrorViewResolverConfiguration' via constructor to bean named 'org.springframework.boot.web.servlet.context.AnnotationConfigServletWebServerApplicationContext@3b8f0a79'
2025-04-05T02:02:05.503+05:30 DEBUG 14688 --- [LoginSignup] [main] o.s.b.f.s.DefaultListableBeanFactory     : Autowiring by type from bean name 'org.springframework.boot.autoconfigure.web.servlet.error.ErrorMvcAutoConfiguration$DefaultErrorViewResolverConfiguration' via constructor to bean named 'spring.web-org.springframework.boot.autoconfigure.web.WebProperties'
2025-04-05T02:02:05.504+05:30 DEBUG 14688 --- [LoginSignup] [main] o.s.b.f.s.DefaultListableBeanFactory     : Creating shared instance of singleton bean 'conventionErrorViewResolver'
2025-04-05T02:02:05.505+05:30 DEBUG 14688 --- [LoginSignup] [main] o.s.b.f.s.DefaultListableBeanFactory     : Creating shared instance of singleton bean 'errorAttributes'
2025-04-05T02:02:05.509+05:30 DEBUG 14688 --- [LoginSignup] [main] o.s.b.f.s.DefaultListableBeanFactory     : Creating shared instance of singleton bean 'basicErrorController'
2025-04-05T02:02:05.510+05:30 DEBUG 14688 --- [LoginSignup] [main] o.s.b.f.s.DefaultListableBeanFactory     : Autowiring by type from bean name 'basicErrorController' via factory method to bean named 'errorAttributes'
2025-04-05T02:02:05.513+05:30 DEBUG 14688 --- [LoginSignup] [main] o.s.b.f.s.DefaultListableBeanFactory     : Creating shared instance of singleton bean 'localeResolver'
2025-04-05T02:02:05.516+05:30 DEBUG 14688 --- [LoginSignup] [main] o.s.b.f.s.DefaultListableBeanFactory     : Creating shared instance of singleton bean 'themeResolver'
2025-04-05T02:02:05.518+05:30 DEBUG 14688 --- [LoginSignup] [main] o.s.b.f.s.DefaultListableBeanFactory     : Creating shared instance of singleton bean 'flashMapManager'
2025-04-05T02:02:05.523+05:30 DEBUG 14688 --- [LoginSignup] [main] o.s.b.f.s.DefaultListableBeanFactory     : Creating shared instance of singleton bean 'viewNameTranslator'
2025-04-05T02:02:05.526+05:30 DEBUG 14688 --- [LoginSignup] [main] o.s.b.f.s.DefaultListableBeanFactory     : Creating shared instance of singleton bean 'mvcValidator'
2025-04-05T02:02:05.530+05:30 DEBUG 14688 --- [LoginSignup] [main] o.s.b.f.s.DefaultListableBeanFactory     : Creating shared instance of singleton bean 'mvcPatternParser'
2025-04-05T02:02:05.531+05:30 DEBUG 14688 --- [LoginSignup] [main] o.s.b.f.s.DefaultListableBeanFactory     : Creating shared instance of singleton bean 'mvcUrlPathHelper'
2025-04-05T02:02:05.533+05:30 DEBUG 14688 --- [LoginSignup] [main] o.s.b.f.s.DefaultListableBeanFactory     : Creating shared instance of singleton bean 'mvcPathMatcher'
2025-04-05T02:02:05.533+05:30 DEBUG 14688 --- [LoginSignup] [main] o.s.b.f.s.DefaultListableBeanFactory     : Creating shared instance of singleton bean 'requestMappingHandlerAdapter'
2025-04-05T02:02:05.534+05:30 DEBUG 14688 --- [LoginSignup] [main] o.s.b.f.s.DefaultListableBeanFactory     : Autowiring by type from bean name 'requestMappingHandlerAdapter' via factory method to bean named 'mvcContentNegotiationManager'
2025-04-05T02:02:05.534+05:30 DEBUG 14688 --- [LoginSignup] [main] o.s.b.f.s.DefaultListableBeanFactory     : Autowiring by type from bean name 'requestMappingHandlerAdapter' via factory method to bean named 'mvcConversionService'
2025-04-05T02:02:05.534+05:30 DEBUG 14688 --- [LoginSignup] [main] o.s.b.f.s.DefaultListableBeanFactory     : Autowiring by type from bean name 'requestMappingHandlerAdapter' via factory method to bean named 'mvcValidator'
2025-04-05T02:02:05.547+05:30 DEBUG 14688 --- [LoginSignup] [main] o.s.b.f.s.DefaultListableBeanFactory     : Creating shared instance of singleton bean 'sortResolver'
2025-04-05T02:02:05.549+05:30 DEBUG 14688 --- [LoginSignup] [main] o.s.b.f.s.DefaultListableBeanFactory     : Creating shared instance of singleton bean 'sortCustomizer'
2025-04-05T02:02:05.553+05:30 DEBUG 14688 --- [LoginSignup] [main] o.s.b.f.s.DefaultListableBeanFactory     : Creating shared instance of singleton bean 'pageableResolver'
2025-04-05T02:02:05.555+05:30 DEBUG 14688 --- [LoginSignup] [main] o.s.b.f.s.DefaultListableBeanFactory     : Creating shared instance of singleton bean 'pageableCustomizer'
2025-04-05T02:02:05.568+05:30 DEBUG 14688 --- [LoginSignup] [main] o.s.b.f.s.DefaultListableBeanFactory     : Creating shared instance of singleton bean 'applicationTaskExecutor'
2025-04-05T02:02:05.568+05:30 DEBUG 14688 --- [LoginSignup] [main] o.s.b.f.s.DefaultListableBeanFactory     : Autowiring by type from bean name 'applicationTaskExecutor' via factory method to bean named 'threadPoolTaskExecutorBuilder'
2025-04-05T02:02:05.576+05:30 DEBUG 14688 --- [LoginSignup] [main] o.s.s.concurrent.ThreadPoolTaskExecutor  : Initializing ExecutorService 'applicationTaskExecutor'
2025-04-05T02:02:05.591+05:30 DEBUG 14688 --- [LoginSignup] [main] s.w.s.m.m.a.RequestMappingHandlerAdapter : ControllerAdvice beans: 0 @ModelAttribute, 0 @InitBinder, 1 RequestBodyAdvice, 1 ResponseBodyAdvice
2025-04-05T02:02:05.617+05:30 DEBUG 14688 --- [LoginSignup] [main] o.s.b.f.s.DefaultListableBeanFactory     : Creating shared instance of singleton bean 'mvcViewResolver'
2025-04-05T02:02:05.617+05:30 DEBUG 14688 --- [LoginSignup] [main] o.s.b.f.s.DefaultListableBeanFactory     : Autowiring by type from bean name 'mvcViewResolver' via factory method to bean named 'mvcContentNegotiationManager'
2025-04-05T02:02:05.620+05:30 DEBUG 14688 --- [LoginSignup] [main] o.s.b.f.s.DefaultListableBeanFactory     : Creating shared instance of singleton bean 'defaultViewResolver'
2025-04-05T02:02:05.625+05:30 DEBUG 14688 --- [LoginSignup] [main] o.s.b.f.s.DefaultListableBeanFactory     : Creating shared instance of singleton bean 'viewResolver'
2025-04-05T02:02:05.626+05:30 DEBUG 14688 --- [LoginSignup] [main] o.s.b.f.s.DefaultListableBeanFactory     : Autowiring by type from bean name 'viewResolver' via factory method to bean named 'org.springframework.beans.factory.support.DefaultListableBeanFactory@a43ce46'
2025-04-05T02:02:05.628+05:30 DEBUG 14688 --- [LoginSignup] [main] o.s.b.f.s.DefaultListableBeanFactory     : Creating shared instance of singleton bean 'viewResolver'
2025-04-05T02:02:05.634+05:30 DEBUG 14688 --- [LoginSignup] [main] o.s.b.f.s.DefaultListableBeanFactory     : Creating shared instance of singleton bean 'handlerFunctionAdapter'
2025-04-05T02:02:05.638+05:30 DEBUG 14688 --- [LoginSignup] [main] o.s.b.f.s.DefaultListableBeanFactory     : Creating shared instance of singleton bean 'mvcUriComponentsContributor'
2025-04-05T02:02:05.638+05:30 DEBUG 14688 --- [LoginSignup] [main] o.s.b.f.s.DefaultListableBeanFactory     : Autowiring by type from bean name 'mvcUriComponentsContributor' via factory method to bean named 'mvcConversionService'
2025-04-05T02:02:05.638+05:30 DEBUG 14688 --- [LoginSignup] [main] o.s.b.f.s.DefaultListableBeanFactory     : Autowiring by type from bean name 'mvcUriComponentsContributor' via factory method to bean named 'requestMappingHandlerAdapter'
2025-04-05T02:02:05.640+05:30 DEBUG 14688 --- [LoginSignup] [main] o.s.b.f.s.DefaultListableBeanFactory     : Creating shared instance of singleton bean 'httpRequestHandlerAdapter'
2025-04-05T02:02:05.641+05:30 DEBUG 14688 --- [LoginSignup] [main] o.s.b.f.s.DefaultListableBeanFactory     : Creating shared instance of singleton bean 'simpleControllerHandlerAdapter'
2025-04-05T02:02:05.642+05:30 DEBUG 14688 --- [LoginSignup] [main] o.s.b.f.s.DefaultListableBeanFactory     : Creating shared instance of singleton bean 'handlerExceptionResolver'
2025-04-05T02:02:05.642+05:30 DEBUG 14688 --- [LoginSignup] [main] o.s.b.f.s.DefaultListableBeanFactory     : Autowiring by type from bean name 'handlerExceptionResolver' via factory method to bean named 'mvcContentNegotiationManager'
2025-04-05T02:02:05.646+05:30 DEBUG 14688 --- [LoginSignup] [main] .m.m.a.ExceptionHandlerExceptionResolver : ControllerAdvice beans: 0 @ExceptionHandler, 1 ResponseBodyAdvice
2025-04-05T02:02:05.649+05:30 DEBUG 14688 --- [LoginSignup] [main] o.s.b.f.s.DefaultListableBeanFactory     : Creating shared instance of singleton bean 'org.springframework.boot.autoconfigure.aop.AopAutoConfiguration$AspectJAutoProxyingConfiguration$CglibAutoProxyConfiguration'
2025-04-05T02:02:05.650+05:30 DEBUG 14688 --- [LoginSignup] [main] o.s.b.f.s.DefaultListableBeanFactory     : Creating shared instance of singleton bean 'org.springframework.boot.autoconfigure.aop.AopAutoConfiguration$AspectJAutoProxyingConfiguration'
2025-04-05T02:02:05.650+05:30 DEBUG 14688 --- [LoginSignup] [main] o.s.b.f.s.DefaultListableBeanFactory     : Creating shared instance of singleton bean 'org.springframework.boot.autoconfigure.aop.AopAutoConfiguration'
2025-04-05T02:02:05.651+05:30 DEBUG 14688 --- [LoginSignup] [main] o.s.b.f.s.DefaultListableBeanFactory     : Creating shared instance of singleton bean 'org.springframework.boot.autoconfigure.availability.ApplicationAvailabilityAutoConfiguration'
2025-04-05T02:02:05.651+05:30 DEBUG 14688 --- [LoginSignup] [main] o.s.b.f.s.DefaultListableBeanFactory     : Creating shared instance of singleton bean 'applicationAvailability'
2025-04-05T02:02:05.652+05:30 DEBUG 14688 --- [LoginSignup] [main] o.s.b.f.s.DefaultListableBeanFactory     : Creating shared instance of singleton bean 'org.springframework.boot.autoconfigure.transaction.jta.JtaAutoConfiguration'
2025-04-05T02:02:05.653+05:30 DEBUG 14688 --- [LoginSignup] [main] o.s.b.f.s.DefaultListableBeanFactory     : Creating shared instance of singleton bean 'org.springframework.boot.autoconfigure.jdbc.DataSourceJmxConfiguration$Hikari'
2025-04-05T02:02:05.654+05:30 DEBUG 14688 --- [LoginSignup] [main] o.s.b.f.s.DefaultListableBeanFactory     : Autowiring by type from bean name 'org.springframework.boot.autoconfigure.jdbc.DataSourceJmxConfiguration$Hikari' via constructor to bean named 'dataSource'
2025-04-05T02:02:05.654+05:30 DEBUG 14688 --- [LoginSignup] [main] o.s.b.f.s.DefaultListableBeanFactory     : Creating shared instance of singleton bean 'org.springframework.boot.autoconfigure.jdbc.DataSourceJmxConfiguration'
2025-04-05T02:02:05.655+05:30 DEBUG 14688 --- [LoginSignup] [main] o.s.b.f.s.DefaultListableBeanFactory     : Creating shared instance of singleton bean 'org.springframework.boot.autoconfigure.jdbc.metadata.DataSourcePoolMetadataProvidersConfiguration'
2025-04-05T02:02:05.655+05:30 DEBUG 14688 --- [LoginSignup] [main] o.s.b.f.s.DefaultListableBeanFactory     : Creating shared instance of singleton bean 'org.springframework.boot.autoconfigure.jdbc.DataSourceAutoConfiguration'
2025-04-05T02:02:05.655+05:30 DEBUG 14688 --- [LoginSignup] [main] o.s.b.f.s.DefaultListableBeanFactory     : Creating shared instance of singleton bean 'org.springframework.boot.autoconfigure.transaction.TransactionManagerCustomizationAutoConfiguration'
2025-04-05T02:02:05.656+05:30 DEBUG 14688 --- [LoginSignup] [main] o.s.b.f.s.DefaultListableBeanFactory     : Creating shared instance of singleton bean 'platformTransactionManagerCustomizers'
2025-04-05T02:02:05.657+05:30 DEBUG 14688 --- [LoginSignup] [main] o.s.b.f.s.DefaultListableBeanFactory     : Creating shared instance of singleton bean 'transactionExecutionListeners'
2025-04-05T02:02:05.661+05:30 DEBUG 14688 --- [LoginSignup] [main] o.s.b.f.s.DefaultListableBeanFactory     : Creating shared instance of singleton bean 'spring.transaction-org.springframework.boot.autoconfigure.transaction.TransactionProperties'
2025-04-05T02:02:05.665+05:30 DEBUG 14688 --- [LoginSignup] [main] o.s.b.f.s.DefaultListableBeanFactory     : Creating shared instance of singleton bean 'org.springframework.boot.autoconfigure.orm.jpa.JpaBaseConfiguration$PersistenceManagedTypesConfiguration'
2025-04-05T02:02:05.665+05:30 DEBUG 14688 --- [LoginSignup] [main] o.s.b.f.s.DefaultListableBeanFactory     : Creating shared instance of singleton bean 'transactionManager'
2025-04-05T02:02:05.671+05:30 DEBUG 14688 --- [LoginSignup] [main] o.s.b.f.s.DefaultListableBeanFactory     : Creating shared instance of singleton bean 'org.springframework.boot.autoconfigure.orm.jpa.HibernateJpaAutoConfiguration'
2025-04-05T02:02:05.672+05:30 DEBUG 14688 --- [LoginSignup] [main] o.s.b.f.s.DefaultListableBeanFactory     : Creating shared instance of singleton bean 'org.springframework.boot.autoconfigure.context.ConfigurationPropertiesAutoConfiguration'
2025-04-05T02:02:05.672+05:30 DEBUG 14688 --- [LoginSignup] [main] o.s.b.f.s.DefaultListableBeanFactory     : Creating shared instance of singleton bean 'org.springframework.boot.autoconfigure.context.LifecycleAutoConfiguration'
2025-04-05T02:02:05.672+05:30 DEBUG 14688 --- [LoginSignup] [main] o.s.b.f.s.DefaultListableBeanFactory     : Creating shared instance of singleton bean 'lifecycleProcessor'
2025-04-05T02:02:05.673+05:30 DEBUG 14688 --- [LoginSignup] [main] o.s.b.f.s.DefaultListableBeanFactory     : Creating shared instance of singleton bean 'spring.lifecycle-org.springframework.boot.autoconfigure.context.LifecycleProperties'
2025-04-05T02:02:05.674+05:30 DEBUG 14688 --- [LoginSignup] [main] o.s.b.f.s.DefaultListableBeanFactory     : Autowiring by type from bean name 'lifecycleProcessor' via factory method to bean named 'spring.lifecycle-org.springframework.boot.autoconfigure.context.LifecycleProperties'
2025-04-05T02:02:05.677+05:30 DEBUG 14688 --- [LoginSignup] [main] o.s.b.f.s.DefaultListableBeanFactory     : Creating shared instance of singleton bean 'org.springframework.boot.autoconfigure.dao.PersistenceExceptionTranslationAutoConfiguration'
2025-04-05T02:02:05.678+05:30 DEBUG 14688 --- [LoginSignup] [main] o.s.b.f.s.DefaultListableBeanFactory     : Creating shared instance of singleton bean 'org.springframework.boot.autoconfigure.data.jpa.JpaRepositoriesAutoConfiguration'
2025-04-05T02:02:05.678+05:30 DEBUG 14688 --- [LoginSignup] [main] o.s.b.f.s.DefaultListableBeanFactory     : Creating shared instance of singleton bean 'org.springframework.data.jpa.util.JpaMetamodelCacheCleanup'
2025-04-05T02:02:05.678+05:30 DEBUG 14688 --- [LoginSignup] [main] o.s.b.f.s.DefaultListableBeanFactory     : Creating shared instance of singleton bean 'org.springframework.data.jpa.repository.support.JpaEvaluationContextExtension'
2025-04-05T02:02:05.680+05:30 DEBUG 14688 --- [LoginSignup] [main] o.s.b.f.s.DefaultListableBeanFactory     : Creating shared instance of singleton bean 'data-jpa.repository-aot-processor#0'
2025-04-05T02:02:05.685+05:30 DEBUG 14688 --- [LoginSignup] [main] o.s.b.f.s.DefaultListableBeanFactory     : Creating shared instance of singleton bean 'org.springframework.boot.autoconfigure.http.JacksonHttpMessageConvertersConfiguration'
2025-04-05T02:02:05.686+05:30 DEBUG 14688 --- [LoginSignup] [main] o.s.b.f.s.DefaultListableBeanFactory     : Creating shared instance of singleton bean 'org.springframework.data.web.config.ProjectingArgumentResolverRegistrar'
2025-04-05T02:02:05.686+05:30 DEBUG 14688 --- [LoginSignup] [main] o.s.b.f.s.DefaultListableBeanFactory     : Creating shared instance of singleton bean 'offsetResolver'
2025-04-05T02:02:05.689+05:30 DEBUG 14688 --- [LoginSignup] [main] o.s.b.f.s.DefaultListableBeanFactory     : Creating shared instance of singleton bean 'org.springframework.boot.autoconfigure.http.client.HttpClientAutoConfiguration'
2025-04-05T02:02:05.690+05:30 DEBUG 14688 --- [LoginSignup] [main] o.s.b.f.s.DefaultListableBeanFactory     : Creating shared instance of singleton bean 'clientHttpRequestFactoryBuilder'
2025-04-05T02:02:05.690+05:30 DEBUG 14688 --- [LoginSignup] [main] o.s.b.f.s.DefaultListableBeanFactory     : Creating shared instance of singleton bean 'spring.http.client-org.springframework.boot.autoconfigure.http.client.HttpClientProperties'
2025-04-05T02:02:05.693+05:30 DEBUG 14688 --- [LoginSignup] [main] o.s.b.f.s.DefaultListableBeanFactory     : Autowiring by type from bean name 'clientHttpRequestFactoryBuilder' via factory method to bean named 'spring.http.client-org.springframework.boot.autoconfigure.http.client.HttpClientProperties'
2025-04-05T02:02:05.702+05:30 DEBUG 14688 --- [LoginSignup] [main] o.s.b.f.s.DefaultListableBeanFactory     : Creating shared instance of singleton bean 'clientHttpRequestFactorySettings'
2025-04-05T02:02:05.702+05:30 DEBUG 14688 --- [LoginSignup] [main] o.s.b.f.s.DefaultListableBeanFactory     : Autowiring by type from bean name 'clientHttpRequestFactorySettings' via factory method to bean named 'spring.http.client-org.springframework.boot.autoconfigure.http.client.HttpClientProperties'
2025-04-05T02:02:05.704+05:30 DEBUG 14688 --- [LoginSignup] [main] o.s.b.f.s.DefaultListableBeanFactory     : Creating shared instance of singleton bean 'org.springframework.boot.autoconfigure.info.ProjectInfoAutoConfiguration'
2025-04-05T02:02:05.708+05:30 DEBUG 14688 --- [LoginSignup] [main] o.s.b.f.s.DefaultListableBeanFactory     : Creating shared instance of singleton bean 'spring.info-org.springframework.boot.autoconfigure.info.ProjectInfoProperties'
2025-04-05T02:02:05.710+05:30 DEBUG 14688 --- [LoginSignup] [main] o.s.b.f.s.DefaultListableBeanFactory     : Autowiring by type from bean name 'org.springframework.boot.autoconfigure.info.ProjectInfoAutoConfiguration' via constructor to bean named 'spring.info-org.springframework.boot.autoconfigure.info.ProjectInfoProperties'
2025-04-05T02:02:05.711+05:30 DEBUG 14688 --- [LoginSignup] [main] o.s.b.f.s.DefaultListableBeanFactory     : Creating shared instance of singleton bean 'org.springframework.boot.autoconfigure.jdbc.JdbcTemplateConfiguration'
2025-04-05T02:02:05.711+05:30 DEBUG 14688 --- [LoginSignup] [main] o.s.b.f.s.DefaultListableBeanFactory     : Creating shared instance of singleton bean 'jdbcTemplate'
2025-04-05T02:02:05.712+05:30 DEBUG 14688 --- [LoginSignup] [main] o.s.b.f.s.DefaultListableBeanFactory     : Creating shared instance of singleton bean 'spring.jdbc-org.springframework.boot.autoconfigure.jdbc.JdbcProperties'
2025-04-05T02:02:05.713+05:30 DEBUG 14688 --- [LoginSignup] [main] o.s.b.f.s.DefaultListableBeanFactory     : Autowiring by type from bean name 'jdbcTemplate' via factory method to bean named 'dataSource'
2025-04-05T02:02:05.713+05:30 DEBUG 14688 --- [LoginSignup] [main] o.s.b.f.s.DefaultListableBeanFactory     : Autowiring by type from bean name 'jdbcTemplate' via factory method to bean named 'spring.jdbc-org.springframework.boot.autoconfigure.jdbc.JdbcProperties'
2025-04-05T02:02:05.722+05:30 DEBUG 14688 --- [LoginSignup] [main] o.s.b.f.s.DefaultListableBeanFactory     : Creating shared instance of singleton bean 'org.springframework.boot.autoconfigure.jdbc.NamedParameterJdbcTemplateConfiguration'
2025-04-05T02:02:05.723+05:30 DEBUG 14688 --- [LoginSignup] [main] o.s.b.f.s.DefaultListableBeanFactory     : Creating shared instance of singleton bean 'namedParameterJdbcTemplate'
2025-04-05T02:02:05.723+05:30 DEBUG 14688 --- [LoginSignup] [main] o.s.b.f.s.DefaultListableBeanFactory     : Autowiring by type from bean name 'namedParameterJdbcTemplate' via factory method to bean named 'jdbcTemplate'
2025-04-05T02:02:05.728+05:30 DEBUG 14688 --- [LoginSignup] [main] o.s.b.f.s.DefaultListableBeanFactory     : Creating shared instance of singleton bean 'org.springframework.boot.autoconfigure.jdbc.JdbcTemplateAutoConfiguration'
2025-04-05T02:02:05.730+05:30 DEBUG 14688 --- [LoginSignup] [main] o.s.b.f.s.DefaultListableBeanFactory     : Creating shared instance of singleton bean 'org.springframework.boot.autoconfigure.jdbc.JdbcClientAutoConfiguration'
2025-04-05T02:02:05.730+05:30 DEBUG 14688 --- [LoginSignup] [main] o.s.b.f.s.DefaultListableBeanFactory     : Creating shared instance of singleton bean 'jdbcClient'
2025-04-05T02:02:05.731+05:30 DEBUG 14688 --- [LoginSignup] [main] o.s.b.f.s.DefaultListableBeanFactory     : Autowiring by type from bean name 'jdbcClient' via factory method to bean named 'namedParameterJdbcTemplate'
2025-04-05T02:02:05.733+05:30 DEBUG 14688 --- [LoginSignup] [main] o.s.b.f.s.DefaultListableBeanFactory     : Creating shared instance of singleton bean 'org.springframework.security.config.annotation.web.configuration.WebSecurityConfiguration'
2025-04-05T02:02:05.747+05:30 DEBUG 14688 --- [LoginSignup] [main] o.s.b.f.s.DefaultListableBeanFactory     : Creating shared instance of singleton bean 'filterChainDecoratorPostProcessor'
2025-04-05T02:02:05.749+05:30 DEBUG 14688 --- [LoginSignup] [main] o.s.b.f.s.DefaultListableBeanFactory     : Creating shared instance of singleton bean 'mvcHandlerMappingIntrospectorRequestTransformer'
2025-04-05T02:02:05.754+05:30 DEBUG 14688 --- [LoginSignup] [main] o.s.b.f.s.DefaultListableBeanFactory     : Creating shared instance of singleton bean 'delegatingApplicationListener'
2025-04-05T02:02:05.755+05:30 DEBUG 14688 --- [LoginSignup] [main] o.s.b.f.s.DefaultListableBeanFactory     : Creating shared instance of singleton bean 'springSecurityFilterChain'
2025-04-05T02:02:05.771+05:30 DEBUG 14688 --- [LoginSignup] [main] o.s.b.f.s.DefaultListableBeanFactory     : Creating shared instance of singleton bean 'webSecurityExpressionHandler'
2025-04-05T02:02:05.773+05:30 DEBUG 14688 --- [LoginSignup] [main] o.s.b.f.s.DefaultListableBeanFactory     : Creating shared instance of singleton bean 'privilegeEvaluator'
2025-04-05T02:02:05.773+05:30 DEBUG 14688 --- [LoginSignup] [main] o.s.b.f.s.DefaultListableBeanFactory     : Creating shared instance of singleton bean 'requestDataValueProcessor'
2025-04-05T02:02:05.775+05:30 DEBUG 14688 --- [LoginSignup] [main] o.s.b.f.s.DefaultListableBeanFactory     : Creating shared instance of singleton bean 'org.springframework.security.config.annotation.web.configuration.ObservationConfiguration'
2025-04-05T02:02:05.776+05:30 DEBUG 14688 --- [LoginSignup] [main] o.s.b.f.s.DefaultListableBeanFactory     : Creating shared instance of singleton bean 'org.springframework.boot.autoconfigure.security.servlet.SpringBootWebSecurityConfiguration'
2025-04-05T02:02:05.777+05:30 DEBUG 14688 --- [LoginSignup] [main] o.s.b.f.s.DefaultListableBeanFactory     : Creating shared instance of singleton bean 'org.springframework.boot.autoconfigure.sql.init.SqlInitializationAutoConfiguration'
2025-04-05T02:02:05.777+05:30 DEBUG 14688 --- [LoginSignup] [main] o.s.b.f.s.DefaultListableBeanFactory     : Creating shared instance of singleton bean 'org.springframework.boot.autoconfigure.task.TaskSchedulingConfigurations$ThreadPoolTaskSchedulerBuilderConfiguration'
2025-04-05T02:02:05.778+05:30 DEBUG 14688 --- [LoginSignup] [main] o.s.b.f.s.DefaultListableBeanFactory     : Creating shared instance of singleton bean 'threadPoolTaskSchedulerBuilder'
2025-04-05T02:02:05.779+05:30 DEBUG 14688 --- [LoginSignup] [main] o.s.b.f.s.DefaultListableBeanFactory     : Creating shared instance of singleton bean 'spring.task.scheduling-org.springframework.boot.autoconfigure.task.TaskSchedulingProperties'
2025-04-05T02:02:05.781+05:30 DEBUG 14688 --- [LoginSignup] [main] o.s.b.f.s.DefaultListableBeanFactory     : Autowiring by type from bean name 'threadPoolTaskSchedulerBuilder' via factory method to bean named 'spring.task.scheduling-org.springframework.boot.autoconfigure.task.TaskSchedulingProperties'
2025-04-05T02:02:05.783+05:30 DEBUG 14688 --- [LoginSignup] [main] o.s.b.f.s.DefaultListableBeanFactory     : Creating shared instance of singleton bean 'org.springframework.boot.autoconfigure.task.TaskSchedulingConfigurations$SimpleAsyncTaskSchedulerBuilderConfiguration'
2025-04-05T02:02:05.784+05:30 DEBUG 14688 --- [LoginSignup] [main] o.s.b.f.s.DefaultListableBeanFactory     : Autowiring by type from bean name 'org.springframework.boot.autoconfigure.task.TaskSchedulingConfigurations$SimpleAsyncTaskSchedulerBuilderConfiguration' via constructor to bean named 'spring.task.scheduling-org.springframework.boot.autoconfigure.task.TaskSchedulingProperties'
2025-04-05T02:02:05.785+05:30 DEBUG 14688 --- [LoginSignup] [main] o.s.b.f.s.DefaultListableBeanFactory     : Creating shared instance of singleton bean 'simpleAsyncTaskSchedulerBuilder'
2025-04-05T02:02:05.788+05:30 DEBUG 14688 --- [LoginSignup] [main] o.s.b.f.s.DefaultListableBeanFactory     : Creating shared instance of singleton bean 'org.springframework.boot.autoconfigure.task.TaskSchedulingAutoConfiguration'
2025-04-05T02:02:05.789+05:30 DEBUG 14688 --- [LoginSignup] [main] o.s.b.f.s.DefaultListableBeanFactory     : Creating shared instance of singleton bean 'org.springframework.boot.autoconfigure.jdbc.DataSourceTransactionManagerAutoConfiguration$JdbcTransactionManagerConfiguration'
2025-04-05T02:02:05.792+05:30 DEBUG 14688 --- [LoginSignup] [main] o.s.b.f.s.DefaultListableBeanFactory     : Creating shared instance of singleton bean 'org.springframework.boot.autoconfigure.jdbc.DataSourceTransactionManagerAutoConfiguration'
2025-04-05T02:02:05.794+05:30 DEBUG 14688 --- [LoginSignup] [main] o.s.b.f.s.DefaultListableBeanFactory     : Creating shared instance of singleton bean 'org.springframework.boot.autoconfigure.transaction.TransactionAutoConfiguration$EnableTransactionManagementConfiguration$CglibAutoProxyConfiguration'
2025-04-05T02:02:05.794+05:30 DEBUG 14688 --- [LoginSignup] [main] o.s.b.f.s.DefaultListableBeanFactory     : Creating shared instance of singleton bean 'org.springframework.boot.autoconfigure.transaction.TransactionAutoConfiguration$EnableTransactionManagementConfiguration'
2025-04-05T02:02:05.795+05:30 DEBUG 14688 --- [LoginSignup] [main] o.s.b.f.s.DefaultListableBeanFactory     : Creating shared instance of singleton bean 'org.springframework.boot.autoconfigure.transaction.TransactionAutoConfiguration$TransactionTemplateConfiguration'
2025-04-05T02:02:05.795+05:30 DEBUG 14688 --- [LoginSignup] [main] o.s.b.f.s.DefaultListableBeanFactory     : Creating shared instance of singleton bean 'transactionTemplate'
2025-04-05T02:02:05.796+05:30 DEBUG 14688 --- [LoginSignup] [main] o.s.b.f.s.DefaultListableBeanFactory     : Autowiring by type from bean name 'transactionTemplate' via factory method to bean named 'transactionManager'
2025-04-05T02:02:05.798+05:30 DEBUG 14688 --- [LoginSignup] [main] o.s.b.f.s.DefaultListableBeanFactory     : Creating shared instance of singleton bean 'org.springframework.boot.autoconfigure.transaction.TransactionAutoConfiguration'
2025-04-05T02:02:05.799+05:30 DEBUG 14688 --- [LoginSignup] [main] o.s.b.f.s.DefaultListableBeanFactory     : Creating shared instance of singleton bean 'org.springframework.boot.autoconfigure.web.client.RestClientAutoConfiguration'
2025-04-05T02:02:05.799+05:30 DEBUG 14688 --- [LoginSignup] [main] o.s.b.f.s.DefaultListableBeanFactory     : Creating shared instance of singleton bean 'httpMessageConvertersRestClientCustomizer'
2025-04-05T02:02:05.799+05:30 DEBUG 14688 --- [LoginSignup] [main] o.s.b.f.s.DefaultListableBeanFactory     : Creating shared instance of singleton bean 'restClientSsl'
2025-04-05T02:02:05.801+05:30 DEBUG 14688 --- [LoginSignup] [main] o.s.b.f.s.DefaultListableBeanFactory     : Autowiring by type from bean name 'restClientSsl' via factory method to bean named 'sslBundleRegistry'
2025-04-05T02:02:05.802+05:30 DEBUG 14688 --- [LoginSignup] [main] o.s.b.f.s.DefaultListableBeanFactory     : Creating shared instance of singleton bean 'restClientBuilderConfigurer'
2025-04-05T02:02:05.804+05:30 DEBUG 14688 --- [LoginSignup] [main] o.s.b.f.s.DefaultListableBeanFactory     : Creating shared instance of singleton bean 'org.springframework.boot.autoconfigure.web.client.RestTemplateAutoConfiguration'
2025-04-05T02:02:05.805+05:30 DEBUG 14688 --- [LoginSignup] [main] o.s.b.f.s.DefaultListableBeanFactory     : Creating shared instance of singleton bean 'org.springframework.boot.autoconfigure.web.embedded.EmbeddedWebServerFactoryCustomizerAutoConfiguration'
2025-04-05T02:02:05.805+05:30 DEBUG 14688 --- [LoginSignup] [main] o.s.b.f.s.DefaultListableBeanFactory     : Creating shared instance of singleton bean 'multipartResolver'
2025-04-05T02:02:05.818+05:30 DEBUG 14688 --- [LoginSignup] [main] o.s.c.support.DefaultLifecycleProcessor  : Starting beans in phase -2147483647
2025-04-05T02:02:05.819+05:30 DEBUG 14688 --- [LoginSignup] [main] o.s.c.support.DefaultLifecycleProcessor  : Successfully started bean 'springBootLoggingLifecycle'
2025-04-05T02:02:05.819+05:30 DEBUG 14688 --- [LoginSignup] [main] o.s.c.support.DefaultLifecycleProcessor  : Starting beans in phase 1073741823
2025-04-05T02:02:05.819+05:30 DEBUG 14688 --- [LoginSignup] [main] o.s.c.support.DefaultLifecycleProcessor  : Starting beans in phase 2147481599
2025-04-05T02:02:05.839+05:30  INFO 14688 --- [LoginSignup] [main] o.s.b.w.embedded.tomcat.TomcatWebServer  : Tomcat started on port 8083 (http) with context path '/'
2025-04-05T02:02:05.841+05:30 DEBUG 14688 --- [LoginSignup] [main] o.s.c.support.DefaultLifecycleProcessor  : Successfully started bean 'webServerStartStop'
2025-04-05T02:02:05.841+05:30 DEBUG 14688 --- [LoginSignup] [main] o.s.c.support.DefaultLifecycleProcessor  : Starting beans in phase 2147482623
2025-04-05T02:02:05.841+05:30 DEBUG 14688 --- [LoginSignup] [main] o.s.c.support.DefaultLifecycleProcessor  : Successfully started bean 'webServerGracefulShutdown'
2025-04-05T02:02:05.854+05:30 DEBUG 14688 --- [LoginSignup] [main] .s.b.a.l.ConditionEvaluationReportLogger : 


============================
CONDITIONS EVALUATION REPORT
============================


Positive matches:
-----------------

   AopAutoConfiguration matched:
      - @ConditionalOnProperty (spring.aop.auto=true) matched (OnPropertyCondition)

   AopAutoConfiguration.AspectJAutoProxyingConfiguration matched:
      - @ConditionalOnClass found required class 'org.aspectj.weaver.Advice' (OnClassCondition)

   AopAutoConfiguration.AspectJAutoProxyingConfiguration.CglibAutoProxyConfiguration matched:
      - @ConditionalOnProperty (spring.aop.proxy-target-class=true) matched (OnPropertyCondition)

   ApplicationAvailabilityAutoConfiguration#applicationAvailability matched:
      - @ConditionalOnMissingBean (types: org.springframework.boot.availability.ApplicationAvailability; SearchStrategy: all) did not find any beans (OnBeanCondition)

   DataSourceAutoConfiguration matched:
      - @ConditionalOnClass found required classes 'javax.sql.DataSource', 'org.springframework.jdbc.datasource.embedded.EmbeddedDatabaseType' (OnClassCondition)
      - @ConditionalOnMissingBean (types: io.r2dbc.spi.ConnectionFactory; SearchStrategy: all) did not find any beans (OnBeanCondition)

   DataSourceAutoConfiguration.PooledDataSourceConfiguration matched:
      - AnyNestedCondition 1 matched 1 did not; NestedCondition on DataSourceAutoConfiguration.PooledDataSourceCondition.PooledDataSourceAvailable PooledDataSource found supported DataSource; NestedCondition on DataSourceAutoConfiguration.PooledDataSourceCondition.ExplicitType @ConditionalOnProperty (spring.datasource.type) did not find property 'type' (DataSourceAutoConfiguration.PooledDataSourceCondition)
      - @ConditionalOnMissingBean (types: javax.sql.DataSource,javax.sql.XADataSource; SearchStrategy: all) did not find any beans (OnBeanCondition)

   DataSourceAutoConfiguration.PooledDataSourceConfiguration#jdbcConnectionDetails matched:
      - @ConditionalOnMissingBean (types: org.springframework.boot.autoconfigure.jdbc.JdbcConnectionDetails; SearchStrategy: all) did not find any beans (OnBeanCondition)

   DataSourceConfiguration.Hikari matched:
      - @ConditionalOnClass found required class 'com.zaxxer.hikari.HikariDataSource' (OnClassCondition)
      - @ConditionalOnProperty (spring.datasource.type=com.zaxxer.hikari.HikariDataSource) matched (OnPropertyCondition)
      - @ConditionalOnMissingBean (types: javax.sql.DataSource; SearchStrategy: all) did not find any beans (OnBeanCondition)

   DataSourceInitializationConfiguration matched:
      - @ConditionalOnClass found required class 'org.springframework.jdbc.datasource.init.DatabasePopulator' (OnClassCondition)
      - @ConditionalOnSingleCandidate (types: javax.sql.DataSource; SearchStrategy: all) found a single bean 'dataSource'; @ConditionalOnMissingBean (types: org.springframework.boot.autoconfigure.sql.init.SqlDataSourceScriptDatabaseInitializer,org.springframework.boot.autoconfigure.sql.init.SqlR2dbcScriptDatabaseInitializer; SearchStrategy: all) did not find any beans (OnBeanCondition)

   DataSourceJmxConfiguration matched:
      - @ConditionalOnProperty (spring.jmx.enabled=true) matched (OnPropertyCondition)

   DataSourceJmxConfiguration.Hikari matched:
      - @ConditionalOnClass found required class 'com.zaxxer.hikari.HikariDataSource' (OnClassCondition)
      - @ConditionalOnSingleCandidate (types: javax.sql.DataSource; SearchStrategy: all) found a single bean 'dataSource' (OnBeanCondition)

   DataSourcePoolMetadataProvidersConfiguration.HikariPoolDataSourceMetadataProviderConfiguration matched:
      - @ConditionalOnClass found required class 'com.zaxxer.hikari.HikariDataSource' (OnClassCondition)

   DataSourceTransactionManagerAutoConfiguration matched:
      - @ConditionalOnClass found required classes 'javax.sql.DataSource', 'org.springframework.jdbc.core.JdbcTemplate', 'org.springframework.transaction.TransactionManager' (OnClassCondition)

   DataSourceTransactionManagerAutoConfiguration.JdbcTransactionManagerConfiguration matched:
      - @ConditionalOnSingleCandidate (types: javax.sql.DataSource; SearchStrategy: all) found a single bean 'dataSource' (OnBeanCondition)

   DispatcherServletAutoConfiguration matched:
      - @ConditionalOnClass found required class 'org.springframework.web.servlet.DispatcherServlet' (OnClassCondition)
      - found 'session' scope (OnWebApplicationCondition)

   DispatcherServletAutoConfiguration.DispatcherServletConfiguration matched:
      - @ConditionalOnClass found required class 'jakarta.servlet.ServletRegistration' (OnClassCondition)
      - Default DispatcherServlet did not find dispatcher servlet beans (DispatcherServletAutoConfiguration.DefaultDispatcherServletCondition)

   DispatcherServletAutoConfiguration.DispatcherServletRegistrationConfiguration matched:
      - @ConditionalOnClass found required class 'jakarta.servlet.ServletRegistration' (OnClassCondition)
      - DispatcherServlet Registration did not find servlet registration bean (DispatcherServletAutoConfiguration.DispatcherServletRegistrationCondition)

   DispatcherServletAutoConfiguration.DispatcherServletRegistrationConfiguration#dispatcherServletRegistration matched:
      - @ConditionalOnBean (names: dispatcherServlet types: org.springframework.web.servlet.DispatcherServlet; SearchStrategy: all) found bean 'dispatcherServlet' (OnBeanCondition)

   EmbeddedWebServerFactoryCustomizerAutoConfiguration matched:
      - @ConditionalOnWebApplication (required) found 'session' scope (OnWebApplicationCondition)
      - @ConditionalOnWarDeployment the application is not deployed as a WAR file. (OnWarDeploymentCondition)

   EmbeddedWebServerFactoryCustomizerAutoConfiguration.TomcatWebServerFactoryCustomizerConfiguration matched:
      - @ConditionalOnClass found required classes 'org.apache.catalina.startup.Tomcat', 'org.apache.coyote.UpgradeProtocol' (OnClassCondition)

   ErrorMvcAutoConfiguration matched:
      - @ConditionalOnClass found required classes 'jakarta.servlet.Servlet', 'org.springframework.web.servlet.DispatcherServlet' (OnClassCondition)
      - found 'session' scope (OnWebApplicationCondition)

   ErrorMvcAutoConfiguration#basicErrorController matched:
      - @ConditionalOnMissingBean (types: org.springframework.boot.web.servlet.error.ErrorController; SearchStrategy: current) did not find any beans (OnBeanCondition)

   ErrorMvcAutoConfiguration#errorAttributes matched:
      - @ConditionalOnMissingBean (types: org.springframework.boot.web.servlet.error.ErrorAttributes; SearchStrategy: current) did not find any beans (OnBeanCondition)

   ErrorMvcAutoConfiguration.DefaultErrorViewResolverConfiguration#conventionErrorViewResolver matched:
      - @ConditionalOnBean (types: org.springframework.web.servlet.DispatcherServlet; SearchStrategy: all) found bean 'dispatcherServlet'; @ConditionalOnMissingBean (types: org.springframework.boot.autoconfigure.web.servlet.error.ErrorViewResolver; SearchStrategy: all) did not find any beans (OnBeanCondition)

   ErrorMvcAutoConfiguration.WhitelabelErrorViewConfiguration matched:
      - @ConditionalOnProperty (server.error.whitelabel.enabled) matched (OnPropertyCondition)
      - ErrorTemplate Missing did not find error template view (ErrorMvcAutoConfiguration.ErrorTemplateMissingCondition)

   ErrorMvcAutoConfiguration.WhitelabelErrorViewConfiguration#beanNameViewResolver matched:
      - @ConditionalOnMissingBean (types: org.springframework.web.servlet.view.BeanNameViewResolver; SearchStrategy: all) did not find any beans (OnBeanCondition)

   ErrorMvcAutoConfiguration.WhitelabelErrorViewConfiguration#defaultErrorView matched:
      - @ConditionalOnMissingBean (names: error; SearchStrategy: all) did not find any beans (OnBeanCondition)

   GenericCacheConfiguration matched:
      - Cache org.springframework.boot.autoconfigure.cache.GenericCacheConfiguration automatic cache type (CacheCondition)

   HibernateJpaAutoConfiguration matched:
      - @ConditionalOnClass found required classes 'org.springframework.orm.jpa.LocalContainerEntityManagerFactoryBean', 'jakarta.persistence.EntityManager', 'org.hibernate.engine.spi.SessionImplementor' (OnClassCondition)

   HibernateJpaConfiguration matched:
      - @ConditionalOnSingleCandidate (types: javax.sql.DataSource; SearchStrategy: all) found a single bean 'dataSource' (OnBeanCondition)

   HttpClientAutoConfiguration matched:
      - @ConditionalOnClass found required class 'org.springframework.http.client.ClientHttpRequestFactory' (OnClassCondition)
      - NoneNestedConditions 0 matched 1 did not; NestedCondition on NotReactiveWebApplicationCondition.ReactiveWebApplication did not find reactive web application classes (NotReactiveWebApplicationCondition)

   HttpClientAutoConfiguration#clientHttpRequestFactoryBuilder matched:
      - @ConditionalOnMissingBean (types: org.springframework.boot.http.client.ClientHttpRequestFactoryBuilder; SearchStrategy: all) did not find any beans (OnBeanCondition)

   HttpClientAutoConfiguration#clientHttpRequestFactorySettings matched:
      - @ConditionalOnMissingBean (types: org.springframework.boot.http.client.ClientHttpRequestFactorySettings; SearchStrategy: all) did not find any beans (OnBeanCondition)

   HttpEncodingAutoConfiguration matched:
      - @ConditionalOnClass found required class 'org.springframework.web.filter.CharacterEncodingFilter' (OnClassCondition)
      - found 'session' scope (OnWebApplicationCondition)
      - @ConditionalOnProperty (server.servlet.encoding.enabled) matched (OnPropertyCondition)

   HttpEncodingAutoConfiguration#characterEncodingFilter matched:
      - @ConditionalOnMissingBean (types: org.springframework.web.filter.CharacterEncodingFilter; SearchStrategy: all) did not find any beans (OnBeanCondition)

   HttpMessageConvertersAutoConfiguration matched:
      - @ConditionalOnClass found required class 'org.springframework.http.converter.HttpMessageConverter' (OnClassCondition)
      - NoneNestedConditions 0 matched 1 did not; NestedCondition on HttpMessageConvertersAutoConfiguration.NotReactiveWebApplicationCondition.ReactiveWebApplication did not find reactive web application classes (HttpMessageConvertersAutoConfiguration.NotReactiveWebApplicationCondition)

   HttpMessageConvertersAutoConfiguration#messageConverters matched:
      - @ConditionalOnMissingBean (types: org.springframework.boot.autoconfigure.http.HttpMessageConverters; SearchStrategy: all) did not find any beans (OnBeanCondition)

   HttpMessageConvertersAutoConfiguration.StringHttpMessageConverterConfiguration matched:
      - @ConditionalOnClass found required class 'org.springframework.http.converter.StringHttpMessageConverter' (OnClassCondition)

   HttpMessageConvertersAutoConfiguration.StringHttpMessageConverterConfiguration#stringHttpMessageConverter matched:
      - @ConditionalOnMissingBean (types: org.springframework.http.converter.StringHttpMessageConverter; SearchStrategy: all) did not find any beans (OnBeanCondition)

   JacksonAutoConfiguration matched:
      - @ConditionalOnClass found required class 'com.fasterxml.jackson.databind.ObjectMapper' (OnClassCondition)

   JacksonAutoConfiguration.Jackson2ObjectMapperBuilderCustomizerConfiguration matched:
      - @ConditionalOnClass found required class 'org.springframework.http.converter.json.Jackson2ObjectMapperBuilder' (OnClassCondition)

   JacksonAutoConfiguration.JacksonObjectMapperBuilderConfiguration matched:
      - @ConditionalOnClass found required class 'org.springframework.http.converter.json.Jackson2ObjectMapperBuilder' (OnClassCondition)

   JacksonAutoConfiguration.JacksonObjectMapperBuilderConfiguration#jacksonObjectMapperBuilder matched:
      - @ConditionalOnMissingBean (types: org.springframework.http.converter.json.Jackson2ObjectMapperBuilder; SearchStrategy: all) did not find any beans (OnBeanCondition)

   JacksonAutoConfiguration.JacksonObjectMapperConfiguration matched:
      - @ConditionalOnClass found required class 'org.springframework.http.converter.json.Jackson2ObjectMapperBuilder' (OnClassCondition)

   JacksonAutoConfiguration.JacksonObjectMapperConfiguration#jacksonObjectMapper matched:
      - @ConditionalOnMissingBean (types: com.fasterxml.jackson.databind.ObjectMapper; SearchStrategy: all) did not find any beans (OnBeanCondition)

   JacksonAutoConfiguration.ParameterNamesModuleConfiguration matched:
      - @ConditionalOnClass found required class 'com.fasterxml.jackson.module.paramnames.ParameterNamesModule' (OnClassCondition)

   JacksonAutoConfiguration.ParameterNamesModuleConfiguration#parameterNamesModule matched:
      - @ConditionalOnMissingBean (types: com.fasterxml.jackson.module.paramnames.ParameterNamesModule; SearchStrategy: all) did not find any beans (OnBeanCondition)

   JacksonHttpMessageConvertersConfiguration.MappingJackson2HttpMessageConverterConfiguration matched:
      - @ConditionalOnClass found required class 'com.fasterxml.jackson.databind.ObjectMapper' (OnClassCondition)
      - @ConditionalOnProperty (spring.mvc.converters.preferred-json-mapper=jackson) matched (OnPropertyCondition)
      - @ConditionalOnBean (types: com.fasterxml.jackson.databind.ObjectMapper; SearchStrategy: all) found bean 'jacksonObjectMapper' (OnBeanCondition)

   JacksonHttpMessageConvertersConfiguration.MappingJackson2HttpMessageConverterConfiguration#mappingJackson2HttpMessageConverter matched:
      - @ConditionalOnMissingBean (types: org.springframework.http.converter.json.MappingJackson2HttpMessageConverter ignored: org.springframework.hateoas.server.mvc.TypeConstrainedMappingJackson2HttpMessageConverter,org.springframework.data.rest.webmvc.alps.AlpsJsonHttpMessageConverter; SearchStrategy: all) did not find any beans (OnBeanCondition)

   JdbcClientAutoConfiguration matched:
      - @ConditionalOnSingleCandidate (types: org.springframework.jdbc.core.namedparam.NamedParameterJdbcTemplate; SearchStrategy: all) found a single bean 'namedParameterJdbcTemplate'; @ConditionalOnMissingBean (types: org.springframework.jdbc.core.simple.JdbcClient; SearchStrategy: all) did not find any beans (OnBeanCondition)

   JdbcTemplateAutoConfiguration matched:
      - @ConditionalOnClass found required classes 'javax.sql.DataSource', 'org.springframework.jdbc.core.JdbcTemplate' (OnClassCondition)
      - @ConditionalOnSingleCandidate (types: javax.sql.DataSource; SearchStrategy: all) found a single bean 'dataSource' (OnBeanCondition)

   JdbcTemplateConfiguration matched:
      - @ConditionalOnMissingBean (types: org.springframework.jdbc.core.JdbcOperations; SearchStrategy: all) did not find any beans (OnBeanCondition)

   JpaBaseConfiguration#entityManagerFactory matched:
      - @ConditionalOnMissingBean (types: org.springframework.orm.jpa.LocalContainerEntityManagerFactoryBean,jakarta.persistence.EntityManagerFactory; SearchStrategy: all) did not find any beans (OnBeanCondition)

   JpaBaseConfiguration#entityManagerFactoryBuilder matched:
      - @ConditionalOnMissingBean (types: org.springframework.boot.orm.jpa.EntityManagerFactoryBuilder; SearchStrategy: all) did not find any beans (OnBeanCondition)

   JpaBaseConfiguration#jpaVendorAdapter matched:
      - @ConditionalOnMissingBean (types: org.springframework.orm.jpa.JpaVendorAdapter; SearchStrategy: all) did not find any beans (OnBeanCondition)

   JpaBaseConfiguration#transactionManager matched:
      - @ConditionalOnMissingBean (types: org.springframework.transaction.TransactionManager; SearchStrategy: all) did not find any beans (OnBeanCondition)

   JpaBaseConfiguration.JpaWebConfiguration matched:
      - @ConditionalOnClass found required class 'org.springframework.web.servlet.config.annotation.WebMvcConfigurer' (OnClassCondition)
      - found 'session' scope (OnWebApplicationCondition)
      - @ConditionalOnProperty (spring.jpa.open-in-view=true) matched (OnPropertyCondition)
      - @ConditionalOnMissingBean (types: org.springframework.orm.jpa.support.OpenEntityManagerInViewInterceptor,org.springframework.orm.jpa.support.OpenEntityManagerInViewFilter; SearchStrategy: all) did not find any beans (OnBeanCondition)

   JpaBaseConfiguration.PersistenceManagedTypesConfiguration matched:
      - @ConditionalOnMissingBean (types: org.springframework.orm.jpa.LocalContainerEntityManagerFactoryBean,jakarta.persistence.EntityManagerFactory; SearchStrategy: all) did not find any beans (OnBeanCondition)

   JpaBaseConfiguration.PersistenceManagedTypesConfiguration#persistenceManagedTypes matched:
      - @ConditionalOnMissingBean (types: org.springframework.orm.jpa.persistenceunit.PersistenceManagedTypes; SearchStrategy: all) did not find any beans (OnBeanCondition)

   JpaRepositoriesAutoConfiguration matched:
      - @ConditionalOnClass found required class 'org.springframework.data.jpa.repository.JpaRepository' (OnClassCondition)
      - @ConditionalOnProperty (spring.data.jpa.repositories.enabled=true) matched (OnPropertyCondition)
      - @ConditionalOnBean (types: javax.sql.DataSource; SearchStrategy: all) found bean 'dataSource'; @ConditionalOnMissingBean (types: org.springframework.data.jpa.repository.support.JpaRepositoryFactoryBean,org.springframework.data.jpa.repository.config.JpaRepositoryConfigExtension; SearchStrategy: all) did not find any beans (OnBeanCondition)

   JtaAutoConfiguration matched:
      - @ConditionalOnClass found required class 'jakarta.transaction.Transaction' (OnClassCondition)
      - @ConditionalOnProperty (spring.jta.enabled) matched (OnPropertyCondition)

   LifecycleAutoConfiguration#defaultLifecycleProcessor matched:
      - @ConditionalOnMissingBean (names: lifecycleProcessor; SearchStrategy: current) did not find any beans (OnBeanCondition)

   MultipartAutoConfiguration matched:
      - @ConditionalOnClass found required classes 'jakarta.servlet.Servlet', 'org.springframework.web.multipart.support.StandardServletMultipartResolver', 'jakarta.servlet.MultipartConfigElement' (OnClassCondition)
      - found 'session' scope (OnWebApplicationCondition)
      - @ConditionalOnProperty (spring.servlet.multipart.enabled) matched (OnPropertyCondition)

   MultipartAutoConfiguration#multipartConfigElement matched:
      - @ConditionalOnMissingBean (types: jakarta.servlet.MultipartConfigElement; SearchStrategy: all) did not find any beans (OnBeanCondition)

   MultipartAutoConfiguration#multipartResolver matched:
      - @ConditionalOnMissingBean (types: org.springframework.web.multipart.MultipartResolver; SearchStrategy: all) did not find any beans (OnBeanCondition)

   NamedParameterJdbcTemplateConfiguration matched:
      - @ConditionalOnSingleCandidate (types: org.springframework.jdbc.core.JdbcTemplate; SearchStrategy: all) found a single bean 'jdbcTemplate'; @ConditionalOnMissingBean (types: org.springframework.jdbc.core.namedparam.NamedParameterJdbcOperations; SearchStrategy: all) did not find any beans (OnBeanCondition)

   NoOpCacheConfiguration matched:
      - Cache org.springframework.boot.autoconfigure.cache.NoOpCacheConfiguration automatic cache type (CacheCondition)

   PersistenceExceptionTranslationAutoConfiguration matched:
      - @ConditionalOnClass found required class 'org.springframework.dao.annotation.PersistenceExceptionTranslationPostProcessor' (OnClassCondition)

   PersistenceExceptionTranslationAutoConfiguration#persistenceExceptionTranslationPostProcessor matched:
      - @ConditionalOnProperty (spring.dao.exceptiontranslation.enabled) matched (OnPropertyCondition)
      - @ConditionalOnMissingBean (types: org.springframework.dao.annotation.PersistenceExceptionTranslationPostProcessor; SearchStrategy: all) did not find any beans (OnBeanCondition)

   PropertyPlaceholderAutoConfiguration#propertySourcesPlaceholderConfigurer matched:
      - @ConditionalOnMissingBean (types: org.springframework.context.support.PropertySourcesPlaceholderConfigurer; SearchStrategy: current) did not find any beans (OnBeanCondition)

   RestClientAutoConfiguration matched:
      - @ConditionalOnClass found required class 'org.springframework.web.client.RestClient' (OnClassCondition)
      - NoneNestedConditions 0 matched 1 did not; NestedCondition on NotReactiveWebApplicationCondition.ReactiveWebApplication did not find reactive web application classes (NotReactiveWebApplicationCondition)

   RestClientAutoConfiguration#httpMessageConvertersRestClientCustomizer matched:
      - @ConditionalOnMissingBean (types: org.springframework.boot.autoconfigure.web.client.HttpMessageConvertersRestClientCustomizer; SearchStrategy: all) did not find any beans (OnBeanCondition)

   RestClientAutoConfiguration#restClientBuilder matched:
      - @ConditionalOnMissingBean (types: org.springframework.web.client.RestClient$Builder; SearchStrategy: all) did not find any beans (OnBeanCondition)

   RestClientAutoConfiguration#restClientBuilderConfigurer matched:
      - @ConditionalOnMissingBean (types: org.springframework.boot.autoconfigure.web.client.RestClientBuilderConfigurer; SearchStrategy: all) did not find any beans (OnBeanCondition)

   RestClientAutoConfiguration#restClientSsl matched:
      - @ConditionalOnBean (types: org.springframework.boot.ssl.SslBundles; SearchStrategy: all) found bean 'sslBundleRegistry'; @ConditionalOnMissingBean (types: org.springframework.boot.autoconfigure.web.client.RestClientSsl; SearchStrategy: all) did not find any beans (OnBeanCondition)

   RestTemplateAutoConfiguration matched:
      - @ConditionalOnClass found required class 'org.springframework.web.client.RestTemplate' (OnClassCondition)
      - NoneNestedConditions 0 matched 1 did not; NestedCondition on NotReactiveWebApplicationCondition.ReactiveWebApplication did not find reactive web application classes (NotReactiveWebApplicationCondition)

   RestTemplateAutoConfiguration#restTemplateBuilder matched:
      - @ConditionalOnMissingBean (types: org.springframework.boot.web.client.RestTemplateBuilder; SearchStrategy: all) did not find any beans (OnBeanCondition)

   SecurityAutoConfiguration matched:
      - @ConditionalOnClass found required class 'org.springframework.security.authentication.DefaultAuthenticationEventPublisher' (OnClassCondition)

   SecurityAutoConfiguration#authenticationEventPublisher matched:
      - @ConditionalOnMissingBean (types: org.springframework.security.authentication.AuthenticationEventPublisher; SearchStrategy: all) did not find any beans (OnBeanCondition)

   SecurityFilterAutoConfiguration matched:
      - @ConditionalOnClass found required classes 'org.springframework.security.web.context.AbstractSecurityWebApplicationInitializer', 'org.springframework.security.config.http.SessionCreationPolicy' (OnClassCondition)
      - found 'session' scope (OnWebApplicationCondition)

   SecurityFilterAutoConfiguration#securityFilterChainRegistration matched:
      - @ConditionalOnBean (names: springSecurityFilterChain; SearchStrategy: all) found bean 'springSecurityFilterChain' (OnBeanCondition)

   ServletWebServerFactoryAutoConfiguration matched:
      - @ConditionalOnClass found required class 'jakarta.servlet.ServletRequest' (OnClassCondition)
      - found 'session' scope (OnWebApplicationCondition)

   ServletWebServerFactoryAutoConfiguration#tomcatServletWebServerFactoryCustomizer matched:
      - @ConditionalOnClass found required class 'org.apache.catalina.startup.Tomcat' (OnClassCondition)

   ServletWebServerFactoryConfiguration.EmbeddedTomcat matched:
      - @ConditionalOnClass found required classes 'jakarta.servlet.Servlet', 'org.apache.catalina.startup.Tomcat', 'org.apache.coyote.UpgradeProtocol' (OnClassCondition)
      - @ConditionalOnMissingBean (types: org.springframework.boot.web.servlet.server.ServletWebServerFactory; SearchStrategy: current) did not find any beans (OnBeanCondition)

   SimpleCacheConfiguration matched:
      - Cache org.springframework.boot.autoconfigure.cache.SimpleCacheConfiguration automatic cache type (CacheCondition)

   SpringBootWebSecurityConfiguration matched:
      - found 'session' scope (OnWebApplicationCondition)

   SpringBootWebSecurityConfiguration.WebSecurityEnablerConfiguration matched:
      - @ConditionalOnClass found required class 'org.springframework.security.config.annotation.web.configuration.EnableWebSecurity' (OnClassCondition)
      - @ConditionalOnMissingBean (names: springSecurityFilterChain; SearchStrategy: all) did not find any beans (OnBeanCondition)

   SpringDataWebAutoConfiguration matched:
      - @ConditionalOnClass found required classes 'org.springframework.data.web.PageableHandlerMethodArgumentResolver', 'org.springframework.web.servlet.config.annotation.WebMvcConfigurer' (OnClassCondition)
      - found 'session' scope (OnWebApplicationCondition)
      - @ConditionalOnMissingBean (types: org.springframework.data.web.PageableHandlerMethodArgumentResolver; SearchStrategy: all) did not find any beans (OnBeanCondition)

   SpringDataWebAutoConfiguration#pageableCustomizer matched:
      - @ConditionalOnMissingBean (types: org.springframework.data.web.config.PageableHandlerMethodArgumentResolverCustomizer; SearchStrategy: all) did not find any beans (OnBeanCondition)

   SpringDataWebAutoConfiguration#sortCustomizer matched:
      - @ConditionalOnMissingBean (types: org.springframework.data.web.config.SortHandlerMethodArgumentResolverCustomizer; SearchStrategy: all) did not find any beans (OnBeanCondition)

   SpringDataWebAutoConfiguration#springDataWebSettings matched:
      - @ConditionalOnMissingBean (types: org.springframework.data.web.config.SpringDataWebSettings; SearchStrategy: all) did not find any beans (OnBeanCondition)

   SqlInitializationAutoConfiguration matched:
      - @ConditionalOnProperty (spring.sql.init.enabled) matched (OnPropertyCondition)
      - NoneNestedConditions 0 matched 1 did not; NestedCondition on SqlInitializationAutoConfiguration.SqlInitializationModeCondition.ModeIsNever @ConditionalOnProperty (spring.sql.init.mode=never) did not find property 'mode' (SqlInitializationAutoConfiguration.SqlInitializationModeCondition)

   SslAutoConfiguration#sslBundleRegistry matched:
      - @ConditionalOnMissingBean (types: org.springframework.boot.ssl.SslBundleRegistry,org.springframework.boot.ssl.SslBundles; SearchStrategy: all) did not find any beans (OnBeanCondition)

   TaskExecutionAutoConfiguration matched:
      - @ConditionalOnClass found required class 'org.springframework.scheduling.concurrent.ThreadPoolTaskExecutor' (OnClassCondition)

   TaskExecutorConfigurations.SimpleAsyncTaskExecutorBuilderConfiguration#simpleAsyncTaskExecutorBuilder matched:
      - @ConditionalOnMissingBean (types: org.springframework.boot.task.SimpleAsyncTaskExecutorBuilder; SearchStrategy: all) did not find any beans (OnBeanCondition)
      - @ConditionalOnThreading found PLATFORM (OnThreadingCondition)

   TaskExecutorConfigurations.TaskExecutorConfiguration matched:
      - @ConditionalOnMissingBean (types: java.util.concurrent.Executor; SearchStrategy: all) did not find any beans (OnBeanCondition)

   TaskExecutorConfigurations.TaskExecutorConfiguration#applicationTaskExecutor matched:
      - @ConditionalOnThreading found PLATFORM (OnThreadingCondition)

   TaskExecutorConfigurations.ThreadPoolTaskExecutorBuilderConfiguration#threadPoolTaskExecutorBuilder matched:
      - @ConditionalOnMissingBean (types: org.springframework.boot.task.ThreadPoolTaskExecutorBuilder; SearchStrategy: all) did not find any beans (OnBeanCondition)

   TaskSchedulingAutoConfiguration matched:
      - @ConditionalOnClass found required class 'org.springframework.scheduling.concurrent.ThreadPoolTaskScheduler' (OnClassCondition)

   TaskSchedulingConfigurations.SimpleAsyncTaskSchedulerBuilderConfiguration#simpleAsyncTaskSchedulerBuilder matched:
      - @ConditionalOnMissingBean (types: org.springframework.boot.task.SimpleAsyncTaskSchedulerBuilder; SearchStrategy: all) did not find any beans (OnBeanCondition)
      - @ConditionalOnThreading found PLATFORM (OnThreadingCondition)

   TaskSchedulingConfigurations.ThreadPoolTaskSchedulerBuilderConfiguration#threadPoolTaskSchedulerBuilder matched:
      - @ConditionalOnMissingBean (types: org.springframework.boot.task.ThreadPoolTaskSchedulerBuilder; SearchStrategy: all) did not find any beans (OnBeanCondition)

   TransactionAutoConfiguration matched:
      - @ConditionalOnClass found required class 'org.springframework.transaction.PlatformTransactionManager' (OnClassCondition)

   TransactionAutoConfiguration.EnableTransactionManagementConfiguration matched:
      - @ConditionalOnBean (types: org.springframework.transaction.TransactionManager; SearchStrategy: all) found bean 'transactionManager'; @ConditionalOnMissingBean (types: org.springframework.transaction.annotation.AbstractTransactionManagementConfiguration; SearchStrategy: all) did not find any beans (OnBeanCondition)

   TransactionAutoConfiguration.EnableTransactionManagementConfiguration.CglibAutoProxyConfiguration matched:
      - @ConditionalOnProperty (spring.aop.proxy-target-class=true) matched (OnPropertyCondition)

   TransactionAutoConfiguration.TransactionTemplateConfiguration matched:
      - @ConditionalOnSingleCandidate (types: org.springframework.transaction.PlatformTransactionManager; SearchStrategy: all) found a single bean 'transactionManager' (OnBeanCondition)

   TransactionAutoConfiguration.TransactionTemplateConfiguration#transactionTemplate matched:
      - @ConditionalOnMissingBean (types: org.springframework.transaction.support.TransactionOperations; SearchStrategy: all) did not find any beans (OnBeanCondition)

   TransactionManagerCustomizationAutoConfiguration matched:
      - @ConditionalOnClass found required class 'org.springframework.transaction.PlatformTransactionManager' (OnClassCondition)

   TransactionManagerCustomizationAutoConfiguration#platformTransactionManagerCustomizers matched:
      - @ConditionalOnMissingBean (types: org.springframework.boot.autoconfigure.transaction.TransactionManagerCustomizers; SearchStrategy: all) did not find any beans (OnBeanCondition)

   WebMvcAutoConfiguration matched:
      - @ConditionalOnClass found required classes 'jakarta.servlet.Servlet', 'org.springframework.web.servlet.DispatcherServlet', 'org.springframework.web.servlet.config.annotation.WebMvcConfigurer' (OnClassCondition)
      - found 'session' scope (OnWebApplicationCondition)
      - @ConditionalOnMissingBean (types: org.springframework.web.servlet.config.annotation.WebMvcConfigurationSupport; SearchStrategy: all) did not find any beans (OnBeanCondition)

   WebMvcAutoConfiguration#formContentFilter matched:
      - @ConditionalOnProperty (spring.mvc.formcontent.filter.enabled) matched (OnPropertyCondition)
      - @ConditionalOnMissingBean (types: org.springframework.web.filter.FormContentFilter; SearchStrategy: all) did not find any beans (OnBeanCondition)

   WebMvcAutoConfiguration.EnableWebMvcConfiguration#flashMapManager matched:
      - @ConditionalOnMissingBean (names: flashMapManager; SearchStrategy: all) did not find any beans (OnBeanCondition)

   WebMvcAutoConfiguration.EnableWebMvcConfiguration#localeResolver matched:
      - @ConditionalOnMissingBean (names: localeResolver; SearchStrategy: all) did not find any beans (OnBeanCondition)

   WebMvcAutoConfiguration.EnableWebMvcConfiguration#themeResolver matched:
      - @ConditionalOnMissingBean (names: themeResolver; SearchStrategy: all) did not find any beans (OnBeanCondition)

   WebMvcAutoConfiguration.EnableWebMvcConfiguration#viewNameTranslator matched:
      - @ConditionalOnMissingBean (names: viewNameTranslator; SearchStrategy: all) did not find any beans (OnBeanCondition)

   WebMvcAutoConfiguration.WebMvcAutoConfigurationAdapter#defaultViewResolver matched:
      - @ConditionalOnMissingBean (types: org.springframework.web.servlet.view.InternalResourceViewResolver; SearchStrategy: all) did not find any beans (OnBeanCondition)

   WebMvcAutoConfiguration.WebMvcAutoConfigurationAdapter#requestContextFilter matched:
      - @ConditionalOnMissingBean (types: org.springframework.web.context.request.RequestContextListener,org.springframework.web.filter.RequestContextFilter; SearchStrategy: all) did not find any beans (OnBeanCondition)

   WebMvcAutoConfiguration.WebMvcAutoConfigurationAdapter#viewResolver matched:
      - @ConditionalOnBean (types: org.springframework.web.servlet.ViewResolver; SearchStrategy: all) found beans 'defaultViewResolver', 'beanNameViewResolver', 'mvcViewResolver'; @ConditionalOnMissingBean (names: viewResolver types: org.springframework.web.servlet.view.ContentNegotiatingViewResolver; SearchStrategy: all) did not find any beans (OnBeanCondition)

   WebSocketServletAutoConfiguration matched:
      - @ConditionalOnClass found required classes 'jakarta.servlet.Servlet', 'jakarta.websocket.server.ServerContainer' (OnClassCondition)
      - found 'session' scope (OnWebApplicationCondition)

   WebSocketServletAutoConfiguration.TomcatWebSocketConfiguration matched:
      - @ConditionalOnClass found required classes 'org.apache.catalina.startup.Tomcat', 'org.apache.tomcat.websocket.server.WsSci' (OnClassCondition)

   WebSocketServletAutoConfiguration.TomcatWebSocketConfiguration#websocketServletWebServerCustomizer matched:
      - @ConditionalOnMissingBean (names: websocketServletWebServerCustomizer; SearchStrategy: all) did not find any beans (OnBeanCondition)


Negative matches:
-----------------

   ActiveMQAutoConfiguration:
      Did not match:
         - @ConditionalOnClass did not find required class 'jakarta.jms.ConnectionFactory' (OnClassCondition)

   AopAutoConfiguration.AspectJAutoProxyingConfiguration.JdkDynamicAutoProxyConfiguration:
      Did not match:
         - @ConditionalOnProperty (spring.aop.proxy-target-class=false) did not find property 'proxy-target-class' (OnPropertyCondition)

   AopAutoConfiguration.ClassProxyingConfiguration:
      Did not match:
         - @ConditionalOnMissingClass found unwanted class 'org.aspectj.weaver.Advice' (OnClassCondition)

   ArtemisAutoConfiguration:
      Did not match:
         - @ConditionalOnClass did not find required class 'jakarta.jms.ConnectionFactory' (OnClassCondition)

   BatchAutoConfiguration:
      Did not match:
         - @ConditionalOnClass did not find required class 'org.springframework.batch.core.launch.JobLauncher' (OnClassCondition)

   Cache2kCacheConfiguration:
      Did not match:
         - @ConditionalOnClass did not find required class 'org.cache2k.Cache2kBuilder' (OnClassCondition)

   CacheAutoConfiguration:
      Did not match:
         - @ConditionalOnBean (types: org.springframework.cache.interceptor.CacheAspectSupport; SearchStrategy: all) did not find any beans of type org.springframework.cache.interceptor.CacheAspectSupport (OnBeanCondition)
      Matched:
         - @ConditionalOnClass found required class 'org.springframework.cache.CacheManager' (OnClassCondition)

   CacheAutoConfiguration.CacheManagerEntityManagerFactoryDependsOnPostProcessor:
      Did not match:
         - Ancestor org.springframework.boot.autoconfigure.cache.CacheAutoConfiguration did not match (ConditionEvaluationReport.AncestorsMatchedCondition)
      Matched:
         - @ConditionalOnClass found required class 'org.springframework.orm.jpa.LocalContainerEntityManagerFactoryBean' (OnClassCondition)

   CaffeineCacheConfiguration:
      Did not match:
         - @ConditionalOnClass did not find required class 'com.github.benmanes.caffeine.cache.Caffeine' (OnClassCondition)

   CassandraAutoConfiguration:
      Did not match:
         - @ConditionalOnClass did not find required class 'com.datastax.oss.driver.api.core.CqlSession' (OnClassCondition)

   CassandraDataAutoConfiguration:
      Did not match:
         - @ConditionalOnClass did not find required class 'com.datastax.oss.driver.api.core.CqlSession' (OnClassCondition)

   CassandraReactiveDataAutoConfiguration:
      Did not match:
         - @ConditionalOnClass did not find required class 'com.datastax.oss.driver.api.core.CqlSession' (OnClassCondition)

   CassandraReactiveRepositoriesAutoConfiguration:
      Did not match:
         - @ConditionalOnClass did not find required class 'org.springframework.data.cassandra.ReactiveSession' (OnClassCondition)

   CassandraRepositoriesAutoConfiguration:
      Did not match:
         - @ConditionalOnClass did not find required class 'com.datastax.oss.driver.api.core.CqlSession' (OnClassCondition)

   ClientHttpConnectorAutoConfiguration:
      Did not match:
         - @ConditionalOnClass did not find required class 'org.springframework.web.reactive.function.client.WebClient' (OnClassCondition)

   CodecsAutoConfiguration:
      Did not match:
         - @ConditionalOnClass did not find required class 'org.springframework.web.reactive.function.client.WebClient' (OnClassCondition)

   CouchbaseAutoConfiguration:
      Did not match:
         - @ConditionalOnClass did not find required class 'com.couchbase.client.java.Cluster' (OnClassCondition)

   CouchbaseCacheConfiguration:
      Did not match:
         - @ConditionalOnClass did not find required class 'com.couchbase.client.java.Cluster' (OnClassCondition)

   CouchbaseDataAutoConfiguration:
      Did not match:
         - @ConditionalOnClass did not find required class 'com.couchbase.client.java.Bucket' (OnClassCondition)

   CouchbaseReactiveDataAutoConfiguration:
      Did not match:
         - @ConditionalOnClass did not find required class 'com.couchbase.client.java.Cluster' (OnClassCondition)

   CouchbaseReactiveRepositoriesAutoConfiguration:
      Did not match:
         - @ConditionalOnClass did not find required class 'com.couchbase.client.java.Cluster' (OnClassCondition)

   CouchbaseRepositoriesAutoConfiguration:
      Did not match:
         - @ConditionalOnClass did not find required class 'com.couchbase.client.java.Bucket' (OnClassCondition)

   DataSourceAutoConfiguration.EmbeddedDatabaseConfiguration:
      Did not match:
         - EmbeddedDataSource spring.datasource.url is set (DataSourceAutoConfiguration.EmbeddedDatabaseCondition)

   DataSourceCheckpointRestoreConfiguration:
      Did not match:
         - @ConditionalOnClass did not find required class 'org.crac.Resource' (OnClassCondition)

   DataSourceConfiguration.Dbcp2:
      Did not match:
         - @ConditionalOnClass did not find required class 'org.apache.commons.dbcp2.BasicDataSource' (OnClassCondition)

   DataSourceConfiguration.Generic:
      Did not match:
         - @ConditionalOnProperty (spring.datasource.type) did not find property 'spring.datasource.type' (OnPropertyCondition)

   DataSourceConfiguration.OracleUcp:
      Did not match:
         - @ConditionalOnClass did not find required classes 'oracle.ucp.jdbc.PoolDataSourceImpl', 'oracle.jdbc.OracleConnection' (OnClassCondition)

   DataSourceConfiguration.Tomcat:
      Did not match:
         - @ConditionalOnClass did not find required class 'org.apache.tomcat.jdbc.pool.DataSource' (OnClassCondition)

   DataSourceJmxConfiguration.TomcatDataSourceJmxConfiguration:
      Did not match:
         - @ConditionalOnClass did not find required class 'org.apache.tomcat.jdbc.pool.DataSourceProxy' (OnClassCondition)

   DataSourcePoolMetadataProvidersConfiguration.CommonsDbcp2PoolDataSourceMetadataProviderConfiguration:
      Did not match:
         - @ConditionalOnClass did not find required class 'org.apache.commons.dbcp2.BasicDataSource' (OnClassCondition)

   DataSourcePoolMetadataProvidersConfiguration.OracleUcpPoolDataSourceMetadataProviderConfiguration:
      Did not match:
         - @ConditionalOnClass did not find required classes 'oracle.ucp.jdbc.PoolDataSource', 'oracle.jdbc.OracleConnection' (OnClassCondition)

   DataSourcePoolMetadataProvidersConfiguration.TomcatDataSourcePoolMetadataProviderConfiguration:
      Did not match:
         - @ConditionalOnClass did not find required class 'org.apache.tomcat.jdbc.pool.DataSource' (OnClassCondition)

   DataSourceTransactionManagerAutoConfiguration.JdbcTransactionManagerConfiguration#transactionManager:
      Did not match:
         - @ConditionalOnMissingBean (types: org.springframework.transaction.TransactionManager; SearchStrategy: all) found beans of type 'org.springframework.transaction.TransactionManager' transactionManager (OnBeanCondition)

   DispatcherServletAutoConfiguration.DispatcherServletConfiguration#multipartResolver:
      Did not match:
         - @ConditionalOnBean (types: org.springframework.web.multipart.MultipartResolver; SearchStrategy: all) did not find any beans of type org.springframework.web.multipart.MultipartResolver (OnBeanCondition)

   ElasticsearchClientAutoConfiguration:
      Did not match:
         - @ConditionalOnClass did not find required class 'co.elastic.clients.elasticsearch.ElasticsearchClient' (OnClassCondition)

   ElasticsearchDataAutoConfiguration:
      Did not match:
         - @ConditionalOnClass did not find required class 'org.springframework.data.elasticsearch.client.elc.ElasticsearchTemplate' (OnClassCondition)

   ElasticsearchRepositoriesAutoConfiguration:
      Did not match:
         - @ConditionalOnClass did not find required class 'org.springframework.data.elasticsearch.repository.ElasticsearchRepository' (OnClassCondition)

   ElasticsearchRestClientAutoConfiguration:
      Did not match:
         - @ConditionalOnClass did not find required class 'org.elasticsearch.client.RestClientBuilder' (OnClassCondition)

   EmbeddedLdapAutoConfiguration:
      Did not match:
         - @ConditionalOnClass did not find required class 'com.unboundid.ldap.listener.InMemoryDirectoryServer' (OnClassCondition)

   EmbeddedWebServerFactoryCustomizerAutoConfiguration.JettyWebServerFactoryCustomizerConfiguration:
      Did not match:
         - @ConditionalOnClass did not find required classes 'org.eclipse.jetty.server.Server', 'org.eclipse.jetty.util.Loader', 'org.eclipse.jetty.ee10.webapp.WebAppContext' (OnClassCondition)

   EmbeddedWebServerFactoryCustomizerAutoConfiguration.NettyWebServerFactoryCustomizerConfiguration:
      Did not match:
         - @ConditionalOnClass did not find required class 'reactor.netty.http.server.HttpServer' (OnClassCondition)

   EmbeddedWebServerFactoryCustomizerAutoConfiguration.TomcatWebServerFactoryCustomizerConfiguration#tomcatVirtualThreadsProtocolHandlerCustomizer:
      Did not match:
         - @ConditionalOnThreading did not find VIRTUAL (OnThreadingCondition)

   EmbeddedWebServerFactoryCustomizerAutoConfiguration.UndertowWebServerFactoryCustomizerConfiguration:
      Did not match:
         - @ConditionalOnClass did not find required classes 'io.undertow.Undertow', 'org.xnio.SslClientAuthMode' (OnClassCondition)

   ErrorWebFluxAutoConfiguration:
      Did not match:
         - @ConditionalOnClass did not find required class 'org.springframework.web.reactive.config.WebFluxConfigurer' (OnClassCondition)

   FlywayAutoConfiguration:
      Did not match:
         - @ConditionalOnClass did not find required class 'org.flywaydb.core.Flyway' (OnClassCondition)

   FreeMarkerAutoConfiguration:
      Did not match:
         - @ConditionalOnClass did not find required class 'freemarker.template.Configuration' (OnClassCondition)

   GraphQlAutoConfiguration:
      Did not match:
         - @ConditionalOnClass did not find required class 'graphql.GraphQL' (OnClassCondition)

   GraphQlQueryByExampleAutoConfiguration:
      Did not match:
         - @ConditionalOnClass did not find required class 'graphql.GraphQL' (OnClassCondition)

   GraphQlQuerydslAutoConfiguration:
      Did not match:
         - @ConditionalOnClass did not find required class 'com.querydsl.core.Query' (OnClassCondition)

   GraphQlRSocketAutoConfiguration:
      Did not match:
         - @ConditionalOnClass did not find required class 'graphql.GraphQL' (OnClassCondition)

   GraphQlReactiveQueryByExampleAutoConfiguration:
      Did not match:
         - @ConditionalOnClass did not find required class 'graphql.GraphQL' (OnClassCondition)

   GraphQlReactiveQuerydslAutoConfiguration:
      Did not match:
         - @ConditionalOnClass did not find required class 'com.querydsl.core.Query' (OnClassCondition)

   GraphQlWebFluxAutoConfiguration:
      Did not match:
         - @ConditionalOnClass did not find required class 'graphql.GraphQL' (OnClassCondition)

   GraphQlWebFluxSecurityAutoConfiguration:
      Did not match:
         - @ConditionalOnClass did not find required class 'graphql.GraphQL' (OnClassCondition)

   GraphQlWebMvcAutoConfiguration:
      Did not match:
         - @ConditionalOnClass did not find required class 'graphql.GraphQL' (OnClassCondition)

   GraphQlWebMvcSecurityAutoConfiguration:
      Did not match:
         - @ConditionalOnClass did not find required class 'graphql.GraphQL' (OnClassCondition)

   GroovyTemplateAutoConfiguration:
      Did not match:
         - @ConditionalOnClass did not find required class 'groovy.text.markup.MarkupTemplateEngine' (OnClassCondition)

   GsonAutoConfiguration:
      Did not match:
         - @ConditionalOnClass did not find required class 'com.google.gson.Gson' (OnClassCondition)

   GsonHttpMessageConvertersConfiguration:
      Did not match:
         - @ConditionalOnClass did not find required class 'com.google.gson.Gson' (OnClassCondition)

   H2ConsoleAutoConfiguration:
      Did not match:
         - @ConditionalOnClass did not find required class 'org.h2.server.web.JakartaWebServlet' (OnClassCondition)

   HazelcastAutoConfiguration:
      Did not match:
         - @ConditionalOnClass did not find required class 'com.hazelcast.core.HazelcastInstance' (OnClassCondition)

   HazelcastCacheConfiguration:
      Did not match:
         - @ConditionalOnClass did not find required class 'com.hazelcast.core.HazelcastInstance' (OnClassCondition)

   HazelcastJpaDependencyAutoConfiguration:
      Did not match:
         - @ConditionalOnClass did not find required class 'com.hazelcast.core.HazelcastInstance' (OnClassCondition)

   HttpHandlerAutoConfiguration:
      Did not match:
         - @ConditionalOnClass did not find required class 'org.springframework.web.reactive.DispatcherHandler' (OnClassCondition)

   HypermediaAutoConfiguration:
      Did not match:
         - @ConditionalOnClass did not find required class 'org.springframework.hateoas.EntityModel' (OnClassCondition)

   InfinispanCacheConfiguration:
      Did not match:
         - @ConditionalOnClass did not find required class 'org.infinispan.spring.embedded.provider.SpringEmbeddedCacheManager' (OnClassCondition)

   IntegrationAutoConfiguration:
      Did not match:
         - @ConditionalOnClass did not find required class 'org.springframework.integration.config.EnableIntegration' (OnClassCondition)

   JCacheCacheConfiguration:
      Did not match:
         - @ConditionalOnClass did not find required class 'javax.cache.Caching' (OnClassCondition)

   JacksonHttpMessageConvertersConfiguration.MappingJackson2XmlHttpMessageConverterConfiguration:
      Did not match:
         - @ConditionalOnClass did not find required class 'com.fasterxml.jackson.dataformat.xml.XmlMapper' (OnClassCondition)

   JdbcRepositoriesAutoConfiguration:
      Did not match:
         - @ConditionalOnClass did not find required class 'org.springframework.data.jdbc.repository.config.AbstractJdbcConfiguration' (OnClassCondition)

   JerseyAutoConfiguration:
      Did not match:
         - @ConditionalOnClass did not find required class 'org.glassfish.jersey.server.spring.SpringComponentProvider' (OnClassCondition)

   JmsAutoConfiguration:
      Did not match:
         - @ConditionalOnClass did not find required class 'jakarta.jms.Message' (OnClassCondition)

   JmxAutoConfiguration:
      Did not match:
         - @ConditionalOnProperty (spring.jmx.enabled=true) did not find property 'enabled' (OnPropertyCondition)
      Matched:
         - @ConditionalOnClass found required class 'org.springframework.jmx.export.MBeanExporter' (OnClassCondition)

   JndiConnectionFactoryAutoConfiguration:
      Did not match:
         - @ConditionalOnClass did not find required class 'org.springframework.jms.core.JmsTemplate' (OnClassCondition)

   JndiDataSourceAutoConfiguration:
      Did not match:
         - @ConditionalOnProperty (spring.datasource.jndi-name) did not find property 'jndi-name' (OnPropertyCondition)
      Matched:
         - @ConditionalOnClass found required classes 'javax.sql.DataSource', 'org.springframework.jdbc.datasource.embedded.EmbeddedDatabaseType' (OnClassCondition)

   JndiJtaConfiguration:
      Did not match:
         - @ConditionalOnJndi JNDI environment is not available (OnJndiCondition)
      Matched:
         - @ConditionalOnClass found required class 'org.springframework.transaction.jta.JtaTransactionManager' (OnClassCondition)

   JooqAutoConfiguration:
      Did not match:
         - @ConditionalOnClass did not find required class 'org.jooq.DSLContext' (OnClassCondition)

   JpaRepositoriesAutoConfiguration#entityManagerFactoryBootstrapExecutorCustomizer:
      Did not match:
         - AnyNestedCondition 0 matched 2 did not; NestedCondition on JpaRepositoriesAutoConfiguration.BootstrapExecutorCondition.LazyBootstrapMode @ConditionalOnProperty (spring.data.jpa.repositories.bootstrap-mode=lazy) did not find property 'bootstrap-mode'; NestedCondition on JpaRepositoriesAutoConfiguration.BootstrapExecutorCondition.DeferredBootstrapMode @ConditionalOnProperty (spring.data.jpa.repositories.bootstrap-mode=deferred) did not find property 'bootstrap-mode' (JpaRepositoriesAutoConfiguration.BootstrapExecutorCondition)

   JsonbAutoConfiguration:
      Did not match:
         - @ConditionalOnClass did not find required class 'jakarta.json.bind.Jsonb' (OnClassCondition)

   JsonbHttpMessageConvertersConfiguration:
      Did not match:
         - @ConditionalOnClass did not find required class 'jakarta.json.bind.Jsonb' (OnClassCondition)

   KafkaAutoConfiguration:
      Did not match:
         - @ConditionalOnClass did not find required class 'org.springframework.kafka.core.KafkaTemplate' (OnClassCondition)

   LdapAutoConfiguration:
      Did not match:
         - @ConditionalOnClass did not find required class 'org.springframework.ldap.core.ContextSource' (OnClassCondition)

   LdapRepositoriesAutoConfiguration:
      Did not match:
         - @ConditionalOnClass did not find required class 'org.springframework.data.ldap.repository.LdapRepository' (OnClassCondition)

   LiquibaseAutoConfiguration:
      Did not match:
         - @ConditionalOnClass did not find required class 'liquibase.change.DatabaseChange' (OnClassCondition)

   MailSenderAutoConfiguration:
      Did not match:
         - @ConditionalOnClass did not find required class 'jakarta.mail.internet.MimeMessage' (OnClassCondition)

   MailSenderValidatorAutoConfiguration:
      Did not match:
         - @ConditionalOnSingleCandidate did not find required type 'org.springframework.mail.javamail.JavaMailSenderImpl' (OnBeanCondition)

   MessageSourceAutoConfiguration:
      Did not match:
         - ResourceBundle did not find bundle with basename messages (MessageSourceAutoConfiguration.ResourceBundleCondition)

   MongoAutoConfiguration:
      Did not match:
         - @ConditionalOnClass did not find required class 'com.mongodb.client.MongoClient' (OnClassCondition)

   MongoDataAutoConfiguration:
      Did not match:
         - @ConditionalOnClass did not find required class 'com.mongodb.client.MongoClient' (OnClassCondition)

   MongoReactiveAutoConfiguration:
      Did not match:
         - @ConditionalOnClass did not find required class 'com.mongodb.reactivestreams.client.MongoClient' (OnClassCondition)

   MongoReactiveDataAutoConfiguration:
      Did not match:
         - @ConditionalOnClass did not find required class 'com.mongodb.reactivestreams.client.MongoClient' (OnClassCondition)

   MongoReactiveRepositoriesAutoConfiguration:
      Did not match:
         - @ConditionalOnClass did not find required class 'com.mongodb.reactivestreams.client.MongoClient' (OnClassCondition)

   MongoRepositoriesAutoConfiguration:
      Did not match:
         - @ConditionalOnClass did not find required class 'com.mongodb.client.MongoClient' (OnClassCondition)

   MustacheAutoConfiguration:
      Did not match:
         - @ConditionalOnClass did not find required class 'com.samskivert.mustache.Mustache' (OnClassCondition)

   Neo4jAutoConfiguration:
      Did not match:
         - @ConditionalOnClass did not find required class 'org.neo4j.driver.Driver' (OnClassCondition)

   Neo4jDataAutoConfiguration:
      Did not match:
         - @ConditionalOnClass did not find required class 'org.neo4j.driver.Driver' (OnClassCondition)

   Neo4jReactiveDataAutoConfiguration:
      Did not match:
         - @ConditionalOnClass did not find required class 'org.neo4j.driver.Driver' (OnClassCondition)

   Neo4jReactiveRepositoriesAutoConfiguration:
      Did not match:
         - @ConditionalOnClass did not find required class 'org.neo4j.driver.Driver' (OnClassCondition)

   Neo4jRepositoriesAutoConfiguration:
      Did not match:
         - @ConditionalOnClass did not find required class 'org.neo4j.driver.Driver' (OnClassCondition)

   NettyAutoConfiguration:
      Did not match:
         - @ConditionalOnClass did not find required class 'io.netty.util.NettyRuntime' (OnClassCondition)

   OAuth2AuthorizationServerAutoConfiguration:
      Did not match:
         - @ConditionalOnClass did not find required class 'org.springframework.security.oauth2.server.authorization.OAuth2Authorization' (OnClassCondition)

   OAuth2AuthorizationServerJwtAutoConfiguration:
      Did not match:
         - @ConditionalOnClass did not find required class 'org.springframework.security.oauth2.server.authorization.OAuth2Authorization' (OnClassCondition)

   OAuth2ClientAutoConfiguration:
      Did not match:
         - @ConditionalOnClass did not find required class 'org.springframework.security.oauth2.client.registration.ClientRegistration' (OnClassCondition)

   OAuth2ResourceServerAutoConfiguration:
      Did not match:
         - @ConditionalOnClass did not find required class 'org.springframework.security.oauth2.server.resource.authentication.BearerTokenAuthenticationToken' (OnClassCondition)

   ProjectInfoAutoConfiguration#buildProperties:
      Did not match:
         - @ConditionalOnResource did not find resource '${spring.info.build.location:classpath:META-INF/build-info.properties}' (OnResourceCondition)

   ProjectInfoAutoConfiguration#gitProperties:
      Did not match:
         - GitResource did not find git info at classpath:git.properties (ProjectInfoAutoConfiguration.GitResourceAvailableCondition)

   PulsarAutoConfiguration:
      Did not match:
         - @ConditionalOnClass did not find required class 'org.apache.pulsar.client.api.PulsarClient' (OnClassCondition)

   PulsarReactiveAutoConfiguration:
      Did not match:
         - @ConditionalOnClass did not find required class 'org.apache.pulsar.client.api.PulsarClient' (OnClassCondition)

   QuartzAutoConfiguration:
      Did not match:
         - @ConditionalOnClass did not find required class 'org.quartz.Scheduler' (OnClassCondition)

   R2dbcAutoConfiguration:
      Did not match:
         - @ConditionalOnClass did not find required class 'io.r2dbc.spi.ConnectionFactory' (OnClassCondition)

   R2dbcDataAutoConfiguration:
      Did not match:
         - @ConditionalOnClass did not find required class 'org.springframework.data.r2dbc.core.R2dbcEntityTemplate' (OnClassCondition)

   R2dbcInitializationConfiguration:
      Did not match:
         - @ConditionalOnClass did not find required classes 'io.r2dbc.spi.ConnectionFactory', 'org.springframework.r2dbc.connection.init.DatabasePopulator' (OnClassCondition)

   R2dbcProxyAutoConfiguration:
      Did not match:
         - @ConditionalOnClass did not find required class 'io.r2dbc.proxy.ProxyConnectionFactory' (OnClassCondition)

   R2dbcRepositoriesAutoConfiguration:
      Did not match:
         - @ConditionalOnClass did not find required class 'io.r2dbc.spi.ConnectionFactory' (OnClassCondition)

   R2dbcTransactionManagerAutoConfiguration:
      Did not match:
         - @ConditionalOnClass did not find required class 'org.springframework.r2dbc.connection.R2dbcTransactionManager' (OnClassCondition)

   RSocketGraphQlClientAutoConfiguration:
      Did not match:
         - @ConditionalOnClass did not find required class 'graphql.GraphQL' (OnClassCondition)

   RSocketMessagingAutoConfiguration:
      Did not match:
         - @ConditionalOnClass did not find required class 'io.rsocket.RSocket' (OnClassCondition)

   RSocketRequesterAutoConfiguration:
      Did not match:
         - @ConditionalOnClass did not find required class 'io.rsocket.RSocket' (OnClassCondition)

   RSocketSecurityAutoConfiguration:
      Did not match:
         - @ConditionalOnClass did not find required class 'org.springframework.security.rsocket.core.SecuritySocketAcceptorInterceptor' (OnClassCondition)

   RSocketServerAutoConfiguration:
      Did not match:
         - @ConditionalOnClass did not find required class 'io.rsocket.core.RSocketServer' (OnClassCondition)

   RSocketStrategiesAutoConfiguration:
      Did not match:
         - @ConditionalOnClass did not find required class 'io.netty.buffer.PooledByteBufAllocator' (OnClassCondition)

   RabbitAutoConfiguration:
      Did not match:
         - @ConditionalOnClass did not find required class 'com.rabbitmq.client.Channel' (OnClassCondition)

   ReactiveElasticsearchClientAutoConfiguration:
      Did not match:
         - @ConditionalOnClass did not find required class 'co.elastic.clients.transport.ElasticsearchTransport' (OnClassCondition)

   ReactiveElasticsearchRepositoriesAutoConfiguration:
      Did not match:
         - @ConditionalOnClass did not find required class 'reactor.core.publisher.Mono' (OnClassCondition)

   ReactiveMultipartAutoConfiguration:
      Did not match:
         - @ConditionalOnClass did not find required class 'org.springframework.web.reactive.config.WebFluxConfigurer' (OnClassCondition)

   ReactiveOAuth2ClientAutoConfiguration:
      Did not match:
         - @ConditionalOnClass did not find required class 'reactor.core.publisher.Flux' (OnClassCondition)

   ReactiveOAuth2ResourceServerAutoConfiguration:
      Did not match:
         - @ConditionalOnWebApplication did not find reactive web application classes (OnWebApplicationCondition)

   ReactiveSecurityAutoConfiguration:
      Did not match:
         - @ConditionalOnClass did not find required class 'reactor.core.publisher.Flux' (OnClassCondition)

   ReactiveUserDetailsServiceAutoConfiguration:
      Did not match:
         - AnyNestedCondition 0 matched 2 did not; NestedCondition on ReactiveUserDetailsServiceAutoConfiguration.RSocketEnabledOrReactiveWebApplication.ReactiveWebApplicationCondition did not find reactive web application classes; NestedCondition on ReactiveUserDetailsServiceAutoConfiguration.RSocketEnabledOrReactiveWebApplication.RSocketSecurityEnabledCondition @ConditionalOnBean (types: org.springframework.messaging.rsocket.annotation.support.RSocketMessageHandler; SearchStrategy: all) did not find any beans of type org.springframework.messaging.rsocket.annotation.support.RSocketMessageHandler (ReactiveUserDetailsServiceAutoConfiguration.RSocketEnabledOrReactiveWebApplication)
      Matched:
         - @ConditionalOnClass found required class 'org.springframework.security.authentication.ReactiveAuthenticationManager' (OnClassCondition)
         - AnyNestedCondition 1 matched 2 did not; NestedCondition on ReactiveUserDetailsServiceAutoConfiguration.MissingAlternativeOrUserPropertiesConfigured.PasswordConfigured @ConditionalOnProperty (spring.security.user.password) did not find property 'password'; NestedCondition on ReactiveUserDetailsServiceAutoConfiguration.MissingAlternativeOrUserPropertiesConfigured.NameConfigured @ConditionalOnProperty (spring.security.user.name) did not find property 'name'; NestedCondition on ReactiveUserDetailsServiceAutoConfiguration.MissingAlternativeOrUserPropertiesConfigured.MissingAlternative @ConditionalOnMissingClass did not find unwanted classes 'org.springframework.security.oauth2.client.registration.ClientRegistrationRepository', 'org.springframework.security.oauth2.server.resource.introspection.ReactiveOpaqueTokenIntrospector' (ReactiveUserDetailsServiceAutoConfiguration.MissingAlternativeOrUserPropertiesConfigured)

   ReactiveWebServerFactoryAutoConfiguration:
      Did not match:
         - @ConditionalOnWebApplication did not find reactive web application classes (OnWebApplicationCondition)

   ReactorAutoConfiguration:
      Did not match:
         - @ConditionalOnClass did not find required class 'reactor.core.publisher.Hooks' (OnClassCondition)

   RedisAutoConfiguration:
      Did not match:
         - @ConditionalOnClass did not find required class 'org.springframework.data.redis.core.RedisOperations' (OnClassCondition)

   RedisCacheConfiguration:
      Did not match:
         - @ConditionalOnClass did not find required class 'org.springframework.data.redis.connection.RedisConnectionFactory' (OnClassCondition)

   RedisReactiveAutoConfiguration:
      Did not match:
         - @ConditionalOnClass did not find required class 'reactor.core.publisher.Flux' (OnClassCondition)

   RedisRepositoriesAutoConfiguration:
      Did not match:
         - @ConditionalOnClass did not find required class 'org.springframework.data.redis.repository.configuration.EnableRedisRepositories' (OnClassCondition)

   RepositoryRestMvcAutoConfiguration:
      Did not match:
         - @ConditionalOnClass did not find required class 'org.springframework.data.rest.webmvc.config.RepositoryRestMvcConfiguration' (OnClassCondition)

   Saml2RelyingPartyAutoConfiguration:
      Did not match:
         - @ConditionalOnClass did not find required class 'org.springframework.security.saml2.provider.service.registration.RelyingPartyRegistrationRepository' (OnClassCondition)

   SecurityDataConfiguration:
      Did not match:
         - @ConditionalOnClass did not find required class 'org.springframework.security.data.repository.query.SecurityEvaluationContextExtension' (OnClassCondition)

   SendGridAutoConfiguration:
      Did not match:
         - @ConditionalOnClass did not find required class 'com.sendgrid.SendGrid' (OnClassCondition)

   ServletWebServerFactoryAutoConfiguration.ForwardedHeaderFilterConfiguration:
      Did not match:
         - @ConditionalOnProperty (server.forward-headers-strategy=framework) did not find property 'server.forward-headers-strategy' (OnPropertyCondition)

   ServletWebServerFactoryConfiguration.EmbeddedJetty:
      Did not match:
         - @ConditionalOnClass did not find required classes 'org.eclipse.jetty.server.Server', 'org.eclipse.jetty.util.Loader', 'org.eclipse.jetty.ee10.webapp.WebAppContext' (OnClassCondition)

   ServletWebServerFactoryConfiguration.EmbeddedUndertow:
      Did not match:
         - @ConditionalOnClass did not find required classes 'io.undertow.Undertow', 'org.xnio.SslClientAuthMode' (OnClassCondition)

   SessionAutoConfiguration:
      Did not match:
         - @ConditionalOnClass did not find required class 'org.springframework.session.Session' (OnClassCondition)

   SpringApplicationAdminJmxAutoConfiguration:
      Did not match:
         - @ConditionalOnProperty (spring.application.admin.enabled=true) did not find property 'enabled' (OnPropertyCondition)

   SpringBootWebSecurityConfiguration.SecurityFilterChainConfiguration:
      Did not match:
         - AllNestedConditions 1 matched 1 did not; NestedCondition on DefaultWebSecurityCondition.Beans @ConditionalOnMissingBean (types: org.springframework.security.web.SecurityFilterChain; SearchStrategy: all) found beans of type 'org.springframework.security.web.SecurityFilterChain' securityFilterChain; NestedCondition on DefaultWebSecurityCondition.Classes @ConditionalOnClass found required classes 'org.springframework.security.web.SecurityFilterChain', 'org.springframework.security.config.annotation.web.builders.HttpSecurity' (DefaultWebSecurityCondition)

   TaskExecutorConfigurations.SimpleAsyncTaskExecutorBuilderConfiguration#simpleAsyncTaskExecutorBuilderVirtualThreads:
      Did not match:
         - @ConditionalOnMissingBean (types: org.springframework.boot.task.SimpleAsyncTaskExecutorBuilder; SearchStrategy: all) found beans of type 'org.springframework.boot.task.SimpleAsyncTaskExecutorBuilder' simpleAsyncTaskExecutorBuilder (OnBeanCondition)

   TaskExecutorConfigurations.TaskExecutorConfiguration#applicationTaskExecutorVirtualThreads:
      Did not match:
         - @ConditionalOnThreading did not find VIRTUAL (OnThreadingCondition)

   TaskSchedulingAutoConfiguration#scheduledBeanLazyInitializationExcludeFilter:
      Did not match:
         - @ConditionalOnBean (names: org.springframework.context.annotation.internalScheduledAnnotationProcessor; SearchStrategy: all) did not find any beans named org.springframework.context.annotation.internalScheduledAnnotationProcessor (OnBeanCondition)

   TaskSchedulingConfigurations.SimpleAsyncTaskSchedulerBuilderConfiguration#simpleAsyncTaskSchedulerBuilderVirtualThreads:
      Did not match:
         - @ConditionalOnMissingBean (types: org.springframework.boot.task.SimpleAsyncTaskSchedulerBuilder; SearchStrategy: all) found beans of type 'org.springframework.boot.task.SimpleAsyncTaskSchedulerBuilder' simpleAsyncTaskSchedulerBuilder (OnBeanCondition)

   TaskSchedulingConfigurations.TaskSchedulerConfiguration:
      Did not match:
         - @ConditionalOnBean (names: org.springframework.context.annotation.internalScheduledAnnotationProcessor; SearchStrategy: all) did not find any beans named org.springframework.context.annotation.internalScheduledAnnotationProcessor (OnBeanCondition)

   ThymeleafAutoConfiguration:
      Did not match:
         - @ConditionalOnClass did not find required class 'org.thymeleaf.spring6.SpringTemplateEngine' (OnClassCondition)

   TransactionAutoConfiguration#transactionalOperator:
      Did not match:
         - @ConditionalOnSingleCandidate (types: org.springframework.transaction.ReactiveTransactionManager; SearchStrategy: all) did not find any beans (OnBeanCondition)

   TransactionAutoConfiguration.AspectJTransactionManagementConfiguration:
      Did not match:
         - @ConditionalOnBean (types: org.springframework.transaction.aspectj.AbstractTransactionAspect; SearchStrategy: all) did not find any beans of type org.springframework.transaction.aspectj.AbstractTransactionAspect (OnBeanCondition)

   TransactionAutoConfiguration.EnableTransactionManagementConfiguration.JdkDynamicAutoProxyConfiguration:
      Did not match:
         - @ConditionalOnProperty (spring.aop.proxy-target-class=false) did not find property 'proxy-target-class' (OnPropertyCondition)

   UserDetailsServiceAutoConfiguration:
      Did not match:
         - @ConditionalOnMissingBean (types: org.springframework.security.authentication.AuthenticationManager,org.springframework.security.authentication.AuthenticationProvider,org.springframework.security.core.userdetails.UserDetailsService,org.springframework.security.authentication.AuthenticationManagerResolver,org.springframework.security.oauth2.jwt.JwtDecoder; SearchStrategy: all) found beans of type 'org.springframework.security.authentication.AuthenticationManager' authenticationManager and found beans of type 'org.springframework.security.core.userdetails.UserDetailsService' customUserDetailsService, userDetailsService (OnBeanCondition)
      Matched:
         - @ConditionalOnClass found required class 'org.springframework.security.authentication.AuthenticationManager' (OnClassCondition)
         - found 'session' scope (OnWebApplicationCondition)
         - AnyNestedCondition 1 matched 2 did not; NestedCondition on UserDetailsServiceAutoConfiguration.MissingAlternativeOrUserPropertiesConfigured.PasswordConfigured @ConditionalOnProperty (spring.security.user.password) did not find property 'password'; NestedCondition on UserDetailsServiceAutoConfiguration.MissingAlternativeOrUserPropertiesConfigured.NameConfigured @ConditionalOnProperty (spring.security.user.name) did not find property 'name'; NestedCondition on UserDetailsServiceAutoConfiguration.MissingAlternativeOrUserPropertiesConfigured.MissingAlternative @ConditionalOnMissingClass did not find unwanted classes 'org.springframework.security.oauth2.client.registration.ClientRegistrationRepository', 'org.springframework.security.oauth2.server.resource.introspection.OpaqueTokenIntrospector', 'org.springframework.security.saml2.provider.service.registration.RelyingPartyRegistrationRepository' (UserDetailsServiceAutoConfiguration.MissingAlternativeOrUserPropertiesConfigured)

   ValidationAutoConfiguration:
      Did not match:
         - @ConditionalOnClass did not find required class 'jakarta.validation.executable.ExecutableValidator' (OnClassCondition)

   WebClientAutoConfiguration:
      Did not match:
         - @ConditionalOnClass did not find required class 'org.springframework.web.reactive.function.client.WebClient' (OnClassCondition)

   WebFluxAutoConfiguration:
      Did not match:
         - @ConditionalOnClass did not find required class 'org.springframework.web.reactive.config.WebFluxConfigurer' (OnClassCondition)

   WebMvcAutoConfiguration#hiddenHttpMethodFilter:
      Did not match:
         - @ConditionalOnProperty (spring.mvc.hiddenmethod.filter.enabled) did not find property 'enabled' (OnPropertyCondition)

   WebMvcAutoConfiguration.ProblemDetailsErrorHandlingConfiguration:
      Did not match:
         - @ConditionalOnProperty (spring.mvc.problemdetails.enabled=true) did not find property 'enabled' (OnPropertyCondition)

   WebMvcAutoConfiguration.ResourceChainCustomizerConfiguration:
      Did not match:
         - @ConditionalOnEnabledResourceChain did not find class org.webjars.WebJarVersionLocator (OnEnabledResourceChainCondition)

   WebMvcAutoConfiguration.WebMvcAutoConfigurationAdapter#beanNameViewResolver:
      Did not match:
         - @ConditionalOnMissingBean (types: org.springframework.web.servlet.view.BeanNameViewResolver; SearchStrategy: all) found beans of type 'org.springframework.web.servlet.view.BeanNameViewResolver' beanNameViewResolver (OnBeanCondition)

   WebServiceTemplateAutoConfiguration:
      Did not match:
         - @ConditionalOnClass did not find required class 'org.springframework.oxm.Marshaller' (OnClassCondition)

   WebServicesAutoConfiguration:
      Did not match:
         - @ConditionalOnClass did not find required class 'org.springframework.ws.transport.http.MessageDispatcherServlet' (OnClassCondition)

   WebSessionIdResolverAutoConfiguration:
      Did not match:
         - @ConditionalOnClass did not find required class 'reactor.core.publisher.Mono' (OnClassCondition)

   WebSocketMessagingAutoConfiguration:
      Did not match:
         - @ConditionalOnClass did not find required class 'org.springframework.web.socket.config.annotation.WebSocketMessageBrokerConfigurer' (OnClassCondition)

   WebSocketReactiveAutoConfiguration:
      Did not match:
         - @ConditionalOnWebApplication did not find reactive web application classes (OnWebApplicationCondition)

   WebSocketServletAutoConfiguration.JettyWebSocketConfiguration:
      Did not match:
         - @ConditionalOnClass did not find required class 'org.eclipse.jetty.ee10.websocket.jakarta.server.config.JakartaWebSocketServletContainerInitializer' (OnClassCondition)

   WebSocketServletAutoConfiguration.UndertowWebSocketConfiguration:
      Did not match:
         - @ConditionalOnClass did not find required class 'io.undertow.websockets.jsr.Bootstrap' (OnClassCondition)

   XADataSourceAutoConfiguration:
      Did not match:
         - @ConditionalOnBean (types: org.springframework.boot.jdbc.XADataSourceWrapper; SearchStrategy: all) did not find any beans of type org.springframework.boot.jdbc.XADataSourceWrapper (OnBeanCondition)
      Matched:
         - @ConditionalOnClass found required classes 'javax.sql.DataSource', 'jakarta.transaction.TransactionManager', 'org.springframework.jdbc.datasource.embedded.EmbeddedDatabaseType' (OnClassCondition)


Exclusions:
-----------

    None


Unconditional classes:
----------------------

    org.springframework.boot.autoconfigure.context.ConfigurationPropertiesAutoConfiguration

    org.springframework.boot.autoconfigure.ssl.SslAutoConfiguration

    org.springframework.boot.autoconfigure.context.LifecycleAutoConfiguration

    org.springframework.boot.autoconfigure.context.PropertyPlaceholderAutoConfiguration

    org.springframework.boot.autoconfigure.availability.ApplicationAvailabilityAutoConfiguration

    org.springframework.boot.autoconfigure.info.ProjectInfoAutoConfiguration



2025-04-05T02:02:05.860+05:30  INFO 14688 --- [LoginSignup] [main] c.e.LoginSignup.LoginSignupApplication   : Started LoginSignupApplication in 6.525 seconds (process running for 6.998)
2025-04-05T02:02:05.861+05:30 DEBUG 14688 --- [LoginSignup] [main] o.s.b.a.ApplicationAvailabilityBean      : Application availability state LivenessState changed to CORRECT
2025-04-05T02:02:05.864+05:30 DEBUG 14688 --- [LoginSignup] [main] o.s.b.a.ApplicationAvailabilityBean      : Application availability state ReadinessState changed to ACCEPTING_TRAFFIC
2025-04-05T02:02:07.019+05:30  INFO 14688 --- [LoginSignup] [http-nio-8083-exec-1] o.a.c.c.C.[Tomcat].[localhost].[/]       : Initializing Spring DispatcherServlet 'dispatcherServlet'
2025-04-05T02:02:07.019+05:30  INFO 14688 --- [LoginSignup] [http-nio-8083-exec-1] o.s.web.servlet.DispatcherServlet        : Initializing Servlet 'dispatcherServlet'
2025-04-05T02:02:07.019+05:30 DEBUG 14688 --- [LoginSignup] [http-nio-8083-exec-1] o.s.web.servlet.DispatcherServlet        : Detected StandardServletMultipartResolver
2025-04-05T02:02:07.019+05:30 DEBUG 14688 --- [LoginSignup] [http-nio-8083-exec-1] o.s.web.servlet.DispatcherServlet        : Detected AcceptHeaderLocaleResolver
2025-04-05T02:02:07.020+05:30 DEBUG 14688 --- [LoginSignup] [http-nio-8083-exec-1] o.s.web.servlet.DispatcherServlet        : Detected FixedThemeResolver
2025-04-05T02:02:07.020+05:30 DEBUG 14688 --- [LoginSignup] [http-nio-8083-exec-1] o.s.web.servlet.DispatcherServlet        : Detected org.springframework.web.servlet.view.DefaultRequestToViewNameTranslator@1315befe
2025-04-05T02:02:07.021+05:30 DEBUG 14688 --- [LoginSignup] [http-nio-8083-exec-1] o.s.web.servlet.DispatcherServlet        : Detected org.springframework.web.servlet.support.SessionFlashMapManager@2786b644
2025-04-05T02:02:07.021+05:30 DEBUG 14688 --- [LoginSignup] [http-nio-8083-exec-1] o.s.web.servlet.DispatcherServlet        : enableLoggingRequestDetails='false': request parameters and headers will be masked to prevent unsafe logging of potentially sensitive data
2025-04-05T02:02:07.021+05:30  INFO 14688 --- [LoginSignup] [http-nio-8083-exec-1] o.s.web.servlet.DispatcherServlet        : Completed initialization in 2 ms
2025-04-05T02:02:07.044+05:30 DEBUG 14688 --- [LoginSignup] [http-nio-8083-exec-1] o.s.security.web.FilterChainProxy        : Securing POST /auth/login
2025-04-05T02:02:07.052+05:30 DEBUG 14688 --- [LoginSignup] [http-nio-8083-exec-1] o.s.security.web.FilterChainProxy        : Secured POST /auth/login
2025-04-05T02:02:07.054+05:30 DEBUG 14688 --- [LoginSignup] [http-nio-8083-exec-1] o.s.web.servlet.DispatcherServlet        : POST "/auth/login", parameters={}
2025-04-05T02:02:07.056+05:30 DEBUG 14688 --- [LoginSignup] [http-nio-8083-exec-1] s.w.s.m.m.a.RequestMappingHandlerMapping : Mapped to com.example.LoginSignup.controller.UserController#login(UserDTO)
2025-04-05T02:02:07.058+05:30 DEBUG 14688 --- [LoginSignup] [http-nio-8083-exec-1] o.j.s.OpenEntityManagerInViewInterceptor : Opening JPA EntityManager in OpenEntityManagerInViewInterceptor
2025-04-05T02:02:07.142+05:30 DEBUG 14688 --- [LoginSignup] [http-nio-8083-exec-1] m.m.a.RequestResponseBodyMethodProcessor : Read "application/json;charset=UTF-8" to [com.example.LoginSignup.dto.UserDTO@58a5e8e0]
2025-04-05T02:02:07.292+05:30 DEBUG 14688 --- [LoginSignup] [http-nio-8083-exec-1] org.hibernate.SQL                        : select um1_0.id,um1_0.email,um1_0.password,um1_0.role,um1_0.user_name from user_information um1_0 where um1_0.email=?
2025-04-05T02:02:07.473+05:30 DEBUG 14688 --- [LoginSignup] [http-nio-8083-exec-1] o.s.w.s.m.m.a.HttpEntityMethodProcessor  : Using 'text/plain', given [*/*] and supported [text/plain, */*, application/json, application/*+json]
2025-04-05T02:02:07.474+05:30 DEBUG 14688 --- [LoginSignup] [http-nio-8083-exec-1] o.s.w.s.m.m.a.HttpEntityMethodProcessor  : Writing ["Login Successful: eyJhbGciOiJIUzI1NiJ9.eyJyb2xlIjoiQURNSU4iLCJzdWIiOiJkZWVwYWtfYWRtaW4iLCJpYXQiOjE3N (truncated)..."]
2025-04-05T02:02:07.480+05:30 DEBUG 14688 --- [LoginSignup] [http-nio-8083-exec-1] o.j.s.OpenEntityManagerInViewInterceptor : Closing JPA EntityManager in OpenEntityManagerInViewInterceptor
2025-04-05T02:02:07.481+05:30 DEBUG 14688 --- [LoginSignup] [http-nio-8083-exec-1] o.s.web.servlet.DispatcherServlet        : Completed 200 OK
2025-04-05T02:02:07.483+05:30 DEBUG 14688 --- [LoginSignup] [http-nio-8083-exec-1] o.s.s.w.a.AnonymousAuthenticationFilter  : Set SecurityContextHolder to anonymous SecurityContext
2025-04-05T02:23:15.066+05:30 DEBUG 14688 --- [LoginSignup] [http-nio-8083-exec-2] o.s.security.web.FilterChainProxy        : Securing POST /auth/login
2025-04-05T02:23:15.105+05:30 DEBUG 14688 --- [LoginSignup] [http-nio-8083-exec-2] o.s.security.web.FilterChainProxy        : Secured POST /auth/login
2025-04-05T02:23:15.113+05:30 DEBUG 14688 --- [LoginSignup] [http-nio-8083-exec-2] o.s.web.servlet.DispatcherServlet        : POST "/auth/login", parameters={}
2025-04-05T02:23:15.116+05:30 DEBUG 14688 --- [LoginSignup] [http-nio-8083-exec-2] s.w.s.m.m.a.RequestMappingHandlerMapping : Mapped to com.example.LoginSignup.controller.UserController#login(UserDTO)
2025-04-05T02:23:15.127+05:30 DEBUG 14688 --- [LoginSignup] [http-nio-8083-exec-2] o.j.s.OpenEntityManagerInViewInterceptor : Opening JPA EntityManager in OpenEntityManagerInViewInterceptor
2025-04-05T02:23:15.194+05:30 DEBUG 14688 --- [LoginSignup] [http-nio-8083-exec-2] m.m.a.RequestResponseBodyMethodProcessor : Read "application/json;charset=UTF-8" to [com.example.LoginSignup.dto.UserDTO@4b43d64]
2025-04-05T02:23:15.425+05:30 DEBUG 14688 --- [LoginSignup] [http-nio-8083-exec-2] org.hibernate.SQL                        : select um1_0.id,um1_0.email,um1_0.password,um1_0.role,um1_0.user_name from user_information um1_0 where um1_0.email is null
2025-04-05T02:23:15.598+05:30 DEBUG 14688 --- [LoginSignup] [http-nio-8083-exec-2] o.s.w.s.m.m.a.HttpEntityMethodProcessor  : Using 'text/plain', given [*/*] and supported [text/plain, */*, application/json, application/*+json]
2025-04-05T02:23:15.599+05:30 DEBUG 14688 --- [LoginSignup] [http-nio-8083-exec-2] o.s.w.s.m.m.a.HttpEntityMethodProcessor  : Writing ["Login Failed: User not found"]
2025-04-05T02:23:15.610+05:30 DEBUG 14688 --- [LoginSignup] [http-nio-8083-exec-2] o.j.s.OpenEntityManagerInViewInterceptor : Closing JPA EntityManager in OpenEntityManagerInViewInterceptor
2025-04-05T02:23:15.616+05:30 DEBUG 14688 --- [LoginSignup] [http-nio-8083-exec-2] o.s.web.servlet.DispatcherServlet        : Completed 400 BAD_REQUEST
2025-04-05T02:23:15.617+05:30 DEBUG 14688 --- [LoginSignup] [http-nio-8083-exec-2] o.s.s.w.a.AnonymousAuthenticationFilter  : Set SecurityContextHolder to anonymous SecurityContext
2025-04-05T02:23:29.567+05:30 DEBUG 14688 --- [LoginSignup] [http-nio-8083-exec-3] o.s.security.web.FilterChainProxy        : Securing POST /auth/login
2025-04-05T02:23:29.568+05:30 DEBUG 14688 --- [LoginSignup] [http-nio-8083-exec-3] o.s.security.web.FilterChainProxy        : Secured POST /auth/login
2025-04-05T02:23:29.570+05:30 DEBUG 14688 --- [LoginSignup] [http-nio-8083-exec-3] o.s.web.servlet.DispatcherServlet        : POST "/auth/login", parameters={}
2025-04-05T02:23:29.570+05:30 DEBUG 14688 --- [LoginSignup] [http-nio-8083-exec-3] s.w.s.m.m.a.RequestMappingHandlerMapping : Mapped to com.example.LoginSignup.controller.UserController#login(UserDTO)
2025-04-05T02:23:29.570+05:30 DEBUG 14688 --- [LoginSignup] [http-nio-8083-exec-3] o.j.s.OpenEntityManagerInViewInterceptor : Opening JPA EntityManager in OpenEntityManagerInViewInterceptor
2025-04-05T02:23:29.574+05:30 DEBUG 14688 --- [LoginSignup] [http-nio-8083-exec-3] m.m.a.RequestResponseBodyMethodProcessor : Read "application/json;charset=UTF-8" to [com.example.LoginSignup.dto.UserDTO@22b2da64]
2025-04-05T02:23:29.578+05:30 DEBUG 14688 --- [LoginSignup] [http-nio-8083-exec-3] org.hibernate.SQL                        : select um1_0.id,um1_0.email,um1_0.password,um1_0.role,um1_0.user_name from user_information um1_0 where um1_0.email is null
2025-04-05T02:23:29.607+05:30 DEBUG 14688 --- [LoginSignup] [http-nio-8083-exec-3] o.s.w.s.m.m.a.HttpEntityMethodProcessor  : Using 'text/plain', given [*/*] and supported [text/plain, */*, application/json, application/*+json]
2025-04-05T02:23:29.610+05:30 DEBUG 14688 --- [LoginSignup] [http-nio-8083-exec-3] o.s.w.s.m.m.a.HttpEntityMethodProcessor  : Writing ["Login Failed: User not found"]
2025-04-05T02:23:29.617+05:30 DEBUG 14688 --- [LoginSignup] [http-nio-8083-exec-3] o.j.s.OpenEntityManagerInViewInterceptor : Closing JPA EntityManager in OpenEntityManagerInViewInterceptor
2025-04-05T02:23:29.617+05:30 DEBUG 14688 --- [LoginSignup] [http-nio-8083-exec-3] o.s.web.servlet.DispatcherServlet        : Completed 400 BAD_REQUEST
2025-04-05T02:23:29.617+05:30 DEBUG 14688 --- [LoginSignup] [http-nio-8083-exec-3] o.s.s.w.a.AnonymousAuthenticationFilter  : Set SecurityContextHolder to anonymous SecurityContext
2025-04-05T02:23:45.905+05:30 DEBUG 14688 --- [LoginSignup] [http-nio-8083-exec-4] o.s.security.web.FilterChainProxy        : Securing POST /auth/signup
2025-04-05T02:23:45.907+05:30 DEBUG 14688 --- [LoginSignup] [http-nio-8083-exec-4] o.s.security.web.FilterChainProxy        : Secured POST /auth/signup
2025-04-05T02:23:45.907+05:30 DEBUG 14688 --- [LoginSignup] [http-nio-8083-exec-4] o.s.web.servlet.DispatcherServlet        : POST "/auth/signup", parameters={}
2025-04-05T02:23:45.908+05:30 DEBUG 14688 --- [LoginSignup] [http-nio-8083-exec-4] s.w.s.m.m.a.RequestMappingHandlerMapping : Mapped to com.example.LoginSignup.controller.UserController#signup(UserDTO)
2025-04-05T02:23:45.908+05:30 DEBUG 14688 --- [LoginSignup] [http-nio-8083-exec-4] o.j.s.OpenEntityManagerInViewInterceptor : Opening JPA EntityManager in OpenEntityManagerInViewInterceptor
2025-04-05T02:23:45.927+05:30 DEBUG 14688 --- [LoginSignup] [http-nio-8083-exec-4] m.m.a.RequestResponseBodyMethodProcessor : Read "application/json;charset=UTF-8" to [com.example.LoginSignup.dto.UserDTO@8ea458c]
2025-04-05T02:23:45.945+05:30 DEBUG 14688 --- [LoginSignup] [http-nio-8083-exec-4] org.hibernate.SQL                        : select um1_0.id,um1_0.email,um1_0.password,um1_0.role,um1_0.user_name from user_information um1_0 where um1_0.email=?
2025-04-05T02:23:45.966+05:30 DEBUG 14688 --- [LoginSignup] [http-nio-8083-exec-4] o.s.w.s.m.m.a.HttpEntityMethodProcessor  : Using 'text/plain', given [*/*] and supported [text/plain, */*, application/json, application/*+json]
2025-04-05T02:23:45.966+05:30 DEBUG 14688 --- [LoginSignup] [http-nio-8083-exec-4] o.s.w.s.m.m.a.HttpEntityMethodProcessor  : Writing ["Signup Failed: Email already exists"]
2025-04-05T02:23:45.967+05:30 DEBUG 14688 --- [LoginSignup] [http-nio-8083-exec-4] o.j.s.OpenEntityManagerInViewInterceptor : Closing JPA EntityManager in OpenEntityManagerInViewInterceptor
2025-04-05T02:23:45.968+05:30 DEBUG 14688 --- [LoginSignup] [http-nio-8083-exec-4] o.s.web.servlet.DispatcherServlet        : Completed 400 BAD_REQUEST
2025-04-05T02:23:45.968+05:30 DEBUG 14688 --- [LoginSignup] [http-nio-8083-exec-4] o.s.s.w.a.AnonymousAuthenticationFilter  : Set SecurityContextHolder to anonymous SecurityContext
2025-04-05T02:24:02.799+05:30 DEBUG 14688 --- [LoginSignup] [http-nio-8083-exec-5] o.s.security.web.FilterChainProxy        : Securing POST /auth/login
2025-04-05T02:24:02.800+05:30 DEBUG 14688 --- [LoginSignup] [http-nio-8083-exec-5] o.s.security.web.FilterChainProxy        : Secured POST /auth/login
2025-04-05T02:24:02.800+05:30 DEBUG 14688 --- [LoginSignup] [http-nio-8083-exec-5] o.s.web.servlet.DispatcherServlet        : POST "/auth/login", parameters={}
2025-04-05T02:24:02.801+05:30 DEBUG 14688 --- [LoginSignup] [http-nio-8083-exec-5] s.w.s.m.m.a.RequestMappingHandlerMapping : Mapped to com.example.LoginSignup.controller.UserController#login(UserDTO)
2025-04-05T02:24:02.801+05:30 DEBUG 14688 --- [LoginSignup] [http-nio-8083-exec-5] o.j.s.OpenEntityManagerInViewInterceptor : Opening JPA EntityManager in OpenEntityManagerInViewInterceptor
2025-04-05T02:24:02.803+05:30 DEBUG 14688 --- [LoginSignup] [http-nio-8083-exec-5] m.m.a.RequestResponseBodyMethodProcessor : Read "application/json;charset=UTF-8" to [com.example.LoginSignup.dto.UserDTO@2828b8a8]
2025-04-05T02:24:02.808+05:30 DEBUG 14688 --- [LoginSignup] [http-nio-8083-exec-5] org.hibernate.SQL                        : select um1_0.id,um1_0.email,um1_0.password,um1_0.role,um1_0.user_name from user_information um1_0 where um1_0.email is null
2025-04-05T02:24:02.811+05:30 DEBUG 14688 --- [LoginSignup] [http-nio-8083-exec-5] o.s.w.s.m.m.a.HttpEntityMethodProcessor  : Using 'text/plain', given [*/*] and supported [text/plain, */*, application/json, application/*+json]
2025-04-05T02:24:02.812+05:30 DEBUG 14688 --- [LoginSignup] [http-nio-8083-exec-5] o.s.w.s.m.m.a.HttpEntityMethodProcessor  : Writing ["Login Failed: User not found"]
2025-04-05T02:24:02.813+05:30 DEBUG 14688 --- [LoginSignup] [http-nio-8083-exec-5] o.j.s.OpenEntityManagerInViewInterceptor : Closing JPA EntityManager in OpenEntityManagerInViewInterceptor
2025-04-05T02:24:02.813+05:30 DEBUG 14688 --- [LoginSignup] [http-nio-8083-exec-5] o.s.web.servlet.DispatcherServlet        : Completed 400 BAD_REQUEST
2025-04-05T02:24:02.815+05:30 DEBUG 14688 --- [LoginSignup] [http-nio-8083-exec-5] o.s.s.w.a.AnonymousAuthenticationFilter  : Set SecurityContextHolder to anonymous SecurityContext
2025-04-05T02:28:26.214+05:30 DEBUG 14688 --- [LoginSignup] [http-nio-8083-exec-6] o.s.security.web.FilterChainProxy        : Securing POST /auth/login
2025-04-05T02:28:26.215+05:30 DEBUG 14688 --- [LoginSignup] [http-nio-8083-exec-6] o.s.security.web.FilterChainProxy        : Secured POST /auth/login
2025-04-05T02:28:26.216+05:30 DEBUG 14688 --- [LoginSignup] [http-nio-8083-exec-6] o.s.web.servlet.DispatcherServlet        : POST "/auth/login", parameters={}
2025-04-05T02:28:26.216+05:30 DEBUG 14688 --- [LoginSignup] [http-nio-8083-exec-6] s.w.s.m.m.a.RequestMappingHandlerMapping : Mapped to com.example.LoginSignup.controller.UserController#login(UserDTO)
2025-04-05T02:28:26.217+05:30 DEBUG 14688 --- [LoginSignup] [http-nio-8083-exec-6] o.j.s.OpenEntityManagerInViewInterceptor : Opening JPA EntityManager in OpenEntityManagerInViewInterceptor
2025-04-05T02:28:26.218+05:30 DEBUG 14688 --- [LoginSignup] [http-nio-8083-exec-6] m.m.a.RequestResponseBodyMethodProcessor : Read "application/json;charset=UTF-8" to [com.example.LoginSignup.dto.UserDTO@24ee6b9b]
2025-04-05T02:28:26.220+05:30 DEBUG 14688 --- [LoginSignup] [http-nio-8083-exec-6] org.hibernate.SQL                        : select um1_0.id,um1_0.email,um1_0.password,um1_0.role,um1_0.user_name from user_information um1_0 where um1_0.email=?
2025-04-05T02:28:26.358+05:30 DEBUG 14688 --- [LoginSignup] [http-nio-8083-exec-6] o.s.w.s.m.m.a.HttpEntityMethodProcessor  : Using 'text/plain', given [*/*] and supported [text/plain, */*, application/json, application/*+json]
2025-04-05T02:28:26.358+05:30 DEBUG 14688 --- [LoginSignup] [http-nio-8083-exec-6] o.s.w.s.m.m.a.HttpEntityMethodProcessor  : Writing ["Login Successful: eyJhbGciOiJIUzI1NiJ9.eyJyb2xlIjoiVVNFUiIsInN1YiI6ImRlZXBha191c2VyIiwiaWF0IjoxNzQzO (truncated)..."]
2025-04-05T02:28:26.360+05:30 DEBUG 14688 --- [LoginSignup] [http-nio-8083-exec-6] o.j.s.OpenEntityManagerInViewInterceptor : Closing JPA EntityManager in OpenEntityManagerInViewInterceptor
2025-04-05T02:28:26.360+05:30 DEBUG 14688 --- [LoginSignup] [http-nio-8083-exec-6] o.s.web.servlet.DispatcherServlet        : Completed 200 OK
2025-04-05T02:28:26.360+05:30 DEBUG 14688 --- [LoginSignup] [http-nio-8083-exec-6] o.s.s.w.a.AnonymousAuthenticationFilter  : Set SecurityContextHolder to anonymous SecurityContext
2025-04-05T02:43:17.984+05:30 DEBUG 14688 --- [LoginSignup] [SpringApplicationShutdownHook] o.s.b.a.ApplicationAvailabilityBean      : Application availability state ReadinessState changed from ACCEPTING_TRAFFIC to REFUSING_TRAFFIC
2025-04-05T02:43:18.011+05:30 DEBUG 14688 --- [LoginSignup] [SpringApplicationShutdownHook] ConfigServletWebServerApplicationContext : Closing org.springframework.boot.web.servlet.context.AnnotationConfigServletWebServerApplicationContext@3b8f0a79, started on Sat Apr 05 02:02:00 IST 2025
2025-04-05T02:43:18.116+05:30 DEBUG 14688 --- [LoginSignup] [SpringApplicationShutdownHook] o.s.c.support.DefaultLifecycleProcessor  : Stopping beans in phase 2147482623
2025-04-05T02:43:18.135+05:30  INFO 14688 --- [LoginSignup] [SpringApplicationShutdownHook] o.s.b.w.e.tomcat.GracefulShutdown        : Commencing graceful shutdown. Waiting for active requests to complete
2025-04-05T02:43:18.169+05:30  INFO 14688 --- [LoginSignup] [tomcat-shutdown] o.s.b.w.e.tomcat.GracefulShutdown        : Graceful shutdown complete
2025-04-05T02:43:18.171+05:30 DEBUG 14688 --- [LoginSignup] [SpringApplicationShutdownHook] o.s.c.support.DefaultLifecycleProcessor  : Stopping beans in phase 2147481599
2025-04-05T02:43:18.172+05:30 DEBUG 14688 --- [LoginSignup] [tomcat-shutdown] o.s.c.support.DefaultLifecycleProcessor  : Bean 'webServerGracefulShutdown' completed its stop procedure
2025-04-05T02:43:18.251+05:30 DEBUG 14688 --- [LoginSignup] [SpringApplicationShutdownHook] o.s.c.support.DefaultLifecycleProcessor  : Bean 'webServerStartStop' completed its stop procedure
2025-04-05T02:43:18.257+05:30 DEBUG 14688 --- [LoginSignup] [SpringApplicationShutdownHook] o.s.c.support.DefaultLifecycleProcessor  : Stopping beans in phase 1073741823
2025-04-05T02:43:18.257+05:30 DEBUG 14688 --- [LoginSignup] [SpringApplicationShutdownHook] o.s.c.support.DefaultLifecycleProcessor  : Bean 'applicationTaskExecutor' completed its stop procedure
2025-04-05T02:43:18.259+05:30 DEBUG 14688 --- [LoginSignup] [SpringApplicationShutdownHook] o.s.c.support.DefaultLifecycleProcessor  : Stopping beans in phase -2147483647
2025-04-05T02:43:18.264+05:30 DEBUG 14688 --- [LoginSignup] [SpringApplicationShutdownHook] o.s.c.support.DefaultLifecycleProcessor  : Bean 'springBootLoggingLifecycle' completed its stop procedure
2025-04-05T02:43:18.273+05:30 DEBUG 14688 --- [LoginSignup] [SpringApplicationShutdownHook] o.s.s.concurrent.ThreadPoolTaskExecutor  : Shutting down ExecutorService 'applicationTaskExecutor'
2025-04-05T02:43:18.280+05:30  INFO 14688 --- [LoginSignup] [SpringApplicationShutdownHook] j.LocalContainerEntityManagerFactoryBean : Closing JPA EntityManagerFactory for persistence unit 'default'
2025-04-05T02:43:18.627+05:30  INFO 14688 --- [LoginSignup] [SpringApplicationShutdownHook] com.zaxxer.hikari.HikariDataSource       : HikariPool-1 - Shutdown initiated...
2025-04-05T02:43:18.660+05:30  INFO 14688 --- [LoginSignup] [SpringApplicationShutdownHook] com.zaxxer.hikari.HikariDataSource       : HikariPool-1 - Shutdown completed.
