2025-04-15T01:05:08.498+05:30  INFO 6708 --- [Booking] [main] com.example.Booking.BookingApplication   : Starting BookingApplication using Java 23.0.2 with PID 6708 (C:\Users\HP\OneDrive\Documents\CGFlightProject\Microservices\Booking\target\classes started by HP in C:\Users\HP\OneDrive\Documents\CGFlightProject\Microservices\Booking)
2025-04-15T01:05:08.509+05:30  INFO 6708 --- [Booking] [main] com.example.Booking.BookingApplication   : No active profile set, falling back to 1 default profile: "default"
2025-04-15T01:05:08.511+05:30 DEBUG 6708 --- [Booking] [main] o.s.boot.SpringApplication               : Loading source class com.example.Booking.BookingApplication
2025-04-15T01:05:08.619+05:30 DEBUG 6708 --- [Booking] [main] ConfigServletWebServerApplicationContext : Refreshing org.springframework.boot.web.servlet.context.AnnotationConfigServletWebServerApplicationContext@7fcf2fc1
2025-04-15T01:05:08.658+05:30 DEBUG 6708 --- [Booking] [main] o.s.b.f.s.DefaultListableBeanFactory     : Creating shared instance of singleton bean 'org.springframework.context.annotation.internalConfigurationAnnotationProcessor'
2025-04-15T01:05:08.694+05:30 DEBUG 6708 --- [Booking] [main] o.s.b.f.s.DefaultListableBeanFactory     : Creating shared instance of singleton bean 'org.springframework.boot.autoconfigure.internalCachingMetadataReaderFactory'
2025-04-15T01:05:08.837+05:30 DEBUG 6708 --- [Booking] [main] o.s.c.a.ClassPathBeanDefinitionScanner   : Identified candidate component class: file [C:\Users\HP\OneDrive\Documents\CGFlightProject\Microservices\Booking\target\classes\com\example\Booking\configuration\JwtFilter.class]
2025-04-15T01:05:08.850+05:30 DEBUG 6708 --- [Booking] [main] o.s.c.a.ClassPathBeanDefinitionScanner   : Identified candidate component class: file [C:\Users\HP\OneDrive\Documents\CGFlightProject\Microservices\Booking\target\classes\com\example\Booking\configuration\RabbitMQConfig.class]
2025-04-15T01:05:08.894+05:30 DEBUG 6708 --- [Booking] [main] o.s.c.a.ClassPathBeanDefinitionScanner   : Identified candidate component class: file [C:\Users\HP\OneDrive\Documents\CGFlightProject\Microservices\Booking\target\classes\com\example\Booking\configuration\SecurityConfiguration.class]
2025-04-15T01:05:08.957+05:30 DEBUG 6708 --- [Booking] [main] o.s.c.a.ClassPathBeanDefinitionScanner   : Identified candidate component class: file [C:\Users\HP\OneDrive\Documents\CGFlightProject\Microservices\Booking\target\classes\com\example\Booking\controller\BookingController.class]
2025-04-15T01:05:08.999+05:30 DEBUG 6708 --- [Booking] [main] o.s.c.a.ClassPathBeanDefinitionScanner   : Identified candidate component class: file [C:\Users\HP\OneDrive\Documents\CGFlightProject\Microservices\Booking\target\classes\com\example\Booking\service\BookingService.class]
2025-04-15T01:05:10.002+05:30  INFO 6708 --- [Booking] [main] .s.d.r.c.RepositoryConfigurationDelegate : Bootstrapping Spring Data JPA repositories in DEFAULT mode.
2025-04-15T01:05:10.018+05:30 DEBUG 6708 --- [Booking] [main] o.s.b.f.s.DefaultListableBeanFactory     : Creating shared instance of singleton bean 'org.springframework.boot.autoconfigure.AutoConfigurationPackages'
2025-04-15T01:05:10.029+05:30 DEBUG 6708 --- [Booking] [main] o.s.b.a.AutoConfigurationPackages        : @EnableAutoConfiguration was declared on a class in the package 'com.example.Booking'. Automatic @Repository and @Entity scanning is enabled.
2025-04-15T01:05:10.031+05:30 DEBUG 6708 --- [Booking] [main] .s.d.r.c.RepositoryConfigurationDelegate : Scanning for JPA repositories in packages com.example.Booking.
2025-04-15T01:05:10.046+05:30 DEBUG 6708 --- [Booking] [main] o.s.d.r.c.RepositoryComponentProvider    : Identified candidate component class: file [C:\Users\HP\OneDrive\Documents\CGFlightProject\Microservices\Booking\target\classes\com\example\Booking\repository\BookingRepository.class]
2025-04-15T01:05:10.101+05:30  INFO 6708 --- [Booking] [main] .s.d.r.c.RepositoryConfigurationDelegate : Finished Spring Data repository scanning in 67 ms. Found 1 JPA repository interface.
2025-04-15T01:05:10.317+05:30 DEBUG 6708 --- [Booking] [main] o.s.b.f.s.DefaultListableBeanFactory     : Creating shared instance of singleton bean 'springSecurityHandlerMappingIntrospectorBeanDefinitionRegistryPostProcessor'
2025-04-15T01:05:10.484+05:30 DEBUG 6708 --- [Booking] [main] o.s.b.f.s.DefaultListableBeanFactory     : Creating shared instance of singleton bean 'propertySourcesPlaceholderConfigurer'
2025-04-15T01:05:10.493+05:30 DEBUG 6708 --- [Booking] [main] o.s.b.f.s.DefaultListableBeanFactory     : Creating shared instance of singleton bean 'emBeanDefinitionRegistrarPostProcessor'
2025-04-15T01:05:10.493+05:30 DEBUG 6708 --- [Booking] [main] o.s.b.f.s.DefaultListableBeanFactory     : Creating shared instance of singleton bean 'org.springframework.boot.sql.init.dependency.DatabaseInitializationDependencyConfigurer$DependsOnDatabaseInitializationPostProcessor'
2025-04-15T01:05:10.562+05:30 DEBUG 6708 --- [Booking] [main] o.s.b.f.s.DefaultListableBeanFactory     : Creating shared instance of singleton bean 'org.springframework.context.event.internalEventListenerProcessor'
2025-04-15T01:05:10.565+05:30 DEBUG 6708 --- [Booking] [main] o.s.b.f.s.DefaultListableBeanFactory     : Creating shared instance of singleton bean 'conversionServicePostProcessor'
2025-04-15T01:05:10.574+05:30 DEBUG 6708 --- [Booking] [main] o.s.b.f.s.DefaultListableBeanFactory     : Creating shared instance of singleton bean 'preserveErrorControllerTargetClassPostProcessor'
2025-04-15T01:05:10.575+05:30 DEBUG 6708 --- [Booking] [main] o.s.b.f.s.DefaultListableBeanFactory     : Creating shared instance of singleton bean 'org.springframework.context.event.internalEventListenerFactory'
2025-04-15T01:05:10.575+05:30 DEBUG 6708 --- [Booking] [main] o.s.b.f.s.DefaultListableBeanFactory     : Creating shared instance of singleton bean 'org.springframework.transaction.config.internalTransactionalEventListenerFactory'
2025-04-15T01:05:10.581+05:30 DEBUG 6708 --- [Booking] [main] o.s.b.f.s.DefaultListableBeanFactory     : Creating shared instance of singleton bean 'org.springframework.context.annotation.internalAutowiredAnnotationProcessor'
2025-04-15T01:05:10.583+05:30 DEBUG 6708 --- [Booking] [main] o.s.b.f.s.DefaultListableBeanFactory     : Creating shared instance of singleton bean 'org.springframework.context.annotation.internalCommonAnnotationProcessor'
2025-04-15T01:05:10.588+05:30 DEBUG 6708 --- [Booking] [main] o.s.b.f.s.DefaultListableBeanFactory     : Creating shared instance of singleton bean 'org.springframework.context.annotation.internalPersistenceAnnotationProcessor'
2025-04-15T01:05:10.589+05:30 DEBUG 6708 --- [Booking] [main] o.s.b.f.s.DefaultListableBeanFactory     : Creating shared instance of singleton bean 'org.springframework.boot.context.properties.ConfigurationPropertiesBindingPostProcessor'
2025-04-15T01:05:10.589+05:30 DEBUG 6708 --- [Booking] [main] o.s.b.f.s.DefaultListableBeanFactory     : Creating shared instance of singleton bean 'org.springframework.boot.context.internalConfigurationPropertiesBinder'
2025-04-15T01:05:10.593+05:30 DEBUG 6708 --- [Booking] [main] o.s.b.f.s.DefaultListableBeanFactory     : Creating shared instance of singleton bean 'jdbcConnectionDetailsHikariBeanPostProcessor'
2025-04-15T01:05:10.598+05:30 DEBUG 6708 --- [Booking] [main] o.s.b.f.s.DefaultListableBeanFactory     : Creating shared instance of singleton bean 'org.springframework.aop.config.internalAutoProxyCreator'
2025-04-15T01:05:10.632+05:30 DEBUG 6708 --- [Booking] [main] o.s.b.f.s.DefaultListableBeanFactory     : Creating shared instance of singleton bean 'org.springframework.amqp.rabbit.config.internalRabbitListenerAnnotationProcessor'
2025-04-15T01:05:10.642+05:30 DEBUG 6708 --- [Booking] [main] o.s.b.f.s.DefaultListableBeanFactory     : Creating shared instance of singleton bean 'persistenceExceptionTranslationPostProcessor'
2025-04-15T01:05:10.645+05:30 DEBUG 6708 --- [Booking] [main] o.s.b.f.s.DefaultListableBeanFactory     : Autowiring by type from bean name 'persistenceExceptionTranslationPostProcessor' via factory method to bean named 'environment'
2025-04-15T01:05:10.651+05:30 DEBUG 6708 --- [Booking] [main] o.s.b.f.s.DefaultListableBeanFactory     : Creating shared instance of singleton bean 'webServerFactoryCustomizerBeanPostProcessor'
2025-04-15T01:05:10.652+05:30 DEBUG 6708 --- [Booking] [main] o.s.b.f.s.DefaultListableBeanFactory     : Creating shared instance of singleton bean 'errorPageRegistrarBeanPostProcessor'
2025-04-15T01:05:10.654+05:30 DEBUG 6708 --- [Booking] [main] o.s.b.f.s.DefaultListableBeanFactory     : Creating shared instance of singleton bean 'projectingArgumentResolverBeanPostProcessor'
2025-04-15T01:05:10.656+05:30 DEBUG 6708 --- [Booking] [main] o.s.b.f.s.DefaultListableBeanFactory     : Creating shared instance of singleton bean 'preFilterAuthorizationAdvisor'
2025-04-15T01:05:10.657+05:30 DEBUG 6708 --- [Booking] [main] o.s.b.f.s.DefaultListableBeanFactory     : Creating shared instance of singleton bean 'preFilterAuthorizationMethodInterceptor'
2025-04-15T01:05:10.705+05:30 DEBUG 6708 --- [Booking] [main] o.s.b.f.s.DefaultListableBeanFactory     : Creating shared instance of singleton bean 'preAuthorizeAuthorizationAdvisor'
2025-04-15T01:05:10.706+05:30 DEBUG 6708 --- [Booking] [main] o.s.b.f.s.DefaultListableBeanFactory     : Creating shared instance of singleton bean 'preAuthorizeAuthorizationMethodInterceptor'
2025-04-15T01:05:10.708+05:30 DEBUG 6708 --- [Booking] [main] o.s.b.f.s.DefaultListableBeanFactory     : Creating shared instance of singleton bean 'postFilterAuthorizationAdvisor'
2025-04-15T01:05:10.709+05:30 DEBUG 6708 --- [Booking] [main] o.s.b.f.s.DefaultListableBeanFactory     : Creating shared instance of singleton bean 'postFilterAuthorizationMethodInterceptor'
2025-04-15T01:05:10.712+05:30 DEBUG 6708 --- [Booking] [main] o.s.b.f.s.DefaultListableBeanFactory     : Creating shared instance of singleton bean 'postAuthorizeAuthorizationAdvisor'
2025-04-15T01:05:10.713+05:30 DEBUG 6708 --- [Booking] [main] o.s.b.f.s.DefaultListableBeanFactory     : Creating shared instance of singleton bean 'postAuthorizeAuthorizationMethodInterceptor'
2025-04-15T01:05:10.714+05:30 DEBUG 6708 --- [Booking] [main] o.s.b.f.s.DefaultListableBeanFactory     : Creating shared instance of singleton bean 'authorizeReturnObjectAdvisor'
2025-04-15T01:05:10.716+05:30 DEBUG 6708 --- [Booking] [main] o.s.b.f.s.DefaultListableBeanFactory     : Creating shared instance of singleton bean 'authorizeReturnObjectMethodInterceptor'
2025-04-15T01:05:10.717+05:30 DEBUG 6708 --- [Booking] [main] o.s.b.f.s.DefaultListableBeanFactory     : Creating shared instance of singleton bean 'authorizationProxyFactory'
2025-04-15T01:05:10.724+05:30 DEBUG 6708 --- [Booking] [main] o.s.b.f.s.DefaultListableBeanFactory     : Creating shared instance of singleton bean 'org.springframework.transaction.config.internalTransactionAdvisor'
2025-04-15T01:05:10.724+05:30 DEBUG 6708 --- [Booking] [main] o.s.b.f.s.DefaultListableBeanFactory     : Creating shared instance of singleton bean 'org.springframework.transaction.annotation.ProxyTransactionManagementConfiguration'
2025-04-15T01:05:10.783+05:30 DEBUG 6708 --- [Booking] [main] o.s.b.f.s.DefaultListableBeanFactory     : Creating shared instance of singleton bean 'transactionAttributeSource'
2025-04-15T01:05:10.823+05:30 DEBUG 6708 --- [Booking] [main] o.s.b.f.s.DefaultListableBeanFactory     : Creating shared instance of singleton bean 'transactionInterceptor'
2025-04-15T01:05:10.827+05:30 DEBUG 6708 --- [Booking] [main] o.s.b.f.s.DefaultListableBeanFactory     : Autowiring by type from bean name 'transactionInterceptor' via factory method to bean named 'transactionAttributeSource'
2025-04-15T01:05:10.860+05:30 DEBUG 6708 --- [Booking] [main] o.s.b.f.s.DefaultListableBeanFactory     : Autowiring by type from bean name 'org.springframework.transaction.config.internalTransactionAdvisor' via factory method to bean named 'transactionAttributeSource'
2025-04-15T01:05:10.861+05:30 DEBUG 6708 --- [Booking] [main] o.s.b.f.s.DefaultListableBeanFactory     : Autowiring by type from bean name 'org.springframework.transaction.config.internalTransactionAdvisor' via factory method to bean named 'transactionInterceptor'
2025-04-15T01:05:10.871+05:30 DEBUG 6708 --- [Booking] [main] o.s.b.f.s.DefaultListableBeanFactory     : Autowiring by type from bean name 'authorizeReturnObjectMethodInterceptor' via factory method to bean named 'authorizationProxyFactory'
2025-04-15T01:05:10.919+05:30 DEBUG 6708 --- [Booking] [main] o.s.u.c.s.UiApplicationContextUtils      : Unable to locate ThemeSource with name 'themeSource': using default [org.springframework.ui.context.support.ResourceBundleThemeSource@46a488c2]
2025-04-15T01:05:10.921+05:30 DEBUG 6708 --- [Booking] [main] o.s.b.f.s.DefaultListableBeanFactory     : Creating shared instance of singleton bean 'tomcatServletWebServerFactory'
2025-04-15T01:05:10.921+05:30 DEBUG 6708 --- [Booking] [main] o.s.b.f.s.DefaultListableBeanFactory     : Creating shared instance of singleton bean 'org.springframework.boot.autoconfigure.web.servlet.ServletWebServerFactoryConfiguration$EmbeddedTomcat'
2025-04-15T01:05:10.966+05:30 DEBUG 6708 --- [Booking] [main] o.s.b.f.s.DefaultListableBeanFactory     : Creating shared instance of singleton bean 'websocketServletWebServerCustomizer'
2025-04-15T01:05:10.967+05:30 DEBUG 6708 --- [Booking] [main] o.s.b.f.s.DefaultListableBeanFactory     : Creating shared instance of singleton bean 'org.springframework.boot.autoconfigure.websocket.servlet.WebSocketServletAutoConfiguration$TomcatWebSocketConfiguration'
2025-04-15T01:05:10.980+05:30 DEBUG 6708 --- [Booking] [main] o.s.b.f.s.DefaultListableBeanFactory     : Creating shared instance of singleton bean 'servletWebServerFactoryCustomizer'
2025-04-15T01:05:10.981+05:30 DEBUG 6708 --- [Booking] [main] o.s.b.f.s.DefaultListableBeanFactory     : Creating shared instance of singleton bean 'org.springframework.boot.autoconfigure.web.servlet.ServletWebServerFactoryAutoConfiguration'
2025-04-15T01:05:10.984+05:30 DEBUG 6708 --- [Booking] [main] o.s.b.f.s.DefaultListableBeanFactory     : Creating shared instance of singleton bean 'server-org.springframework.boot.autoconfigure.web.ServerProperties'
2025-04-15T01:05:10.998+05:30 DEBUG 6708 --- [Booking] [main] o.s.b.f.s.DefaultListableBeanFactory     : Creating shared instance of singleton bean 'org.springframework.boot.context.properties.BoundConfigurationProperties'
2025-04-15T01:05:11.019+05:30 DEBUG 6708 --- [Booking] [main] o.s.b.f.s.DefaultListableBeanFactory     : Autowiring by type from bean name 'servletWebServerFactoryCustomizer' via factory method to bean named 'server-org.springframework.boot.autoconfigure.web.ServerProperties'
2025-04-15T01:05:11.024+05:30 DEBUG 6708 --- [Booking] [main] o.s.b.f.s.DefaultListableBeanFactory     : Creating shared instance of singleton bean 'sslBundleRegistry'
2025-04-15T01:05:11.026+05:30 DEBUG 6708 --- [Booking] [main] o.s.b.f.s.DefaultListableBeanFactory     : Creating shared instance of singleton bean 'org.springframework.boot.autoconfigure.ssl.SslAutoConfiguration'
2025-04-15T01:05:11.028+05:30 DEBUG 6708 --- [Booking] [main] o.s.b.f.s.DefaultListableBeanFactory     : Creating shared instance of singleton bean 'spring.ssl-org.springframework.boot.autoconfigure.ssl.SslProperties'
2025-04-15T01:05:11.031+05:30 DEBUG 6708 --- [Booking] [main] o.s.b.f.s.DefaultListableBeanFactory     : Autowiring by type from bean name 'org.springframework.boot.autoconfigure.ssl.SslAutoConfiguration' via constructor to bean named 'org.springframework.boot.web.servlet.context.AnnotationConfigServletWebServerApplicationContext@7fcf2fc1'
2025-04-15T01:05:11.032+05:30 DEBUG 6708 --- [Booking] [main] o.s.b.f.s.DefaultListableBeanFactory     : Autowiring by type from bean name 'org.springframework.boot.autoconfigure.ssl.SslAutoConfiguration' via constructor to bean named 'spring.ssl-org.springframework.boot.autoconfigure.ssl.SslProperties'
2025-04-15T01:05:11.038+05:30 DEBUG 6708 --- [Booking] [main] o.s.b.f.s.DefaultListableBeanFactory     : Creating shared instance of singleton bean 'sslPropertiesSslBundleRegistrar'
2025-04-15T01:05:11.040+05:30 DEBUG 6708 --- [Booking] [main] o.s.b.f.s.DefaultListableBeanFactory     : Creating shared instance of singleton bean 'fileWatcher'
2025-04-15T01:05:11.043+05:30 DEBUG 6708 --- [Booking] [main] o.s.b.f.s.DefaultListableBeanFactory     : Autowiring by type from bean name 'sslPropertiesSslBundleRegistrar' via factory method to bean named 'fileWatcher'
2025-04-15T01:05:11.056+05:30 DEBUG 6708 --- [Booking] [main] o.s.b.f.s.DefaultListableBeanFactory     : Creating shared instance of singleton bean 'tomcatServletWebServerFactoryCustomizer'
2025-04-15T01:05:11.058+05:30 DEBUG 6708 --- [Booking] [main] o.s.b.f.s.DefaultListableBeanFactory     : Autowiring by type from bean name 'tomcatServletWebServerFactoryCustomizer' via factory method to bean named 'server-org.springframework.boot.autoconfigure.web.ServerProperties'
2025-04-15T01:05:11.060+05:30 DEBUG 6708 --- [Booking] [main] o.s.b.f.s.DefaultListableBeanFactory     : Creating shared instance of singleton bean 'tomcatWebServerFactoryCustomizer'
2025-04-15T01:05:11.061+05:30 DEBUG 6708 --- [Booking] [main] o.s.b.f.s.DefaultListableBeanFactory     : Creating shared instance of singleton bean 'org.springframework.boot.autoconfigure.web.embedded.EmbeddedWebServerFactoryCustomizerAutoConfiguration$TomcatWebServerFactoryCustomizerConfiguration'
2025-04-15T01:05:11.062+05:30 DEBUG 6708 --- [Booking] [main] o.s.b.f.s.DefaultListableBeanFactory     : Autowiring by type from bean name 'tomcatWebServerFactoryCustomizer' via factory method to bean named 'environment'
2025-04-15T01:05:11.063+05:30 DEBUG 6708 --- [Booking] [main] o.s.b.f.s.DefaultListableBeanFactory     : Autowiring by type from bean name 'tomcatWebServerFactoryCustomizer' via factory method to bean named 'server-org.springframework.boot.autoconfigure.web.ServerProperties'
2025-04-15T01:05:11.066+05:30 DEBUG 6708 --- [Booking] [main] o.s.b.f.s.DefaultListableBeanFactory     : Creating shared instance of singleton bean 'localeCharsetMappingsCustomizer'
2025-04-15T01:05:11.068+05:30 DEBUG 6708 --- [Booking] [main] o.s.b.f.s.DefaultListableBeanFactory     : Creating shared instance of singleton bean 'org.springframework.boot.autoconfigure.web.servlet.HttpEncodingAutoConfiguration'
2025-04-15T01:05:11.069+05:30 DEBUG 6708 --- [Booking] [main] o.s.b.f.s.DefaultListableBeanFactory     : Autowiring by type from bean name 'org.springframework.boot.autoconfigure.web.servlet.HttpEncodingAutoConfiguration' via constructor to bean named 'server-org.springframework.boot.autoconfigure.web.ServerProperties'
2025-04-15T01:05:11.143+05:30 DEBUG 6708 --- [Booking] [main] o.s.b.f.s.DefaultListableBeanFactory     : Creating shared instance of singleton bean 'errorPageCustomizer'
2025-04-15T01:05:11.144+05:30 DEBUG 6708 --- [Booking] [main] o.s.b.f.s.DefaultListableBeanFactory     : Creating shared instance of singleton bean 'org.springframework.boot.autoconfigure.web.servlet.error.ErrorMvcAutoConfiguration'
2025-04-15T01:05:11.146+05:30 DEBUG 6708 --- [Booking] [main] o.s.b.f.s.DefaultListableBeanFactory     : Autowiring by type from bean name 'org.springframework.boot.autoconfigure.web.servlet.error.ErrorMvcAutoConfiguration' via constructor to bean named 'server-org.springframework.boot.autoconfigure.web.ServerProperties'
2025-04-15T01:05:11.149+05:30 DEBUG 6708 --- [Booking] [main] o.s.b.f.s.DefaultListableBeanFactory     : Creating shared instance of singleton bean 'dispatcherServletRegistration'
2025-04-15T01:05:11.149+05:30 DEBUG 6708 --- [Booking] [main] o.s.b.f.s.DefaultListableBeanFactory     : Creating shared instance of singleton bean 'org.springframework.boot.autoconfigure.web.servlet.DispatcherServletAutoConfiguration$DispatcherServletRegistrationConfiguration'
2025-04-15T01:05:11.151+05:30 DEBUG 6708 --- [Booking] [main] o.s.b.f.s.DefaultListableBeanFactory     : Creating shared instance of singleton bean 'dispatcherServlet'
2025-04-15T01:05:11.151+05:30 DEBUG 6708 --- [Booking] [main] o.s.b.f.s.DefaultListableBeanFactory     : Creating shared instance of singleton bean 'org.springframework.boot.autoconfigure.web.servlet.DispatcherServletAutoConfiguration$DispatcherServletConfiguration'
2025-04-15T01:05:11.153+05:30 DEBUG 6708 --- [Booking] [main] o.s.b.f.s.DefaultListableBeanFactory     : Creating shared instance of singleton bean 'spring.mvc-org.springframework.boot.autoconfigure.web.servlet.WebMvcProperties'
2025-04-15T01:05:11.160+05:30 DEBUG 6708 --- [Booking] [main] o.s.b.f.s.DefaultListableBeanFactory     : Autowiring by type from bean name 'dispatcherServlet' via factory method to bean named 'spring.mvc-org.springframework.boot.autoconfigure.web.servlet.WebMvcProperties'
2025-04-15T01:05:11.180+05:30 DEBUG 6708 --- [Booking] [main] o.s.b.f.s.DefaultListableBeanFactory     : Autowiring by type from bean name 'dispatcherServletRegistration' via factory method to bean named 'dispatcherServlet'
2025-04-15T01:05:11.182+05:30 DEBUG 6708 --- [Booking] [main] o.s.b.f.s.DefaultListableBeanFactory     : Autowiring by type from bean name 'dispatcherServletRegistration' via factory method to bean named 'spring.mvc-org.springframework.boot.autoconfigure.web.servlet.WebMvcProperties'
2025-04-15T01:05:11.185+05:30 DEBUG 6708 --- [Booking] [main] o.s.b.f.s.DefaultListableBeanFactory     : Creating shared instance of singleton bean 'multipartConfigElement'
2025-04-15T01:05:11.185+05:30 DEBUG 6708 --- [Booking] [main] o.s.b.f.s.DefaultListableBeanFactory     : Creating shared instance of singleton bean 'org.springframework.boot.autoconfigure.web.servlet.MultipartAutoConfiguration'
2025-04-15T01:05:11.186+05:30 DEBUG 6708 --- [Booking] [main] o.s.b.f.s.DefaultListableBeanFactory     : Creating shared instance of singleton bean 'spring.servlet.multipart-org.springframework.boot.autoconfigure.web.servlet.MultipartProperties'
2025-04-15T01:05:11.191+05:30 DEBUG 6708 --- [Booking] [main] o.s.b.f.s.DefaultListableBeanFactory     : Autowiring by type from bean name 'org.springframework.boot.autoconfigure.web.servlet.MultipartAutoConfiguration' via constructor to bean named 'spring.servlet.multipart-org.springframework.boot.autoconfigure.web.servlet.MultipartProperties'
2025-04-15T01:05:11.203+05:30 DEBUG 6708 --- [Booking] [main] o.s.b.f.s.DefaultListableBeanFactory     : Autowiring by type from bean name 'errorPageCustomizer' via factory method to bean named 'dispatcherServletRegistration'
2025-04-15T01:05:11.312+05:30 DEBUG 6708 --- [Booking] [main] .s.b.w.e.t.TomcatServletWebServerFactory : Code archive: C:\Users\HP\.m2\repository\org\springframework\boot\spring-boot\3.4.4\spring-boot-3.4.4.jar
2025-04-15T01:05:11.313+05:30 DEBUG 6708 --- [Booking] [main] .s.b.w.e.t.TomcatServletWebServerFactory : Code archive: C:\Users\HP\.m2\repository\org\springframework\boot\spring-boot\3.4.4\spring-boot-3.4.4.jar
2025-04-15T01:05:11.314+05:30 DEBUG 6708 --- [Booking] [main] .s.b.w.e.t.TomcatServletWebServerFactory : None of the document roots [src/main/webapp, public, static] point to a directory and will be ignored.
2025-04-15T01:05:11.353+05:30  INFO 6708 --- [Booking] [main] o.s.b.w.embedded.tomcat.TomcatWebServer  : Tomcat initialized with port 8082 (http)
2025-04-15T01:05:11.358+05:30  INFO 6708 --- [Booking] [main] o.a.catalina.core.AprLifecycleListener   : An older version [1.3.1] of the Apache Tomcat Native library is installed, while Tomcat recommends a minimum version of [2.0.5]
2025-04-15T01:05:11.360+05:30  INFO 6708 --- [Booking] [main] o.a.catalina.core.AprLifecycleListener   : Loaded Apache Tomcat Native library [1.3.1] using APR version [1.7.4].
2025-04-15T01:05:11.366+05:30  INFO 6708 --- [Booking] [main] o.a.catalina.core.AprLifecycleListener   : OpenSSL successfully initialized [OpenSSL 3.0.14 4 Jun 2024]
2025-04-15T01:05:11.387+05:30  INFO 6708 --- [Booking] [main] o.apache.catalina.core.StandardService   : Starting service [Tomcat]
2025-04-15T01:05:11.387+05:30  INFO 6708 --- [Booking] [main] o.apache.catalina.core.StandardEngine    : Starting Servlet engine: [Apache Tomcat/10.1.39]
2025-04-15T01:05:11.481+05:30  INFO 6708 --- [Booking] [main] o.a.c.c.C.[Tomcat].[localhost].[/]       : Initializing Spring embedded WebApplicationContext
2025-04-15T01:05:11.481+05:30 DEBUG 6708 --- [Booking] [main] w.s.c.ServletWebServerApplicationContext : Published root WebApplicationContext as ServletContext attribute with name [org.springframework.web.context.WebApplicationContext.ROOT]
2025-04-15T01:05:11.481+05:30  INFO 6708 --- [Booking] [main] w.s.c.ServletWebServerApplicationContext : Root WebApplicationContext: initialization completed in 2863 ms
2025-04-15T01:05:11.484+05:30 DEBUG 6708 --- [Booking] [main] o.s.b.f.s.DefaultListableBeanFactory     : Creating shared instance of singleton bean 'securityFilterChainRegistration'
2025-04-15T01:05:11.484+05:30 DEBUG 6708 --- [Booking] [main] o.s.b.f.s.DefaultListableBeanFactory     : Creating shared instance of singleton bean 'org.springframework.boot.autoconfigure.security.servlet.SecurityFilterAutoConfiguration'
2025-04-15T01:05:11.486+05:30 DEBUG 6708 --- [Booking] [main] o.s.b.f.s.DefaultListableBeanFactory     : Creating shared instance of singleton bean 'spring.security-org.springframework.boot.autoconfigure.security.SecurityProperties'
2025-04-15T01:05:11.490+05:30 DEBUG 6708 --- [Booking] [main] o.s.b.f.s.DefaultListableBeanFactory     : Autowiring by type from bean name 'securityFilterChainRegistration' via factory method to bean named 'spring.security-org.springframework.boot.autoconfigure.security.SecurityProperties'
2025-04-15T01:05:11.496+05:30 DEBUG 6708 --- [Booking] [main] o.s.b.f.s.DefaultListableBeanFactory     : Creating shared instance of singleton bean 'jwtFilter'
2025-04-15T01:05:11.501+05:30 DEBUG 6708 --- [Booking] [main] o.s.b.f.s.DefaultListableBeanFactory     : Creating shared instance of singleton bean 'requestContextFilter'
2025-04-15T01:05:11.503+05:30 DEBUG 6708 --- [Booking] [main] o.s.b.f.s.DefaultListableBeanFactory     : Creating shared instance of singleton bean 'formContentFilter'
2025-04-15T01:05:11.504+05:30 DEBUG 6708 --- [Booking] [main] o.s.b.f.s.DefaultListableBeanFactory     : Creating shared instance of singleton bean 'org.springframework.boot.autoconfigure.web.servlet.WebMvcAutoConfiguration'
2025-04-15T01:05:11.509+05:30 DEBUG 6708 --- [Booking] [main] o.s.b.f.s.DefaultListableBeanFactory     : Creating shared instance of singleton bean 'characterEncodingFilter'
2025-04-15T01:05:11.517+05:30 DEBUG 6708 --- [Booking] [main] o.s.b.w.s.ServletContextInitializerBeans : Mapping filters: springSecurityFilterChain urls=[/*] order=-100, characterEncodingFilter urls=[/*] order=-2147483648, formContentFilter urls=[/*] order=-9900, requestContextFilter urls=[/*] order=-105, jwtFilter urls=[/*] order=2147483647
2025-04-15T01:05:11.517+05:30 DEBUG 6708 --- [Booking] [main] o.s.b.w.s.ServletContextInitializerBeans : Mapping servlets: dispatcherServlet urls=[/]
2025-04-15T01:05:11.545+05:30 DEBUG 6708 --- [Booking] [main] o.s.b.w.s.f.OrderedRequestContextFilter  : Filter 'requestContextFilter' configured for use
2025-04-15T01:05:11.548+05:30 DEBUG 6708 --- [Booking] [main] s.b.w.s.f.OrderedCharacterEncodingFilter : Filter 'characterEncodingFilter' configured for use
2025-04-15T01:05:11.549+05:30 DEBUG 6708 --- [Booking] [main] .DelegatingFilterProxyRegistrationBean$1 : Filter 'springSecurityFilterChain' configured for use
2025-04-15T01:05:11.549+05:30 DEBUG 6708 --- [Booking] [main] o.s.b.w.s.f.OrderedFormContentFilter     : Filter 'formContentFilter' configured for use
2025-04-15T01:05:11.561+05:30 DEBUG 6708 --- [Booking] [main] o.s.b.f.s.DefaultListableBeanFactory     : Creating shared instance of singleton bean 'dataSourceScriptDatabaseInitializer'
2025-04-15T01:05:11.561+05:30 DEBUG 6708 --- [Booking] [main] o.s.b.f.s.DefaultListableBeanFactory     : Creating shared instance of singleton bean 'org.springframework.boot.autoconfigure.sql.init.DataSourceInitializationConfiguration'
2025-04-15T01:05:11.563+05:30 DEBUG 6708 --- [Booking] [main] o.s.b.f.s.DefaultListableBeanFactory     : Creating shared instance of singleton bean 'dataSource'
2025-04-15T01:05:11.563+05:30 DEBUG 6708 --- [Booking] [main] o.s.b.f.s.DefaultListableBeanFactory     : Creating shared instance of singleton bean 'org.springframework.boot.autoconfigure.jdbc.DataSourceConfiguration$Hikari'
2025-04-15T01:05:11.564+05:30 DEBUG 6708 --- [Booking] [main] o.s.b.f.s.DefaultListableBeanFactory     : Creating shared instance of singleton bean 'spring.datasource-org.springframework.boot.autoconfigure.jdbc.DataSourceProperties'
2025-04-15T01:05:11.577+05:30 DEBUG 6708 --- [Booking] [main] o.s.b.f.s.DefaultListableBeanFactory     : Creating shared instance of singleton bean 'jdbcConnectionDetails'
2025-04-15T01:05:11.577+05:30 DEBUG 6708 --- [Booking] [main] o.s.b.f.s.DefaultListableBeanFactory     : Creating shared instance of singleton bean 'org.springframework.boot.autoconfigure.jdbc.DataSourceAutoConfiguration$PooledDataSourceConfiguration'
2025-04-15T01:05:11.579+05:30 DEBUG 6708 --- [Booking] [main] o.s.b.f.s.DefaultListableBeanFactory     : Autowiring by type from bean name 'jdbcConnectionDetails' via factory method to bean named 'spring.datasource-org.springframework.boot.autoconfigure.jdbc.DataSourceProperties'
2025-04-15T01:05:11.580+05:30 DEBUG 6708 --- [Booking] [main] o.s.b.f.s.DefaultListableBeanFactory     : Autowiring by type from bean name 'dataSource' via factory method to bean named 'spring.datasource-org.springframework.boot.autoconfigure.jdbc.DataSourceProperties'
2025-04-15T01:05:11.580+05:30 DEBUG 6708 --- [Booking] [main] o.s.b.f.s.DefaultListableBeanFactory     : Autowiring by type from bean name 'dataSource' via factory method to bean named 'jdbcConnectionDetails'
2025-04-15T01:05:11.616+05:30 DEBUG 6708 --- [Booking] [main] o.s.b.f.s.DefaultListableBeanFactory     : Creating shared instance of singleton bean 'spring.sql.init-org.springframework.boot.autoconfigure.sql.init.SqlInitializationProperties'
2025-04-15T01:05:11.619+05:30 DEBUG 6708 --- [Booking] [main] o.s.b.f.s.DefaultListableBeanFactory     : Autowiring by type from bean name 'dataSourceScriptDatabaseInitializer' via factory method to bean named 'dataSource'
2025-04-15T01:05:11.619+05:30 DEBUG 6708 --- [Booking] [main] o.s.b.f.s.DefaultListableBeanFactory     : Autowiring by type from bean name 'dataSourceScriptDatabaseInitializer' via factory method to bean named 'spring.sql.init-org.springframework.boot.autoconfigure.sql.init.SqlInitializationProperties'
2025-04-15T01:05:11.628+05:30 DEBUG 6708 --- [Booking] [main] o.s.b.f.s.DefaultListableBeanFactory     : Creating shared instance of singleton bean 'entityManagerFactory'
2025-04-15T01:05:11.628+05:30 DEBUG 6708 --- [Booking] [main] o.s.b.f.s.DefaultListableBeanFactory     : Creating shared instance of singleton bean 'org.springframework.boot.autoconfigure.orm.jpa.HibernateJpaConfiguration'
2025-04-15T01:05:11.630+05:30 DEBUG 6708 --- [Booking] [main] o.s.b.f.s.DefaultListableBeanFactory     : Creating shared instance of singleton bean 'spring.jpa-org.springframework.boot.autoconfigure.orm.jpa.JpaProperties'
2025-04-15T01:05:11.641+05:30 DEBUG 6708 --- [Booking] [main] o.s.b.f.s.DefaultListableBeanFactory     : Creating shared instance of singleton bean 'spring.jpa.hibernate-org.springframework.boot.autoconfigure.orm.jpa.HibernateProperties'
2025-04-15T01:05:11.644+05:30 DEBUG 6708 --- [Booking] [main] o.s.b.f.s.DefaultListableBeanFactory     : Autowiring by type from bean name 'org.springframework.boot.autoconfigure.orm.jpa.HibernateJpaConfiguration' via constructor to bean named 'dataSource'
2025-04-15T01:05:11.644+05:30 DEBUG 6708 --- [Booking] [main] o.s.b.f.s.DefaultListableBeanFactory     : Autowiring by type from bean name 'org.springframework.boot.autoconfigure.orm.jpa.HibernateJpaConfiguration' via constructor to bean named 'spring.jpa-org.springframework.boot.autoconfigure.orm.jpa.JpaProperties'
2025-04-15T01:05:11.644+05:30 DEBUG 6708 --- [Booking] [main] o.s.b.f.s.DefaultListableBeanFactory     : Autowiring by type from bean name 'org.springframework.boot.autoconfigure.orm.jpa.HibernateJpaConfiguration' via constructor to bean named 'org.springframework.beans.factory.support.DefaultListableBeanFactory@681a8b4e'
2025-04-15T01:05:11.644+05:30 DEBUG 6708 --- [Booking] [main] o.s.b.f.s.DefaultListableBeanFactory     : Autowiring by type from bean name 'org.springframework.boot.autoconfigure.orm.jpa.HibernateJpaConfiguration' via constructor to bean named 'spring.jpa.hibernate-org.springframework.boot.autoconfigure.orm.jpa.HibernateProperties'
2025-04-15T01:05:11.651+05:30 DEBUG 6708 --- [Booking] [main] o.s.b.f.s.DefaultListableBeanFactory     : Creating shared instance of singleton bean 'hikariPoolDataSourceMetadataProvider'
2025-04-15T01:05:11.651+05:30 DEBUG 6708 --- [Booking] [main] o.s.b.f.s.DefaultListableBeanFactory     : Creating shared instance of singleton bean 'org.springframework.boot.autoconfigure.jdbc.metadata.DataSourcePoolMetadataProvidersConfiguration$HikariPoolDataSourceMetadataProviderConfiguration'
2025-04-15T01:05:11.659+05:30 DEBUG 6708 --- [Booking] [main] o.s.b.f.s.DefaultListableBeanFactory     : Creating shared instance of singleton bean 'entityManagerFactoryBuilder'
2025-04-15T01:05:11.661+05:30 DEBUG 6708 --- [Booking] [main] o.s.b.f.s.DefaultListableBeanFactory     : Creating shared instance of singleton bean 'jpaVendorAdapter'
2025-04-15T01:05:11.688+05:30 DEBUG 6708 --- [Booking] [main] o.s.b.f.s.DefaultListableBeanFactory     : Autowiring by type from bean name 'entityManagerFactoryBuilder' via factory method to bean named 'jpaVendorAdapter'
2025-04-15T01:05:11.693+05:30 DEBUG 6708 --- [Booking] [main] o.s.b.f.s.DefaultListableBeanFactory     : Creating shared instance of singleton bean 'persistenceManagedTypes'
2025-04-15T01:05:11.695+05:30 DEBUG 6708 --- [Booking] [main] o.s.b.f.s.DefaultListableBeanFactory     : Autowiring by type from bean name 'persistenceManagedTypes' via factory method to bean named 'org.springframework.beans.factory.support.DefaultListableBeanFactory@681a8b4e'
2025-04-15T01:05:11.695+05:30 DEBUG 6708 --- [Booking] [main] o.s.b.f.s.DefaultListableBeanFactory     : Autowiring by type from bean name 'persistenceManagedTypes' via factory method to bean named 'org.springframework.boot.web.servlet.context.AnnotationConfigServletWebServerApplicationContext@7fcf2fc1'
2025-04-15T01:05:11.709+05:30 DEBUG 6708 --- [Booking] [main] o.s.b.f.s.DefaultListableBeanFactory     : Autowiring by type from bean name 'entityManagerFactory' via factory method to bean named 'entityManagerFactoryBuilder'
2025-04-15T01:05:11.709+05:30 DEBUG 6708 --- [Booking] [main] o.s.b.f.s.DefaultListableBeanFactory     : Autowiring by type from bean name 'entityManagerFactory' via factory method to bean named 'persistenceManagedTypes'
2025-04-15T01:05:11.737+05:30 DEBUG 6708 --- [Booking] [main] j.LocalContainerEntityManagerFactoryBean : Building JPA container EntityManagerFactory for persistence unit 'default'
2025-04-15T01:05:11.776+05:30  INFO 6708 --- [Booking] [main] o.hibernate.jpa.internal.util.LogHelper  : HHH000204: Processing PersistenceUnitInfo [name: default]
2025-04-15T01:05:11.887+05:30  INFO 6708 --- [Booking] [main] org.hibernate.Version                    : HHH000412: Hibernate ORM core version 6.6.11.Final
2025-04-15T01:05:11.951+05:30  INFO 6708 --- [Booking] [main] o.h.c.internal.RegionFactoryInitiator    : HHH000026: Second-level cache disabled
2025-04-15T01:05:12.435+05:30  INFO 6708 --- [Booking] [main] o.s.o.j.p.SpringPersistenceUnitInfo      : No LoadTimeWeaver setup: ignoring JPA class transformer
2025-04-15T01:05:12.479+05:30  INFO 6708 --- [Booking] [main] com.zaxxer.hikari.HikariDataSource       : HikariPool-1 - Starting...
2025-04-15T01:05:13.101+05:30  INFO 6708 --- [Booking] [main] com.zaxxer.hikari.pool.HikariPool        : HikariPool-1 - Added connection com.mysql.cj.jdbc.ConnectionImpl@5bd3ca3c
2025-04-15T01:05:13.105+05:30  INFO 6708 --- [Booking] [main] com.zaxxer.hikari.HikariDataSource       : HikariPool-1 - Start completed.
2025-04-15T01:05:13.208+05:30  WARN 6708 --- [Booking] [main] org.hibernate.orm.deprecation            : HHH90000025: MySQL8Dialect does not need to be specified explicitly using 'hibernate.dialect' (remove the property setting and it will be selected by default)
2025-04-15T01:05:13.209+05:30  WARN 6708 --- [Booking] [main] org.hibernate.orm.deprecation            : HHH90000026: MySQL8Dialect has been deprecated; use org.hibernate.dialect.MySQLDialect instead
2025-04-15T01:05:13.250+05:30  INFO 6708 --- [Booking] [main] org.hibernate.orm.connections.pooling    : HHH10001005: Database info:
	Database JDBC URL [Connecting through datasource 'HikariDataSource (HikariPool-1)']
	Database driver: undefined/unknown
	Database version: 8.0
	Autocommit mode: undefined/unknown
	Isolation level: undefined/unknown
	Minimum pool size: undefined/unknown
	Maximum pool size: undefined/unknown
2025-04-15T01:05:14.703+05:30  INFO 6708 --- [Booking] [main] o.h.e.t.j.p.i.JtaPlatformInitiator       : HHH000489: No JTA platform available (set 'hibernate.transaction.jta.platform' to enable JTA platform integration)
2025-04-15T01:05:14.962+05:30  INFO 6708 --- [Booking] [main] j.LocalContainerEntityManagerFactoryBean : Initialized JPA EntityManagerFactory for persistence unit 'default'
2025-04-15T01:05:14.993+05:30 DEBUG 6708 --- [Booking] [main] o.s.b.f.s.DefaultListableBeanFactory     : Creating shared instance of singleton bean 'bookingApplication'
2025-04-15T01:05:15.000+05:30 DEBUG 6708 --- [Booking] [main] o.s.b.f.s.DefaultListableBeanFactory     : Creating shared instance of singleton bean 'rabbitMQConfig'
2025-04-15T01:05:15.011+05:30 DEBUG 6708 --- [Booking] [main] o.s.b.f.s.DefaultListableBeanFactory     : Creating shared instance of singleton bean 'securityConfiguration'
2025-04-15T01:05:15.013+05:30 DEBUG 6708 --- [Booking] [main] o.s.b.f.s.DefaultListableBeanFactory     : Autowiring by type from bean name 'securityConfiguration' via constructor to bean named 'jwtFilter'
2025-04-15T01:05:15.015+05:30 DEBUG 6708 --- [Booking] [main] o.s.b.f.s.DefaultListableBeanFactory     : Creating shared instance of singleton bean 'bookingController'
2025-04-15T01:05:15.061+05:30 DEBUG 6708 --- [Booking] [main] o.s.b.f.s.DefaultListableBeanFactory     : Creating shared instance of singleton bean 'bookingService'
2025-04-15T01:05:15.075+05:30 DEBUG 6708 --- [Booking] [main] o.s.b.f.s.DefaultListableBeanFactory     : Creating shared instance of singleton bean 'bookingRepository'
2025-04-15T01:05:15.118+05:30 DEBUG 6708 --- [Booking] [main] o.s.b.f.s.DefaultListableBeanFactory     : Creating shared instance of singleton bean 'jpa.named-queries#0'
2025-04-15T01:05:15.145+05:30 DEBUG 6708 --- [Booking] [main] o.s.b.f.s.DefaultListableBeanFactory     : Creating shared instance of singleton bean 'jpa.BookingRepository.fragments#0'
2025-04-15T01:05:15.187+05:30 DEBUG 6708 --- [Booking] [main] o.s.b.f.s.DefaultListableBeanFactory     : Creating shared instance of singleton bean 'jpaSharedEM_entityManagerFactory'
2025-04-15T01:05:15.373+05:30 DEBUG 6708 --- [Booking] [main] o.s.b.f.s.DefaultListableBeanFactory     : Creating shared instance of singleton bean 'jpaMappingContext'
2025-04-15T01:05:15.374+05:30 DEBUG 6708 --- [Booking] [main] .c.JpaMetamodelMappingContextFactoryBean : Initializing JpaMetamodelMappingContext…
2025-04-15T01:05:15.435+05:30 DEBUG 6708 --- [Booking] [main] .c.JpaMetamodelMappingContextFactoryBean : Finished initializing JpaMetamodelMappingContext
2025-04-15T01:05:15.521+05:30 DEBUG 6708 --- [Booking] [main] tor$SharedEntityManagerInvocationHandler : Creating new EntityManager for shared EntityManager invocation
2025-04-15T01:05:15.769+05:30 DEBUG 6708 --- [Booking] [main] tor$SharedEntityManagerInvocationHandler : Creating new EntityManager for shared EntityManager invocation
2025-04-15T01:05:16.012+05:30 DEBUG 6708 --- [Booking] [main] o.s.d.r.c.s.RepositoryFactorySupport     : Initializing repository instance for com.example.Booking.repository.BookingRepository…
2025-04-15T01:05:16.069+05:30 DEBUG 6708 --- [Booking] [main] tor$SharedEntityManagerInvocationHandler : Creating new EntityManager for shared EntityManager invocation
2025-04-15T01:05:16.167+05:30 DEBUG 6708 --- [Booking] [main] o.s.d.jpa.repository.query.NamedQuery    : Looking up named query 'BookingModel.findByFirstNameAndLastName'
2025-04-15T01:05:16.172+05:30 DEBUG 6708 --- [Booking] [main] o.s.d.jpa.repository.query.NamedQuery    : Did not find named query BookingModel.findByFirstNameAndLastName
2025-04-15T01:05:16.180+05:30 DEBUG 6708 --- [Booking] [main] tor$SharedEntityManagerInvocationHandler : Creating new EntityManager for shared EntityManager invocation
2025-04-15T01:05:16.336+05:30 DEBUG 6708 --- [Booking] [main] o.s.d.jpa.repository.query.NamedQuery    : Looking up named query 'BookingModel.findByFirstName'
2025-04-15T01:05:16.337+05:30 DEBUG 6708 --- [Booking] [main] o.s.d.jpa.repository.query.NamedQuery    : Did not find named query BookingModel.findByFirstName
2025-04-15T01:05:16.337+05:30 DEBUG 6708 --- [Booking] [main] tor$SharedEntityManagerInvocationHandler : Creating new EntityManager for shared EntityManager invocation
2025-04-15T01:05:16.341+05:30 DEBUG 6708 --- [Booking] [main] o.s.d.jpa.repository.query.NamedQuery    : Looking up named query 'BookingModel.countByFlightNumber'
2025-04-15T01:05:16.342+05:30 DEBUG 6708 --- [Booking] [main] o.s.d.jpa.repository.query.NamedQuery    : Did not find named query BookingModel.countByFlightNumber
2025-04-15T01:05:16.342+05:30 DEBUG 6708 --- [Booking] [main] tor$SharedEntityManagerInvocationHandler : Creating new EntityManager for shared EntityManager invocation
2025-04-15T01:05:16.354+05:30 DEBUG 6708 --- [Booking] [main] o.s.d.r.c.s.RepositoryFactorySupport     : Finished creation of repository instance for com.example.Booking.repository.BookingRepository.
2025-04-15T01:05:16.376+05:30 DEBUG 6708 --- [Booking] [main] o.s.b.f.s.DefaultListableBeanFactory     : Creating shared instance of singleton bean 'rabbitTemplate'
2025-04-15T01:05:16.377+05:30 DEBUG 6708 --- [Booking] [main] o.s.b.f.s.DefaultListableBeanFactory     : Creating shared instance of singleton bean 'connectionFactory'
2025-04-15T01:05:16.435+05:30 DEBUG 6708 --- [Booking] [main] o.s.a.r.c.CachingConnectionFactory       : Using hostname [LAPTOP-GV2NNQGU] for hostname.
2025-04-15T01:05:16.462+05:30 DEBUG 6708 --- [Booking] [main] o.s.b.f.s.DefaultListableBeanFactory     : Autowiring by type from bean name 'rabbitTemplate' via factory method to bean named 'connectionFactory'
2025-04-15T01:05:16.481+05:30 DEBUG 6708 --- [Booking] [main] o.s.b.f.s.DefaultListableBeanFactory     : Creating shared instance of singleton bean 'jackson2JsonMessageConverter'
2025-04-15T01:05:16.542+05:30 DEBUG 6708 --- [Booking] [main] o.s.b.f.s.DefaultListableBeanFactory     : Autowiring by type from bean name 'bookingService' via constructor to bean named 'bookingRepository'
2025-04-15T01:05:16.542+05:30 DEBUG 6708 --- [Booking] [main] o.s.b.f.s.DefaultListableBeanFactory     : Autowiring by type from bean name 'bookingService' via constructor to bean named 'rabbitTemplate'
2025-04-15T01:05:16.619+05:30 DEBUG 6708 --- [Booking] [main] o.s.b.f.s.DefaultListableBeanFactory     : Creating shared instance of singleton bean 'emailQueue'
2025-04-15T01:05:16.623+05:30 DEBUG 6708 --- [Booking] [main] o.s.b.f.s.DefaultListableBeanFactory     : Creating shared instance of singleton bean 'org.springframework.security.config.annotation.configuration.ObjectPostProcessorConfiguration'
2025-04-15T01:05:16.625+05:30 DEBUG 6708 --- [Booking] [main] o.s.b.f.s.DefaultListableBeanFactory     : Creating shared instance of singleton bean 'objectPostProcessor'
2025-04-15T01:05:16.626+05:30 DEBUG 6708 --- [Booking] [main] o.s.b.f.s.DefaultListableBeanFactory     : Autowiring by type from bean name 'objectPostProcessor' via factory method to bean named 'org.springframework.beans.factory.support.DefaultListableBeanFactory@681a8b4e'
2025-04-15T01:05:16.630+05:30 DEBUG 6708 --- [Booking] [main] o.s.b.f.s.DefaultListableBeanFactory     : Creating shared instance of singleton bean 'org.springframework.security.config.annotation.authentication.configuration.AuthenticationConfiguration'
2025-04-15T01:05:16.633+05:30 DEBUG 6708 --- [Booking] [main] o.s.b.f.s.DefaultListableBeanFactory     : Creating shared instance of singleton bean 'enableGlobalAuthenticationAutowiredConfigurer'
2025-04-15T01:05:16.634+05:30 DEBUG 6708 --- [Booking] [main] o.s.b.f.s.DefaultListableBeanFactory     : Autowiring by type from bean name 'enableGlobalAuthenticationAutowiredConfigurer' via factory method to bean named 'org.springframework.boot.web.servlet.context.AnnotationConfigServletWebServerApplicationContext@7fcf2fc1'
2025-04-15T01:05:16.636+05:30 DEBUG 6708 --- [Booking] [main] o.s.b.f.s.DefaultListableBeanFactory     : Creating shared instance of singleton bean 'initializeUserDetailsBeanManagerConfigurer'
2025-04-15T01:05:16.637+05:30 DEBUG 6708 --- [Booking] [main] o.s.b.f.s.DefaultListableBeanFactory     : Autowiring by type from bean name 'initializeUserDetailsBeanManagerConfigurer' via factory method to bean named 'org.springframework.boot.web.servlet.context.AnnotationConfigServletWebServerApplicationContext@7fcf2fc1'
2025-04-15T01:05:16.639+05:30 DEBUG 6708 --- [Booking] [main] o.s.b.f.s.DefaultListableBeanFactory     : Creating shared instance of singleton bean 'initializeAuthenticationProviderBeanManagerConfigurer'
2025-04-15T01:05:16.640+05:30 DEBUG 6708 --- [Booking] [main] o.s.b.f.s.DefaultListableBeanFactory     : Autowiring by type from bean name 'initializeAuthenticationProviderBeanManagerConfigurer' via factory method to bean named 'org.springframework.boot.web.servlet.context.AnnotationConfigServletWebServerApplicationContext@7fcf2fc1'
2025-04-15T01:05:16.647+05:30 DEBUG 6708 --- [Booking] [main] o.s.b.f.s.DefaultListableBeanFactory     : Creating shared instance of singleton bean 'authenticationManagerBuilder'
2025-04-15T01:05:16.647+05:30 DEBUG 6708 --- [Booking] [main] o.s.b.f.s.DefaultListableBeanFactory     : Autowiring by type from bean name 'authenticationManagerBuilder' via factory method to bean named 'objectPostProcessor'
2025-04-15T01:05:16.647+05:30 DEBUG 6708 --- [Booking] [main] o.s.b.f.s.DefaultListableBeanFactory     : Autowiring by type from bean name 'authenticationManagerBuilder' via factory method to bean named 'org.springframework.boot.web.servlet.context.AnnotationConfigServletWebServerApplicationContext@7fcf2fc1'
2025-04-15T01:05:16.650+05:30 DEBUG 6708 --- [Booking] [main] o.s.b.f.s.DefaultListableBeanFactory     : Creating shared instance of singleton bean 'authenticationEventPublisher'
2025-04-15T01:05:16.650+05:30 DEBUG 6708 --- [Booking] [main] o.s.b.f.s.DefaultListableBeanFactory     : Creating shared instance of singleton bean 'org.springframework.boot.autoconfigure.security.servlet.SecurityAutoConfiguration'
2025-04-15T01:05:16.652+05:30 DEBUG 6708 --- [Booking] [main] o.s.b.f.s.DefaultListableBeanFactory     : Autowiring by type from bean name 'authenticationEventPublisher' via factory method to bean named 'org.springframework.boot.web.servlet.context.AnnotationConfigServletWebServerApplicationContext@7fcf2fc1'
2025-04-15T01:05:16.676+05:30 DEBUG 6708 --- [Booking] [main] o.s.b.f.s.DefaultListableBeanFactory     : Creating shared instance of singleton bean 'org.springframework.security.config.annotation.web.configuration.WebSecurityConfiguration'
2025-04-15T01:05:16.682+05:30 DEBUG 6708 --- [Booking] [main] o.s.b.f.s.DefaultListableBeanFactory     : Creating shared instance of singleton bean 'org.springframework.security.config.annotation.web.configuration.HttpSecurityConfiguration'
2025-04-15T01:05:16.691+05:30 DEBUG 6708 --- [Booking] [main] o.s.b.f.s.DefaultListableBeanFactory     : Creating shared instance of singleton bean 'mvcContentNegotiationManager'
2025-04-15T01:05:16.692+05:30 DEBUG 6708 --- [Booking] [main] o.s.b.f.s.DefaultListableBeanFactory     : Creating shared instance of singleton bean 'org.springframework.boot.autoconfigure.web.servlet.WebMvcAutoConfiguration$EnableWebMvcConfiguration'
2025-04-15T01:05:16.695+05:30 DEBUG 6708 --- [Booking] [main] o.s.b.f.s.DefaultListableBeanFactory     : Creating shared instance of singleton bean 'spring.web-org.springframework.boot.autoconfigure.web.WebProperties'
2025-04-15T01:05:16.704+05:30 DEBUG 6708 --- [Booking] [main] o.s.b.f.s.DefaultListableBeanFactory     : Autowiring by type from bean name 'org.springframework.boot.autoconfigure.web.servlet.WebMvcAutoConfiguration$EnableWebMvcConfiguration' via constructor to bean named 'spring.mvc-org.springframework.boot.autoconfigure.web.servlet.WebMvcProperties'
2025-04-15T01:05:16.704+05:30 DEBUG 6708 --- [Booking] [main] o.s.b.f.s.DefaultListableBeanFactory     : Autowiring by type from bean name 'org.springframework.boot.autoconfigure.web.servlet.WebMvcAutoConfiguration$EnableWebMvcConfiguration' via constructor to bean named 'spring.web-org.springframework.boot.autoconfigure.web.WebProperties'
2025-04-15T01:05:16.704+05:30 DEBUG 6708 --- [Booking] [main] o.s.b.f.s.DefaultListableBeanFactory     : Autowiring by type from bean name 'org.springframework.boot.autoconfigure.web.servlet.WebMvcAutoConfiguration$EnableWebMvcConfiguration' via constructor to bean named 'org.springframework.beans.factory.support.DefaultListableBeanFactory@681a8b4e'
2025-04-15T01:05:16.714+05:30 DEBUG 6708 --- [Booking] [main] o.s.b.f.s.DefaultListableBeanFactory     : Creating shared instance of singleton bean 'org.springframework.security.config.annotation.web.configuration.WebMvcSecurityConfiguration'
2025-04-15T01:05:16.717+05:30 DEBUG 6708 --- [Booking] [main] o.s.b.f.s.DefaultListableBeanFactory     : Creating shared instance of singleton bean 'org.springframework.boot.autoconfigure.web.servlet.WebMvcAutoConfiguration$WebMvcAutoConfigurationAdapter'
2025-04-15T01:05:16.719+05:30 DEBUG 6708 --- [Booking] [main] o.s.b.f.s.DefaultListableBeanFactory     : Autowiring by type from bean name 'org.springframework.boot.autoconfigure.web.servlet.WebMvcAutoConfiguration$WebMvcAutoConfigurationAdapter' via constructor to bean named 'spring.web-org.springframework.boot.autoconfigure.web.WebProperties'
2025-04-15T01:05:16.719+05:30 DEBUG 6708 --- [Booking] [main] o.s.b.f.s.DefaultListableBeanFactory     : Autowiring by type from bean name 'org.springframework.boot.autoconfigure.web.servlet.WebMvcAutoConfiguration$WebMvcAutoConfigurationAdapter' via constructor to bean named 'spring.mvc-org.springframework.boot.autoconfigure.web.servlet.WebMvcProperties'
2025-04-15T01:05:16.719+05:30 DEBUG 6708 --- [Booking] [main] o.s.b.f.s.DefaultListableBeanFactory     : Autowiring by type from bean name 'org.springframework.boot.autoconfigure.web.servlet.WebMvcAutoConfiguration$WebMvcAutoConfigurationAdapter' via constructor to bean named 'org.springframework.beans.factory.support.DefaultListableBeanFactory@681a8b4e'
2025-04-15T01:05:16.727+05:30 DEBUG 6708 --- [Booking] [main] o.s.b.f.s.DefaultListableBeanFactory     : Creating shared instance of singleton bean 'openEntityManagerInViewInterceptorConfigurer'
2025-04-15T01:05:16.728+05:30 DEBUG 6708 --- [Booking] [main] o.s.b.f.s.DefaultListableBeanFactory     : Creating shared instance of singleton bean 'org.springframework.boot.autoconfigure.orm.jpa.JpaBaseConfiguration$JpaWebConfiguration'
2025-04-15T01:05:16.729+05:30 DEBUG 6708 --- [Booking] [main] o.s.b.f.s.DefaultListableBeanFactory     : Autowiring by type from bean name 'org.springframework.boot.autoconfigure.orm.jpa.JpaBaseConfiguration$JpaWebConfiguration' via constructor to bean named 'spring.jpa-org.springframework.boot.autoconfigure.orm.jpa.JpaProperties'
2025-04-15T01:05:16.731+05:30 DEBUG 6708 --- [Booking] [main] o.s.b.f.s.DefaultListableBeanFactory     : Creating shared instance of singleton bean 'openEntityManagerInViewInterceptor'
2025-04-15T01:05:16.732+05:30  WARN 6708 --- [Booking] [main] JpaBaseConfiguration$JpaWebConfiguration : spring.jpa.open-in-view is enabled by default. Therefore, database queries may be performed during view rendering. Explicitly configure spring.jpa.open-in-view to disable this warning
2025-04-15T01:05:16.736+05:30 DEBUG 6708 --- [Booking] [main] o.s.b.f.s.DefaultListableBeanFactory     : Autowiring by type from bean name 'openEntityManagerInViewInterceptorConfigurer' via factory method to bean named 'openEntityManagerInViewInterceptor'
2025-04-15T01:05:16.738+05:30 DEBUG 6708 --- [Booking] [main] o.s.b.f.s.DefaultListableBeanFactory     : Creating shared instance of singleton bean 'org.springframework.data.web.config.SpringDataWebConfiguration'
2025-04-15T01:05:16.742+05:30 DEBUG 6708 --- [Booking] [main] o.s.b.f.s.DefaultListableBeanFactory     : Autowiring by type from bean name 'org.springframework.data.web.config.SpringDataWebConfiguration' via constructor to bean named 'org.springframework.boot.web.servlet.context.AnnotationConfigServletWebServerApplicationContext@7fcf2fc1'
2025-04-15T01:05:16.776+05:30 DEBUG 6708 --- [Booking] [main] o.s.b.f.s.DefaultListableBeanFactory     : Creating shared instance of singleton bean 'inMemoryUserDetailsManager'
2025-04-15T01:05:16.776+05:30 DEBUG 6708 --- [Booking] [main] o.s.b.f.s.DefaultListableBeanFactory     : Creating shared instance of singleton bean 'org.springframework.boot.autoconfigure.security.servlet.UserDetailsServiceAutoConfiguration'
2025-04-15T01:05:16.779+05:30 DEBUG 6708 --- [Booking] [main] o.s.b.f.s.DefaultListableBeanFactory     : Autowiring by type from bean name 'inMemoryUserDetailsManager' via factory method to bean named 'spring.security-org.springframework.boot.autoconfigure.security.SecurityProperties'
2025-04-15T01:05:16.784+05:30  WARN 6708 --- [Booking] [main] .s.s.UserDetailsServiceAutoConfiguration : 

Using generated security password: 58e42881-2acb-4aaa-bba7-27d7430fd4b7

This generated password is for development use only. Your security configuration must be updated before running your application in production.

2025-04-15T01:05:16.828+05:30  INFO 6708 --- [Booking] [main] r$InitializeUserDetailsManagerConfigurer : Global AuthenticationManager configured with UserDetailsService bean with name inMemoryUserDetailsManager
2025-04-15T01:05:17.052+05:30 DEBUG 6708 --- [Booking] [main] o.s.b.f.s.DefaultListableBeanFactory     : Creating shared instance of singleton bean 'filterChainDecoratorPostProcessor'
2025-04-15T01:05:17.064+05:30 DEBUG 6708 --- [Booking] [main] o.s.b.f.s.DefaultListableBeanFactory     : Creating shared instance of singleton bean 'mvcHandlerMappingIntrospectorRequestTransformer'
2025-04-15T01:05:17.065+05:30 DEBUG 6708 --- [Booking] [main] o.s.b.f.s.DefaultListableBeanFactory     : Creating shared instance of singleton bean 'mvcHandlerMappingIntrospector'
2025-04-15T01:05:17.089+05:30 DEBUG 6708 --- [Booking] [main] o.s.b.f.s.DefaultListableBeanFactory     : Creating shared instance of singleton bean 'welcomePageHandlerMapping'
2025-04-15T01:05:17.096+05:30 DEBUG 6708 --- [Booking] [main] o.s.b.f.s.DefaultListableBeanFactory     : Creating shared instance of singleton bean 'mvcConversionService'
2025-04-15T01:05:17.161+05:30 DEBUG 6708 --- [Booking] [main] o.s.b.f.s.DefaultListableBeanFactory     : Creating shared instance of singleton bean 'mvcResourceUrlProvider'
2025-04-15T01:05:17.175+05:30 DEBUG 6708 --- [Booking] [main] o.s.b.f.s.DefaultListableBeanFactory     : Autowiring by type from bean name 'welcomePageHandlerMapping' via factory method to bean named 'org.springframework.boot.web.servlet.context.AnnotationConfigServletWebServerApplicationContext@7fcf2fc1'
2025-04-15T01:05:17.179+05:30 DEBUG 6708 --- [Booking] [main] o.s.b.f.s.DefaultListableBeanFactory     : Autowiring by type from bean name 'welcomePageHandlerMapping' via factory method to bean named 'mvcConversionService'
2025-04-15T01:05:17.180+05:30 DEBUG 6708 --- [Booking] [main] o.s.b.f.s.DefaultListableBeanFactory     : Autowiring by type from bean name 'welcomePageHandlerMapping' via factory method to bean named 'mvcResourceUrlProvider'
2025-04-15T01:05:17.238+05:30 DEBUG 6708 --- [Booking] [main] o.s.b.f.s.DefaultListableBeanFactory     : Creating shared instance of singleton bean 'welcomePageNotAcceptableHandlerMapping'
2025-04-15T01:05:17.242+05:30 DEBUG 6708 --- [Booking] [main] o.s.b.f.s.DefaultListableBeanFactory     : Autowiring by type from bean name 'welcomePageNotAcceptableHandlerMapping' via factory method to bean named 'org.springframework.boot.web.servlet.context.AnnotationConfigServletWebServerApplicationContext@7fcf2fc1'
2025-04-15T01:05:17.243+05:30 DEBUG 6708 --- [Booking] [main] o.s.b.f.s.DefaultListableBeanFactory     : Autowiring by type from bean name 'welcomePageNotAcceptableHandlerMapping' via factory method to bean named 'mvcConversionService'
2025-04-15T01:05:17.243+05:30 DEBUG 6708 --- [Booking] [main] o.s.b.f.s.DefaultListableBeanFactory     : Autowiring by type from bean name 'welcomePageNotAcceptableHandlerMapping' via factory method to bean named 'mvcResourceUrlProvider'
2025-04-15T01:05:17.253+05:30 DEBUG 6708 --- [Booking] [main] o.s.b.f.s.DefaultListableBeanFactory     : Creating shared instance of singleton bean 'requestMappingHandlerMapping'
2025-04-15T01:05:17.261+05:30 DEBUG 6708 --- [Booking] [main] o.s.b.f.s.DefaultListableBeanFactory     : Autowiring by type from bean name 'requestMappingHandlerMapping' via factory method to bean named 'mvcContentNegotiationManager'
2025-04-15T01:05:17.262+05:30 DEBUG 6708 --- [Booking] [main] o.s.b.f.s.DefaultListableBeanFactory     : Autowiring by type from bean name 'requestMappingHandlerMapping' via factory method to bean named 'mvcConversionService'
2025-04-15T01:05:17.262+05:30 DEBUG 6708 --- [Booking] [main] o.s.b.f.s.DefaultListableBeanFactory     : Autowiring by type from bean name 'requestMappingHandlerMapping' via factory method to bean named 'mvcResourceUrlProvider'
2025-04-15T01:05:17.487+05:30 DEBUG 6708 --- [Booking] [main] s.w.s.m.m.a.RequestMappingHandlerMapping : 5 mappings in 'requestMappingHandlerMapping'
2025-04-15T01:05:17.500+05:30 DEBUG 6708 --- [Booking] [main] o.s.b.f.s.DefaultListableBeanFactory     : Creating shared instance of singleton bean 'viewControllerHandlerMapping'
2025-04-15T01:05:17.502+05:30 DEBUG 6708 --- [Booking] [main] o.s.b.f.s.DefaultListableBeanFactory     : Autowiring by type from bean name 'viewControllerHandlerMapping' via factory method to bean named 'mvcConversionService'
2025-04-15T01:05:17.503+05:30 DEBUG 6708 --- [Booking] [main] o.s.b.f.s.DefaultListableBeanFactory     : Autowiring by type from bean name 'viewControllerHandlerMapping' via factory method to bean named 'mvcResourceUrlProvider'
2025-04-15T01:05:17.504+05:30 DEBUG 6708 --- [Booking] [main] o.s.b.f.s.DefaultListableBeanFactory     : Creating shared instance of singleton bean 'beanNameHandlerMapping'
2025-04-15T01:05:17.505+05:30 DEBUG 6708 --- [Booking] [main] o.s.b.f.s.DefaultListableBeanFactory     : Autowiring by type from bean name 'beanNameHandlerMapping' via factory method to bean named 'mvcConversionService'
2025-04-15T01:05:17.505+05:30 DEBUG 6708 --- [Booking] [main] o.s.b.f.s.DefaultListableBeanFactory     : Autowiring by type from bean name 'beanNameHandlerMapping' via factory method to bean named 'mvcResourceUrlProvider'
2025-04-15T01:05:17.514+05:30 DEBUG 6708 --- [Booking] [main] o.s.b.f.s.DefaultListableBeanFactory     : Creating shared instance of singleton bean 'routerFunctionMapping'
2025-04-15T01:05:17.518+05:30 DEBUG 6708 --- [Booking] [main] o.s.b.f.s.DefaultListableBeanFactory     : Autowiring by type from bean name 'routerFunctionMapping' via factory method to bean named 'mvcConversionService'
2025-04-15T01:05:17.518+05:30 DEBUG 6708 --- [Booking] [main] o.s.b.f.s.DefaultListableBeanFactory     : Autowiring by type from bean name 'routerFunctionMapping' via factory method to bean named 'mvcResourceUrlProvider'
2025-04-15T01:05:17.522+05:30 DEBUG 6708 --- [Booking] [main] o.s.b.f.s.DefaultListableBeanFactory     : Creating shared instance of singleton bean 'messageConverters'
2025-04-15T01:05:17.523+05:30 DEBUG 6708 --- [Booking] [main] o.s.b.f.s.DefaultListableBeanFactory     : Creating shared instance of singleton bean 'org.springframework.boot.autoconfigure.http.HttpMessageConvertersAutoConfiguration'
2025-04-15T01:05:17.530+05:30 DEBUG 6708 --- [Booking] [main] o.s.b.f.s.DefaultListableBeanFactory     : Creating shared instance of singleton bean 'stringHttpMessageConverter'
2025-04-15T01:05:17.531+05:30 DEBUG 6708 --- [Booking] [main] o.s.b.f.s.DefaultListableBeanFactory     : Creating shared instance of singleton bean 'org.springframework.boot.autoconfigure.http.HttpMessageConvertersAutoConfiguration$StringHttpMessageConverterConfiguration'
2025-04-15T01:05:17.532+05:30 DEBUG 6708 --- [Booking] [main] o.s.b.f.s.DefaultListableBeanFactory     : Autowiring by type from bean name 'stringHttpMessageConverter' via factory method to bean named 'environment'
2025-04-15T01:05:17.537+05:30 DEBUG 6708 --- [Booking] [main] o.s.b.f.s.DefaultListableBeanFactory     : Creating shared instance of singleton bean 'mappingJackson2HttpMessageConverter'
2025-04-15T01:05:17.540+05:30 DEBUG 6708 --- [Booking] [main] o.s.b.f.s.DefaultListableBeanFactory     : Creating shared instance of singleton bean 'org.springframework.boot.autoconfigure.http.JacksonHttpMessageConvertersConfiguration$MappingJackson2HttpMessageConverterConfiguration'
2025-04-15T01:05:17.542+05:30 DEBUG 6708 --- [Booking] [main] o.s.b.f.s.DefaultListableBeanFactory     : Creating shared instance of singleton bean 'jacksonObjectMapper'
2025-04-15T01:05:17.543+05:30 DEBUG 6708 --- [Booking] [main] o.s.b.f.s.DefaultListableBeanFactory     : Creating shared instance of singleton bean 'org.springframework.boot.autoconfigure.jackson.JacksonAutoConfiguration$JacksonObjectMapperConfiguration'
2025-04-15T01:05:17.545+05:30 DEBUG 6708 --- [Booking] [main] o.s.b.f.s.DefaultListableBeanFactory     : Creating shared instance of singleton bean 'org.springframework.boot.autoconfigure.jackson.JacksonAutoConfiguration$JacksonObjectMapperBuilderConfiguration'
2025-04-15T01:05:17.547+05:30 DEBUG 6708 --- [Booking] [main] o.s.b.f.s.DefaultListableBeanFactory     : Creating shared instance of singleton bean 'standardJacksonObjectMapperBuilderCustomizer'
2025-04-15T01:05:17.548+05:30 DEBUG 6708 --- [Booking] [main] o.s.b.f.s.DefaultListableBeanFactory     : Creating shared instance of singleton bean 'org.springframework.boot.autoconfigure.jackson.JacksonAutoConfiguration$Jackson2ObjectMapperBuilderCustomizerConfiguration'
2025-04-15T01:05:17.550+05:30 DEBUG 6708 --- [Booking] [main] o.s.b.f.s.DefaultListableBeanFactory     : Creating shared instance of singleton bean 'spring.jackson-org.springframework.boot.autoconfigure.jackson.JacksonProperties'
2025-04-15T01:05:17.559+05:30 DEBUG 6708 --- [Booking] [main] o.s.b.f.s.DefaultListableBeanFactory     : Autowiring by type from bean name 'standardJacksonObjectMapperBuilderCustomizer' via factory method to bean named 'spring.jackson-org.springframework.boot.autoconfigure.jackson.JacksonProperties'
2025-04-15T01:05:17.568+05:30 DEBUG 6708 --- [Booking] [main] o.s.b.f.s.DefaultListableBeanFactory     : Creating shared instance of singleton bean 'parameterNamesModule'
2025-04-15T01:05:17.568+05:30 DEBUG 6708 --- [Booking] [main] o.s.b.f.s.DefaultListableBeanFactory     : Creating shared instance of singleton bean 'org.springframework.boot.autoconfigure.jackson.JacksonAutoConfiguration$ParameterNamesModuleConfiguration'
2025-04-15T01:05:17.584+05:30 DEBUG 6708 --- [Booking] [main] o.s.b.f.s.DefaultListableBeanFactory     : Creating shared instance of singleton bean 'jsonMixinModule'
2025-04-15T01:05:17.584+05:30 DEBUG 6708 --- [Booking] [main] o.s.b.f.s.DefaultListableBeanFactory     : Creating shared instance of singleton bean 'org.springframework.boot.autoconfigure.jackson.JacksonAutoConfiguration$JacksonMixinConfiguration'
2025-04-15T01:05:17.586+05:30 DEBUG 6708 --- [Booking] [main] o.s.b.f.s.DefaultListableBeanFactory     : Creating shared instance of singleton bean 'jsonMixinModuleEntries'
2025-04-15T01:05:17.587+05:30 DEBUG 6708 --- [Booking] [main] o.s.b.f.s.DefaultListableBeanFactory     : Autowiring by type from bean name 'jsonMixinModuleEntries' via factory method to bean named 'org.springframework.boot.web.servlet.context.AnnotationConfigServletWebServerApplicationContext@7fcf2fc1'
2025-04-15T01:05:17.601+05:30 DEBUG 6708 --- [Booking] [main] o.s.b.f.s.DefaultListableBeanFactory     : Autowiring by type from bean name 'jsonMixinModule' via factory method to bean named 'org.springframework.boot.web.servlet.context.AnnotationConfigServletWebServerApplicationContext@7fcf2fc1'
2025-04-15T01:05:17.601+05:30 DEBUG 6708 --- [Booking] [main] o.s.b.f.s.DefaultListableBeanFactory     : Autowiring by type from bean name 'jsonMixinModule' via factory method to bean named 'jsonMixinModuleEntries'
2025-04-15T01:05:17.609+05:30 DEBUG 6708 --- [Booking] [main] o.s.b.f.s.DefaultListableBeanFactory     : Creating shared instance of singleton bean 'jsonComponentModule'
2025-04-15T01:05:17.609+05:30 DEBUG 6708 --- [Booking] [main] o.s.b.f.s.DefaultListableBeanFactory     : Creating shared instance of singleton bean 'org.springframework.boot.autoconfigure.jackson.JacksonAutoConfiguration'
2025-04-15T01:05:17.620+05:30 DEBUG 6708 --- [Booking] [main] o.s.b.f.s.DefaultListableBeanFactory     : Creating shared instance of singleton bean 'jacksonGeoModule'
2025-04-15T01:05:17.621+05:30 DEBUG 6708 --- [Booking] [main] o.s.b.f.s.DefaultListableBeanFactory     : Creating shared instance of singleton bean 'org.springframework.data.web.config.SpringDataJacksonConfiguration'
2025-04-15T01:05:17.625+05:30 DEBUG 6708 --- [Booking] [main] o.s.b.f.s.DefaultListableBeanFactory     : Creating shared instance of singleton bean 'springDataWebSettings'
2025-04-15T01:05:17.626+05:30 DEBUG 6708 --- [Booking] [main] o.s.b.f.s.DefaultListableBeanFactory     : Creating shared instance of singleton bean 'org.springframework.boot.autoconfigure.data.web.SpringDataWebAutoConfiguration'
2025-04-15T01:05:17.628+05:30 DEBUG 6708 --- [Booking] [main] o.s.b.f.s.DefaultListableBeanFactory     : Creating shared instance of singleton bean 'spring.data.web-org.springframework.boot.autoconfigure.data.web.SpringDataWebProperties'
2025-04-15T01:05:17.631+05:30 DEBUG 6708 --- [Booking] [main] o.s.b.f.s.DefaultListableBeanFactory     : Autowiring by type from bean name 'org.springframework.boot.autoconfigure.data.web.SpringDataWebAutoConfiguration' via constructor to bean named 'spring.data.web-org.springframework.boot.autoconfigure.data.web.SpringDataWebProperties'
2025-04-15T01:05:17.656+05:30 DEBUG 6708 --- [Booking] [main] o.s.b.f.s.DefaultListableBeanFactory     : Creating shared instance of singleton bean 'pageModule'
2025-04-15T01:05:17.668+05:30 DEBUG 6708 --- [Booking] [main] o.s.b.f.s.DefaultListableBeanFactory     : Autowiring by type from bean name 'jacksonObjectMapperBuilder' via factory method to bean named 'org.springframework.boot.web.servlet.context.AnnotationConfigServletWebServerApplicationContext@7fcf2fc1'
2025-04-15T01:05:17.669+05:30 DEBUG 6708 --- [Booking] [main] o.s.b.f.s.DefaultListableBeanFactory     : Autowiring by type from bean name 'jacksonObjectMapperBuilder' via factory method to bean named 'standardJacksonObjectMapperBuilderCustomizer'
2025-04-15T01:05:17.675+05:30 DEBUG 6708 --- [Booking] [main] o.s.b.f.s.DefaultListableBeanFactory     : Autowiring by type from bean name 'jacksonObjectMapper' via factory method to bean named 'jacksonObjectMapperBuilder'
2025-04-15T01:05:17.720+05:30 DEBUG 6708 --- [Booking] [main] o.s.b.f.s.DefaultListableBeanFactory     : Autowiring by type from bean name 'mappingJackson2HttpMessageConverter' via factory method to bean named 'jacksonObjectMapper'
2025-04-15T01:05:17.748+05:30 DEBUG 6708 --- [Booking] [main] o.s.b.f.s.DefaultListableBeanFactory     : Creating shared instance of singleton bean 'resourceHandlerMapping'
2025-04-15T01:05:17.749+05:30 DEBUG 6708 --- [Booking] [main] o.s.b.f.s.DefaultListableBeanFactory     : Autowiring by type from bean name 'resourceHandlerMapping' via factory method to bean named 'mvcContentNegotiationManager'
2025-04-15T01:05:17.750+05:30 DEBUG 6708 --- [Booking] [main] o.s.b.f.s.DefaultListableBeanFactory     : Autowiring by type from bean name 'resourceHandlerMapping' via factory method to bean named 'mvcConversionService'
2025-04-15T01:05:17.750+05:30 DEBUG 6708 --- [Booking] [main] o.s.b.f.s.DefaultListableBeanFactory     : Autowiring by type from bean name 'resourceHandlerMapping' via factory method to bean named 'mvcResourceUrlProvider'
2025-04-15T01:05:17.788+05:30 DEBUG 6708 --- [Booking] [main] o.s.w.s.handler.SimpleUrlHandlerMapping  : Patterns [/webjars/**, /**] in 'resourceHandlerMapping'
2025-04-15T01:05:17.793+05:30 DEBUG 6708 --- [Booking] [main] o.s.b.f.s.DefaultListableBeanFactory     : Creating shared instance of singleton bean 'defaultServletHandlerMapping'
2025-04-15T01:05:17.815+05:30 DEBUG 6708 --- [Booking] [main] o.s.b.f.s.DefaultListableBeanFactory     : Creating shared instance of singleton bean 'filterChain'
2025-04-15T01:05:17.816+05:30 DEBUG 6708 --- [Booking] [main] o.s.b.f.s.DefaultListableBeanFactory     : Autowiring by type from bean name 'filterChain' via factory method to bean named 'org.springframework.security.config.annotation.web.configuration.HttpSecurityConfiguration.httpSecurity'
2025-04-15T01:05:17.839+05:30 DEBUG 6708 --- [Booking] [main] o.s.b.f.s.DefaultListableBeanFactory     : Creating shared instance of singleton bean 'webAuthorizationManagerPostProcessor'
2025-04-15T01:05:17.921+05:30 DEBUG 6708 --- [Booking] [main] o.s.b.f.s.DefaultListableBeanFactory     : Creating shared instance of singleton bean 'authenticationManagerPostProcessor'
2025-04-15T01:05:17.975+05:30 DEBUG 6708 --- [Booking] [main] o.s.s.web.DefaultSecurityFilterChain     : Will secure any request with filters: DisableEncodeUrlFilter, WebAsyncManagerIntegrationFilter, SecurityContextHolderFilter, HeaderWriterFilter, LogoutFilter, JwtFilter, RequestCacheAwareFilter, SecurityContextHolderAwareRequestFilter, AnonymousAuthenticationFilter, ExceptionTranslationFilter, AuthorizationFilter
2025-04-15T01:05:18.030+05:30 DEBUG 6708 --- [Booking] [main] o.s.b.f.s.DefaultListableBeanFactory     : Creating shared instance of singleton bean 'delegatingApplicationListener'
2025-04-15T01:05:18.069+05:30 DEBUG 6708 --- [Booking] [main] o.s.b.f.s.DefaultListableBeanFactory     : Creating shared instance of singleton bean 'springSecurityFilterChain'
2025-04-15T01:05:18.134+05:30 DEBUG 6708 --- [Booking] [main] o.s.b.f.s.DefaultListableBeanFactory     : Creating shared instance of singleton bean 'webSecurityExpressionHandler'
2025-04-15T01:05:18.143+05:30 DEBUG 6708 --- [Booking] [main] o.s.b.f.s.DefaultListableBeanFactory     : Creating shared instance of singleton bean 'privilegeEvaluator'
2025-04-15T01:05:18.146+05:30 DEBUG 6708 --- [Booking] [main] o.s.b.f.s.DefaultListableBeanFactory     : Creating shared instance of singleton bean 'requestDataValueProcessor'
2025-04-15T01:05:18.148+05:30 DEBUG 6708 --- [Booking] [main] o.s.b.f.s.DefaultListableBeanFactory     : Creating shared instance of singleton bean 'org.springframework.security.config.annotation.web.configuration.ObservationConfiguration'
2025-04-15T01:05:18.149+05:30 DEBUG 6708 --- [Booking] [main] o.s.b.f.s.DefaultListableBeanFactory     : Creating shared instance of singleton bean '_prePostMethodSecurityConfiguration'
2025-04-15T01:05:18.154+05:30 DEBUG 6708 --- [Booking] [main] o.s.b.f.s.DefaultListableBeanFactory     : Creating shared instance of singleton bean 'methodAuthorizationManagerPostProcessor'
2025-04-15T01:05:18.160+05:30 DEBUG 6708 --- [Booking] [main] o.s.b.f.s.DefaultListableBeanFactory     : Creating shared instance of singleton bean 'methodResultAuthorizationManagerPostProcessor'
2025-04-15T01:05:18.169+05:30 DEBUG 6708 --- [Booking] [main] o.s.b.f.s.DefaultListableBeanFactory     : Creating shared instance of singleton bean 'prePostAuthorizeExpressionHintsRegistrar'
2025-04-15T01:05:18.177+05:30 DEBUG 6708 --- [Booking] [main] o.s.b.f.s.DefaultListableBeanFactory     : Creating shared instance of singleton bean 'org.springframework.security.config.annotation.method.configuration.AuthorizationProxyConfiguration'
2025-04-15T01:05:18.178+05:30 DEBUG 6708 --- [Booking] [main] o.s.b.f.s.DefaultListableBeanFactory     : Creating shared instance of singleton bean 'authorizeReturnObjectHintsRegistrar'
2025-04-15T01:05:18.179+05:30 DEBUG 6708 --- [Booking] [main] o.s.b.f.s.DefaultListableBeanFactory     : Autowiring by type from bean name 'authorizeReturnObjectHintsRegistrar' via factory method to bean named 'authorizationProxyFactory'
2025-04-15T01:05:18.184+05:30 DEBUG 6708 --- [Booking] [main] o.s.b.f.s.DefaultListableBeanFactory     : Creating shared instance of singleton bean 'org.springframework.security.config.annotation.method.configuration.MethodObservationConfiguration'
2025-04-15T01:05:18.187+05:30 DEBUG 6708 --- [Booking] [main] o.s.b.f.s.DefaultListableBeanFactory     : Creating shared instance of singleton bean 'org.springframework.boot.autoconfigure.context.PropertyPlaceholderAutoConfiguration'
2025-04-15T01:05:18.188+05:30 DEBUG 6708 --- [Booking] [main] o.s.b.f.s.DefaultListableBeanFactory     : Creating shared instance of singleton bean 'org.springframework.boot.context.properties.EnableConfigurationPropertiesRegistrar.methodValidationExcludeFilter'
2025-04-15T01:05:18.195+05:30 DEBUG 6708 --- [Booking] [main] o.s.b.f.s.DefaultListableBeanFactory     : Creating shared instance of singleton bean 'org.springframework.boot.autoconfigure.websocket.servlet.WebSocketServletAutoConfiguration'
2025-04-15T01:05:18.199+05:30 DEBUG 6708 --- [Booking] [main] o.s.b.f.s.DefaultListableBeanFactory     : Creating shared instance of singleton bean 'org.springframework.boot.autoconfigure.web.servlet.DispatcherServletAutoConfiguration'
2025-04-15T01:05:18.205+05:30 DEBUG 6708 --- [Booking] [main] o.s.b.f.s.DefaultListableBeanFactory     : Creating shared instance of singleton bean 'org.springframework.boot.autoconfigure.task.TaskExecutorConfigurations$ThreadPoolTaskExecutorBuilderConfiguration'
2025-04-15T01:05:18.209+05:30 DEBUG 6708 --- [Booking] [main] o.s.b.f.s.DefaultListableBeanFactory     : Creating shared instance of singleton bean 'threadPoolTaskExecutorBuilder'
2025-04-15T01:05:18.212+05:30 DEBUG 6708 --- [Booking] [main] o.s.b.f.s.DefaultListableBeanFactory     : Creating shared instance of singleton bean 'spring.task.execution-org.springframework.boot.autoconfigure.task.TaskExecutionProperties'
2025-04-15T01:05:18.228+05:30 DEBUG 6708 --- [Booking] [main] o.s.b.f.s.DefaultListableBeanFactory     : Autowiring by type from bean name 'threadPoolTaskExecutorBuilder' via factory method to bean named 'spring.task.execution-org.springframework.boot.autoconfigure.task.TaskExecutionProperties'
2025-04-15T01:05:18.261+05:30 DEBUG 6708 --- [Booking] [main] o.s.b.f.s.DefaultListableBeanFactory     : Creating shared instance of singleton bean 'org.springframework.boot.autoconfigure.task.TaskExecutorConfigurations$SimpleAsyncTaskExecutorBuilderConfiguration'
2025-04-15T01:05:18.263+05:30 DEBUG 6708 --- [Booking] [main] o.s.b.f.s.DefaultListableBeanFactory     : Autowiring by type from bean name 'org.springframework.boot.autoconfigure.task.TaskExecutorConfigurations$SimpleAsyncTaskExecutorBuilderConfiguration' via constructor to bean named 'spring.task.execution-org.springframework.boot.autoconfigure.task.TaskExecutionProperties'
2025-04-15T01:05:18.267+05:30 DEBUG 6708 --- [Booking] [main] o.s.b.f.s.DefaultListableBeanFactory     : Creating shared instance of singleton bean 'simpleAsyncTaskExecutorBuilder'
2025-04-15T01:05:18.275+05:30 DEBUG 6708 --- [Booking] [main] o.s.b.f.s.DefaultListableBeanFactory     : Creating shared instance of singleton bean 'org.springframework.boot.autoconfigure.task.TaskExecutorConfigurations$TaskExecutorConfiguration'
2025-04-15T01:05:18.277+05:30 DEBUG 6708 --- [Booking] [main] o.s.b.f.s.DefaultListableBeanFactory     : Creating shared instance of singleton bean 'org.springframework.boot.autoconfigure.task.TaskExecutionAutoConfiguration'
2025-04-15T01:05:18.280+05:30 DEBUG 6708 --- [Booking] [main] o.s.b.f.s.DefaultListableBeanFactory     : Creating shared instance of singleton bean 'org.springframework.boot.autoconfigure.web.servlet.error.ErrorMvcAutoConfiguration$WhitelabelErrorViewConfiguration'
2025-04-15T01:05:18.285+05:30 DEBUG 6708 --- [Booking] [main] o.s.b.f.s.DefaultListableBeanFactory     : Creating shared instance of singleton bean 'error'
2025-04-15T01:05:18.289+05:30 DEBUG 6708 --- [Booking] [main] o.s.b.f.s.DefaultListableBeanFactory     : Creating shared instance of singleton bean 'beanNameViewResolver'
2025-04-15T01:05:18.293+05:30 DEBUG 6708 --- [Booking] [main] o.s.b.f.s.DefaultListableBeanFactory     : Creating shared instance of singleton bean 'org.springframework.boot.autoconfigure.web.servlet.error.ErrorMvcAutoConfiguration$DefaultErrorViewResolverConfiguration'
2025-04-15T01:05:18.295+05:30 DEBUG 6708 --- [Booking] [main] o.s.b.f.s.DefaultListableBeanFactory     : Autowiring by type from bean name 'org.springframework.boot.autoconfigure.web.servlet.error.ErrorMvcAutoConfiguration$DefaultErrorViewResolverConfiguration' via constructor to bean named 'org.springframework.boot.web.servlet.context.AnnotationConfigServletWebServerApplicationContext@7fcf2fc1'
2025-04-15T01:05:18.295+05:30 DEBUG 6708 --- [Booking] [main] o.s.b.f.s.DefaultListableBeanFactory     : Autowiring by type from bean name 'org.springframework.boot.autoconfigure.web.servlet.error.ErrorMvcAutoConfiguration$DefaultErrorViewResolverConfiguration' via constructor to bean named 'spring.web-org.springframework.boot.autoconfigure.web.WebProperties'
2025-04-15T01:05:18.299+05:30 DEBUG 6708 --- [Booking] [main] o.s.b.f.s.DefaultListableBeanFactory     : Creating shared instance of singleton bean 'conventionErrorViewResolver'
2025-04-15T01:05:18.304+05:30 DEBUG 6708 --- [Booking] [main] o.s.b.f.s.DefaultListableBeanFactory     : Creating shared instance of singleton bean 'errorAttributes'
2025-04-15T01:05:18.311+05:30 DEBUG 6708 --- [Booking] [main] o.s.b.f.s.DefaultListableBeanFactory     : Creating shared instance of singleton bean 'basicErrorController'
2025-04-15T01:05:18.312+05:30 DEBUG 6708 --- [Booking] [main] o.s.b.f.s.DefaultListableBeanFactory     : Autowiring by type from bean name 'basicErrorController' via factory method to bean named 'errorAttributes'
2025-04-15T01:05:18.317+05:30 DEBUG 6708 --- [Booking] [main] o.s.b.f.s.DefaultListableBeanFactory     : Creating shared instance of singleton bean 'localeResolver'
2025-04-15T01:05:18.323+05:30 DEBUG 6708 --- [Booking] [main] o.s.b.f.s.DefaultListableBeanFactory     : Creating shared instance of singleton bean 'themeResolver'
2025-04-15T01:05:18.326+05:30 DEBUG 6708 --- [Booking] [main] o.s.b.f.s.DefaultListableBeanFactory     : Creating shared instance of singleton bean 'flashMapManager'
2025-04-15T01:05:18.331+05:30 DEBUG 6708 --- [Booking] [main] o.s.b.f.s.DefaultListableBeanFactory     : Creating shared instance of singleton bean 'viewNameTranslator'
2025-04-15T01:05:18.336+05:30 DEBUG 6708 --- [Booking] [main] o.s.b.f.s.DefaultListableBeanFactory     : Creating shared instance of singleton bean 'mvcValidator'
2025-04-15T01:05:18.349+05:30 DEBUG 6708 --- [Booking] [main] o.s.v.b.OptionalValidatorFactoryBean     : Failed to set up a Bean Validation provider

jakarta.validation.NoProviderFoundException: Unable to create a Configuration, because no Jakarta Bean Validation provider could be found. Add a provider like Hibernate Validator (RI) to your classpath.
	at jakarta.validation.Validation$GenericBootstrapImpl.configure(Validation.java:291) ~[jakarta.validation-api-3.0.2.jar:na]
	at org.springframework.validation.beanvalidation.LocalValidatorFactoryBean.afterPropertiesSet(LocalValidatorFactoryBean.java:270) ~[spring-context-6.2.5.jar:6.2.5]
	at org.springframework.validation.beanvalidation.OptionalValidatorFactoryBean.afterPropertiesSet(OptionalValidatorFactoryBean.java:40) ~[spring-context-6.2.5.jar:6.2.5]
	at org.springframework.boot.autoconfigure.validation.ValidatorAdapter.afterPropertiesSet(ValidatorAdapter.java:85) ~[spring-boot-autoconfigure-3.4.4.jar:3.4.4]
	at org.springframework.beans.factory.support.AbstractAutowireCapableBeanFactory.invokeInitMethods(AbstractAutowireCapableBeanFactory.java:1859) ~[spring-beans-6.2.5.jar:6.2.5]
	at org.springframework.beans.factory.support.AbstractAutowireCapableBeanFactory.initializeBean(AbstractAutowireCapableBeanFactory.java:1808) ~[spring-beans-6.2.5.jar:6.2.5]
	at org.springframework.beans.factory.support.AbstractAutowireCapableBeanFactory.doCreateBean(AbstractAutowireCapableBeanFactory.java:601) ~[spring-beans-6.2.5.jar:6.2.5]
	at org.springframework.beans.factory.support.AbstractAutowireCapableBeanFactory.createBean(AbstractAutowireCapableBeanFactory.java:523) ~[spring-beans-6.2.5.jar:6.2.5]
	at org.springframework.beans.factory.support.AbstractBeanFactory.lambda$doGetBean$0(AbstractBeanFactory.java:339) ~[spring-beans-6.2.5.jar:6.2.5]
	at org.springframework.beans.factory.support.DefaultSingletonBeanRegistry.getSingleton(DefaultSingletonBeanRegistry.java:347) ~[spring-beans-6.2.5.jar:6.2.5]
	at org.springframework.beans.factory.support.AbstractBeanFactory.doGetBean(AbstractBeanFactory.java:337) ~[spring-beans-6.2.5.jar:6.2.5]
	at org.springframework.beans.factory.support.AbstractBeanFactory.getBean(AbstractBeanFactory.java:202) ~[spring-beans-6.2.5.jar:6.2.5]
	at org.springframework.beans.factory.support.DefaultListableBeanFactory.instantiateSingleton(DefaultListableBeanFactory.java:1155) ~[spring-beans-6.2.5.jar:6.2.5]
	at org.springframework.beans.factory.support.DefaultListableBeanFactory.preInstantiateSingleton(DefaultListableBeanFactory.java:1121) ~[spring-beans-6.2.5.jar:6.2.5]
	at org.springframework.beans.factory.support.DefaultListableBeanFactory.preInstantiateSingletons(DefaultListableBeanFactory.java:1056) ~[spring-beans-6.2.5.jar:6.2.5]
	at org.springframework.context.support.AbstractApplicationContext.finishBeanFactoryInitialization(AbstractApplicationContext.java:987) ~[spring-context-6.2.5.jar:6.2.5]
	at org.springframework.context.support.AbstractApplicationContext.refresh(AbstractApplicationContext.java:627) ~[spring-context-6.2.5.jar:6.2.5]
	at org.springframework.boot.web.servlet.context.ServletWebServerApplicationContext.refresh(ServletWebServerApplicationContext.java:146) ~[spring-boot-3.4.4.jar:3.4.4]
	at org.springframework.boot.SpringApplication.refresh(SpringApplication.java:752) ~[spring-boot-3.4.4.jar:3.4.4]
	at org.springframework.boot.SpringApplication.refreshContext(SpringApplication.java:439) ~[spring-boot-3.4.4.jar:3.4.4]
	at org.springframework.boot.SpringApplication.run(SpringApplication.java:318) ~[spring-boot-3.4.4.jar:3.4.4]
	at org.springframework.boot.SpringApplication.run(SpringApplication.java:1361) ~[spring-boot-3.4.4.jar:3.4.4]
	at org.springframework.boot.SpringApplication.run(SpringApplication.java:1350) ~[spring-boot-3.4.4.jar:3.4.4]
	at com.example.Booking.BookingApplication.main(BookingApplication.java:10) ~[classes/:na]

2025-04-15T01:05:18.357+05:30 DEBUG 6708 --- [Booking] [main] o.s.b.f.s.DefaultListableBeanFactory     : Creating shared instance of singleton bean 'mvcPatternParser'
2025-04-15T01:05:18.359+05:30 DEBUG 6708 --- [Booking] [main] o.s.b.f.s.DefaultListableBeanFactory     : Creating shared instance of singleton bean 'mvcUrlPathHelper'
2025-04-15T01:05:18.362+05:30 DEBUG 6708 --- [Booking] [main] o.s.b.f.s.DefaultListableBeanFactory     : Creating shared instance of singleton bean 'mvcPathMatcher'
2025-04-15T01:05:18.364+05:30 DEBUG 6708 --- [Booking] [main] o.s.b.f.s.DefaultListableBeanFactory     : Creating shared instance of singleton bean 'requestMappingHandlerAdapter'
2025-04-15T01:05:18.366+05:30 DEBUG 6708 --- [Booking] [main] o.s.b.f.s.DefaultListableBeanFactory     : Autowiring by type from bean name 'requestMappingHandlerAdapter' via factory method to bean named 'mvcContentNegotiationManager'
2025-04-15T01:05:18.366+05:30 DEBUG 6708 --- [Booking] [main] o.s.b.f.s.DefaultListableBeanFactory     : Autowiring by type from bean name 'requestMappingHandlerAdapter' via factory method to bean named 'mvcConversionService'
2025-04-15T01:05:18.366+05:30 DEBUG 6708 --- [Booking] [main] o.s.b.f.s.DefaultListableBeanFactory     : Autowiring by type from bean name 'requestMappingHandlerAdapter' via factory method to bean named 'mvcValidator'
2025-04-15T01:05:18.385+05:30 DEBUG 6708 --- [Booking] [main] o.s.b.f.s.DefaultListableBeanFactory     : Creating shared instance of singleton bean 'sortResolver'
2025-04-15T01:05:18.388+05:30 DEBUG 6708 --- [Booking] [main] o.s.b.f.s.DefaultListableBeanFactory     : Creating shared instance of singleton bean 'sortCustomizer'
2025-04-15T01:05:18.393+05:30 DEBUG 6708 --- [Booking] [main] o.s.b.f.s.DefaultListableBeanFactory     : Creating shared instance of singleton bean 'pageableResolver'
2025-04-15T01:05:18.396+05:30 DEBUG 6708 --- [Booking] [main] o.s.b.f.s.DefaultListableBeanFactory     : Creating shared instance of singleton bean 'pageableCustomizer'
2025-04-15T01:05:18.403+05:30 DEBUG 6708 --- [Booking] [main] o.s.b.f.s.DefaultListableBeanFactory     : Creating shared instance of singleton bean 'applicationTaskExecutor'
2025-04-15T01:05:18.404+05:30 DEBUG 6708 --- [Booking] [main] o.s.b.f.s.DefaultListableBeanFactory     : Autowiring by type from bean name 'applicationTaskExecutor' via factory method to bean named 'threadPoolTaskExecutorBuilder'
2025-04-15T01:05:18.416+05:30 DEBUG 6708 --- [Booking] [main] o.s.s.concurrent.ThreadPoolTaskExecutor  : Initializing ExecutorService 'applicationTaskExecutor'
2025-04-15T01:05:18.443+05:30 DEBUG 6708 --- [Booking] [main] s.w.s.m.m.a.RequestMappingHandlerAdapter : ControllerAdvice beans: 0 @ModelAttribute, 0 @InitBinder, 1 RequestBodyAdvice, 1 ResponseBodyAdvice
2025-04-15T01:05:18.503+05:30 DEBUG 6708 --- [Booking] [main] o.s.b.f.s.DefaultListableBeanFactory     : Creating shared instance of singleton bean 'mvcViewResolver'
2025-04-15T01:05:18.504+05:30 DEBUG 6708 --- [Booking] [main] o.s.b.f.s.DefaultListableBeanFactory     : Autowiring by type from bean name 'mvcViewResolver' via factory method to bean named 'mvcContentNegotiationManager'
2025-04-15T01:05:18.510+05:30 DEBUG 6708 --- [Booking] [main] o.s.b.f.s.DefaultListableBeanFactory     : Creating shared instance of singleton bean 'defaultViewResolver'
2025-04-15T01:05:18.528+05:30 DEBUG 6708 --- [Booking] [main] o.s.b.f.s.DefaultListableBeanFactory     : Creating shared instance of singleton bean 'viewResolver'
2025-04-15T01:05:18.531+05:30 DEBUG 6708 --- [Booking] [main] o.s.b.f.s.DefaultListableBeanFactory     : Autowiring by type from bean name 'viewResolver' via factory method to bean named 'org.springframework.beans.factory.support.DefaultListableBeanFactory@681a8b4e'
2025-04-15T01:05:18.533+05:30 DEBUG 6708 --- [Booking] [main] o.s.b.f.s.DefaultListableBeanFactory     : Creating shared instance of singleton bean 'viewResolver'
2025-04-15T01:05:18.561+05:30 DEBUG 6708 --- [Booking] [main] o.s.b.f.s.DefaultListableBeanFactory     : Creating shared instance of singleton bean 'handlerFunctionAdapter'
2025-04-15T01:05:18.563+05:30 DEBUG 6708 --- [Booking] [main] o.s.b.f.s.DefaultListableBeanFactory     : Creating shared instance of singleton bean 'mvcUriComponentsContributor'
2025-04-15T01:05:18.565+05:30 DEBUG 6708 --- [Booking] [main] o.s.b.f.s.DefaultListableBeanFactory     : Autowiring by type from bean name 'mvcUriComponentsContributor' via factory method to bean named 'mvcConversionService'
2025-04-15T01:05:18.566+05:30 DEBUG 6708 --- [Booking] [main] o.s.b.f.s.DefaultListableBeanFactory     : Autowiring by type from bean name 'mvcUriComponentsContributor' via factory method to bean named 'requestMappingHandlerAdapter'
2025-04-15T01:05:18.568+05:30 DEBUG 6708 --- [Booking] [main] o.s.b.f.s.DefaultListableBeanFactory     : Creating shared instance of singleton bean 'httpRequestHandlerAdapter'
2025-04-15T01:05:18.571+05:30 DEBUG 6708 --- [Booking] [main] o.s.b.f.s.DefaultListableBeanFactory     : Creating shared instance of singleton bean 'simpleControllerHandlerAdapter'
2025-04-15T01:05:18.572+05:30 DEBUG 6708 --- [Booking] [main] o.s.b.f.s.DefaultListableBeanFactory     : Creating shared instance of singleton bean 'handlerExceptionResolver'
2025-04-15T01:05:18.573+05:30 DEBUG 6708 --- [Booking] [main] o.s.b.f.s.DefaultListableBeanFactory     : Autowiring by type from bean name 'handlerExceptionResolver' via factory method to bean named 'mvcContentNegotiationManager'
2025-04-15T01:05:18.578+05:30 DEBUG 6708 --- [Booking] [main] .m.m.a.ExceptionHandlerExceptionResolver : ControllerAdvice beans: 0 @ExceptionHandler, 1 ResponseBodyAdvice
2025-04-15T01:05:18.584+05:30 DEBUG 6708 --- [Booking] [main] o.s.b.f.s.DefaultListableBeanFactory     : Creating shared instance of singleton bean 'org.springframework.boot.autoconfigure.amqp.RabbitAutoConfiguration$RabbitConnectionFactoryCreator'
2025-04-15T01:05:18.585+05:30 DEBUG 6708 --- [Booking] [main] o.s.b.f.s.DefaultListableBeanFactory     : Creating shared instance of singleton bean 'spring.rabbitmq-org.springframework.boot.autoconfigure.amqp.RabbitProperties'
2025-04-15T01:05:18.602+05:30 DEBUG 6708 --- [Booking] [main] o.s.b.f.s.DefaultListableBeanFactory     : Autowiring by type from bean name 'org.springframework.boot.autoconfigure.amqp.RabbitAutoConfiguration$RabbitConnectionFactoryCreator' via constructor to bean named 'spring.rabbitmq-org.springframework.boot.autoconfigure.amqp.RabbitProperties'
2025-04-15T01:05:18.603+05:30 DEBUG 6708 --- [Booking] [main] o.s.b.f.s.DefaultListableBeanFactory     : Creating shared instance of singleton bean 'rabbitConnectionDetails'
2025-04-15T01:05:18.607+05:30 DEBUG 6708 --- [Booking] [main] o.s.b.f.s.DefaultListableBeanFactory     : Creating shared instance of singleton bean 'rabbitConnectionFactoryBeanConfigurer'
2025-04-15T01:05:18.609+05:30 DEBUG 6708 --- [Booking] [main] o.s.b.f.s.DefaultListableBeanFactory     : Autowiring by type from bean name 'rabbitConnectionFactoryBeanConfigurer' via factory method to bean named 'org.springframework.boot.web.servlet.context.AnnotationConfigServletWebServerApplicationContext@7fcf2fc1'
2025-04-15T01:05:18.609+05:30 DEBUG 6708 --- [Booking] [main] o.s.b.f.s.DefaultListableBeanFactory     : Autowiring by type from bean name 'rabbitConnectionFactoryBeanConfigurer' via factory method to bean named 'rabbitConnectionDetails'
2025-04-15T01:05:18.616+05:30 DEBUG 6708 --- [Booking] [main] o.s.b.f.s.DefaultListableBeanFactory     : Creating shared instance of singleton bean 'rabbitConnectionFactoryConfigurer'
2025-04-15T01:05:18.618+05:30 DEBUG 6708 --- [Booking] [main] o.s.b.f.s.DefaultListableBeanFactory     : Autowiring by type from bean name 'rabbitConnectionFactoryConfigurer' via factory method to bean named 'rabbitConnectionDetails'
2025-04-15T01:05:18.622+05:30 DEBUG 6708 --- [Booking] [main] o.s.b.f.s.DefaultListableBeanFactory     : Creating shared instance of singleton bean 'org.springframework.boot.autoconfigure.amqp.RabbitAutoConfiguration$RabbitTemplateConfiguration'
2025-04-15T01:05:18.623+05:30 DEBUG 6708 --- [Booking] [main] o.s.b.f.s.DefaultListableBeanFactory     : Creating shared instance of singleton bean 'rabbitTemplateConfigurer'
2025-04-15T01:05:18.624+05:30 DEBUG 6708 --- [Booking] [main] o.s.b.f.s.DefaultListableBeanFactory     : Autowiring by type from bean name 'rabbitTemplateConfigurer' via factory method to bean named 'spring.rabbitmq-org.springframework.boot.autoconfigure.amqp.RabbitProperties'
2025-04-15T01:05:18.629+05:30 DEBUG 6708 --- [Booking] [main] o.s.b.f.s.DefaultListableBeanFactory     : Creating shared instance of singleton bean 'amqpAdmin'
2025-04-15T01:05:18.630+05:30 DEBUG 6708 --- [Booking] [main] o.s.b.f.s.DefaultListableBeanFactory     : Autowiring by type from bean name 'amqpAdmin' via factory method to bean named 'connectionFactory'
2025-04-15T01:05:18.673+05:30 DEBUG 6708 --- [Booking] [main] o.s.b.f.s.DefaultListableBeanFactory     : Creating shared instance of singleton bean 'org.springframework.boot.autoconfigure.amqp.RabbitAutoConfiguration$MessagingTemplateConfiguration'
2025-04-15T01:05:18.675+05:30 DEBUG 6708 --- [Booking] [main] o.s.b.f.s.DefaultListableBeanFactory     : Creating shared instance of singleton bean 'rabbitMessagingTemplate'
2025-04-15T01:05:18.676+05:30 DEBUG 6708 --- [Booking] [main] o.s.b.f.s.DefaultListableBeanFactory     : Autowiring by type from bean name 'rabbitMessagingTemplate' via factory method to bean named 'rabbitTemplate'
2025-04-15T01:05:18.694+05:30 DEBUG 6708 --- [Booking] [main] o.s.b.f.s.DefaultListableBeanFactory     : Creating shared instance of singleton bean 'org.springframework.boot.autoconfigure.amqp.RabbitAnnotationDrivenConfiguration$EnableRabbitConfiguration'
2025-04-15T01:05:18.695+05:30 DEBUG 6708 --- [Booking] [main] o.s.b.f.s.DefaultListableBeanFactory     : Creating shared instance of singleton bean 'org.springframework.amqp.rabbit.config.internalRabbitListenerEndpointRegistry'
2025-04-15T01:05:18.698+05:30 DEBUG 6708 --- [Booking] [main] o.s.b.f.s.DefaultListableBeanFactory     : Creating shared instance of singleton bean 'org.springframework.boot.autoconfigure.amqp.RabbitAnnotationDrivenConfiguration'
2025-04-15T01:05:18.700+05:30 DEBUG 6708 --- [Booking] [main] o.s.b.f.s.DefaultListableBeanFactory     : Autowiring by type from bean name 'org.springframework.boot.autoconfigure.amqp.RabbitAnnotationDrivenConfiguration' via constructor to bean named 'spring.rabbitmq-org.springframework.boot.autoconfigure.amqp.RabbitProperties'
2025-04-15T01:05:18.705+05:30 DEBUG 6708 --- [Booking] [main] o.s.b.f.s.DefaultListableBeanFactory     : Creating shared instance of singleton bean 'simpleRabbitListenerContainerFactoryConfigurer'
2025-04-15T01:05:18.711+05:30 DEBUG 6708 --- [Booking] [main] o.s.b.f.s.DefaultListableBeanFactory     : Creating shared instance of singleton bean 'rabbitListenerContainerFactory'
2025-04-15T01:05:18.714+05:30 DEBUG 6708 --- [Booking] [main] o.s.b.f.s.DefaultListableBeanFactory     : Autowiring by type from bean name 'rabbitListenerContainerFactory' via factory method to bean named 'simpleRabbitListenerContainerFactoryConfigurer'
2025-04-15T01:05:18.715+05:30 DEBUG 6708 --- [Booking] [main] o.s.b.f.s.DefaultListableBeanFactory     : Autowiring by type from bean name 'rabbitListenerContainerFactory' via factory method to bean named 'connectionFactory'
2025-04-15T01:05:18.729+05:30 DEBUG 6708 --- [Booking] [main] o.s.b.f.s.DefaultListableBeanFactory     : Creating shared instance of singleton bean 'directRabbitListenerContainerFactoryConfigurer'
2025-04-15T01:05:18.731+05:30 DEBUG 6708 --- [Booking] [main] o.s.b.f.s.DefaultListableBeanFactory     : Creating shared instance of singleton bean 'org.springframework.boot.autoconfigure.amqp.RabbitAutoConfiguration'
2025-04-15T01:05:18.733+05:30 DEBUG 6708 --- [Booking] [main] o.s.b.f.s.DefaultListableBeanFactory     : Creating shared instance of singleton bean 'org.springframework.boot.autoconfigure.aop.AopAutoConfiguration$AspectJAutoProxyingConfiguration$CglibAutoProxyConfiguration'
2025-04-15T01:05:18.734+05:30 DEBUG 6708 --- [Booking] [main] o.s.b.f.s.DefaultListableBeanFactory     : Creating shared instance of singleton bean 'org.springframework.boot.autoconfigure.aop.AopAutoConfiguration$AspectJAutoProxyingConfiguration'
2025-04-15T01:05:18.735+05:30 DEBUG 6708 --- [Booking] [main] o.s.b.f.s.DefaultListableBeanFactory     : Creating shared instance of singleton bean 'org.springframework.boot.autoconfigure.aop.AopAutoConfiguration'
2025-04-15T01:05:18.736+05:30 DEBUG 6708 --- [Booking] [main] o.s.b.f.s.DefaultListableBeanFactory     : Creating shared instance of singleton bean 'org.springframework.boot.autoconfigure.availability.ApplicationAvailabilityAutoConfiguration'
2025-04-15T01:05:18.737+05:30 DEBUG 6708 --- [Booking] [main] o.s.b.f.s.DefaultListableBeanFactory     : Creating shared instance of singleton bean 'applicationAvailability'
2025-04-15T01:05:18.742+05:30 DEBUG 6708 --- [Booking] [main] o.s.b.f.s.DefaultListableBeanFactory     : Creating shared instance of singleton bean 'org.springframework.boot.autoconfigure.transaction.jta.JtaAutoConfiguration'
2025-04-15T01:05:18.743+05:30 DEBUG 6708 --- [Booking] [main] o.s.b.f.s.DefaultListableBeanFactory     : Creating shared instance of singleton bean 'org.springframework.boot.autoconfigure.jdbc.DataSourceJmxConfiguration$Hikari'
2025-04-15T01:05:18.744+05:30 DEBUG 6708 --- [Booking] [main] o.s.b.f.s.DefaultListableBeanFactory     : Autowiring by type from bean name 'org.springframework.boot.autoconfigure.jdbc.DataSourceJmxConfiguration$Hikari' via constructor to bean named 'dataSource'
2025-04-15T01:05:18.745+05:30 DEBUG 6708 --- [Booking] [main] o.s.b.f.s.DefaultListableBeanFactory     : Creating shared instance of singleton bean 'org.springframework.boot.autoconfigure.jdbc.DataSourceJmxConfiguration'
2025-04-15T01:05:18.746+05:30 DEBUG 6708 --- [Booking] [main] o.s.b.f.s.DefaultListableBeanFactory     : Creating shared instance of singleton bean 'org.springframework.boot.autoconfigure.jdbc.metadata.DataSourcePoolMetadataProvidersConfiguration'
2025-04-15T01:05:18.747+05:30 DEBUG 6708 --- [Booking] [main] o.s.b.f.s.DefaultListableBeanFactory     : Creating shared instance of singleton bean 'org.springframework.boot.autoconfigure.jdbc.DataSourceAutoConfiguration'
2025-04-15T01:05:18.748+05:30 DEBUG 6708 --- [Booking] [main] o.s.b.f.s.DefaultListableBeanFactory     : Creating shared instance of singleton bean 'org.springframework.boot.autoconfigure.transaction.TransactionManagerCustomizationAutoConfiguration'
2025-04-15T01:05:18.749+05:30 DEBUG 6708 --- [Booking] [main] o.s.b.f.s.DefaultListableBeanFactory     : Creating shared instance of singleton bean 'platformTransactionManagerCustomizers'
2025-04-15T01:05:18.753+05:30 DEBUG 6708 --- [Booking] [main] o.s.b.f.s.DefaultListableBeanFactory     : Creating shared instance of singleton bean 'transactionExecutionListeners'
2025-04-15T01:05:18.757+05:30 DEBUG 6708 --- [Booking] [main] o.s.b.f.s.DefaultListableBeanFactory     : Creating shared instance of singleton bean 'spring.transaction-org.springframework.boot.autoconfigure.transaction.TransactionProperties'
2025-04-15T01:05:18.762+05:30 DEBUG 6708 --- [Booking] [main] o.s.b.f.s.DefaultListableBeanFactory     : Creating shared instance of singleton bean 'org.springframework.boot.autoconfigure.orm.jpa.JpaBaseConfiguration$PersistenceManagedTypesConfiguration'
2025-04-15T01:05:18.763+05:30 DEBUG 6708 --- [Booking] [main] o.s.b.f.s.DefaultListableBeanFactory     : Creating shared instance of singleton bean 'transactionManager'
2025-04-15T01:05:18.780+05:30 DEBUG 6708 --- [Booking] [main] o.s.b.f.s.DefaultListableBeanFactory     : Creating shared instance of singleton bean 'org.springframework.boot.autoconfigure.orm.jpa.HibernateJpaAutoConfiguration'
2025-04-15T01:05:18.782+05:30 DEBUG 6708 --- [Booking] [main] o.s.b.f.s.DefaultListableBeanFactory     : Creating shared instance of singleton bean 'org.springframework.boot.autoconfigure.context.ConfigurationPropertiesAutoConfiguration'
2025-04-15T01:05:18.783+05:30 DEBUG 6708 --- [Booking] [main] o.s.b.f.s.DefaultListableBeanFactory     : Creating shared instance of singleton bean 'org.springframework.boot.autoconfigure.context.LifecycleAutoConfiguration'
2025-04-15T01:05:18.784+05:30 DEBUG 6708 --- [Booking] [main] o.s.b.f.s.DefaultListableBeanFactory     : Creating shared instance of singleton bean 'lifecycleProcessor'
2025-04-15T01:05:18.786+05:30 DEBUG 6708 --- [Booking] [main] o.s.b.f.s.DefaultListableBeanFactory     : Creating shared instance of singleton bean 'spring.lifecycle-org.springframework.boot.autoconfigure.context.LifecycleProperties'
2025-04-15T01:05:18.788+05:30 DEBUG 6708 --- [Booking] [main] o.s.b.f.s.DefaultListableBeanFactory     : Autowiring by type from bean name 'lifecycleProcessor' via factory method to bean named 'spring.lifecycle-org.springframework.boot.autoconfigure.context.LifecycleProperties'
2025-04-15T01:05:18.792+05:30 DEBUG 6708 --- [Booking] [main] o.s.b.f.s.DefaultListableBeanFactory     : Creating shared instance of singleton bean 'org.springframework.boot.autoconfigure.dao.PersistenceExceptionTranslationAutoConfiguration'
2025-04-15T01:05:18.795+05:30 DEBUG 6708 --- [Booking] [main] o.s.b.f.s.DefaultListableBeanFactory     : Creating shared instance of singleton bean 'org.springframework.boot.autoconfigure.data.jpa.JpaRepositoriesAutoConfiguration'
2025-04-15T01:05:18.796+05:30 DEBUG 6708 --- [Booking] [main] o.s.b.f.s.DefaultListableBeanFactory     : Creating shared instance of singleton bean 'org.springframework.data.jpa.util.JpaMetamodelCacheCleanup'
2025-04-15T01:05:18.797+05:30 DEBUG 6708 --- [Booking] [main] o.s.b.f.s.DefaultListableBeanFactory     : Creating shared instance of singleton bean 'org.springframework.data.jpa.repository.support.JpaEvaluationContextExtension'
2025-04-15T01:05:18.802+05:30 DEBUG 6708 --- [Booking] [main] o.s.b.f.s.DefaultListableBeanFactory     : Creating shared instance of singleton bean 'data-jpa.repository-aot-processor#0'
2025-04-15T01:05:18.811+05:30 DEBUG 6708 --- [Booking] [main] o.s.b.f.s.DefaultListableBeanFactory     : Creating shared instance of singleton bean 'org.springframework.boot.autoconfigure.http.JacksonHttpMessageConvertersConfiguration'
2025-04-15T01:05:18.812+05:30 DEBUG 6708 --- [Booking] [main] o.s.b.f.s.DefaultListableBeanFactory     : Creating shared instance of singleton bean 'org.springframework.data.web.config.ProjectingArgumentResolverRegistrar'
2025-04-15T01:05:18.813+05:30 DEBUG 6708 --- [Booking] [main] o.s.b.f.s.DefaultListableBeanFactory     : Creating shared instance of singleton bean 'offsetResolver'
2025-04-15T01:05:18.817+05:30 DEBUG 6708 --- [Booking] [main] o.s.b.f.s.DefaultListableBeanFactory     : Creating shared instance of singleton bean 'org.springframework.boot.autoconfigure.http.client.HttpClientAutoConfiguration'
2025-04-15T01:05:18.819+05:30 DEBUG 6708 --- [Booking] [main] o.s.b.f.s.DefaultListableBeanFactory     : Creating shared instance of singleton bean 'clientHttpRequestFactoryBuilder'
2025-04-15T01:05:18.820+05:30 DEBUG 6708 --- [Booking] [main] o.s.b.f.s.DefaultListableBeanFactory     : Creating shared instance of singleton bean 'spring.http.client-org.springframework.boot.autoconfigure.http.client.HttpClientProperties'
2025-04-15T01:05:18.823+05:30 DEBUG 6708 --- [Booking] [main] o.s.b.f.s.DefaultListableBeanFactory     : Autowiring by type from bean name 'clientHttpRequestFactoryBuilder' via factory method to bean named 'spring.http.client-org.springframework.boot.autoconfigure.http.client.HttpClientProperties'
2025-04-15T01:05:18.838+05:30 DEBUG 6708 --- [Booking] [main] o.s.b.f.s.DefaultListableBeanFactory     : Creating shared instance of singleton bean 'clientHttpRequestFactorySettings'
2025-04-15T01:05:18.839+05:30 DEBUG 6708 --- [Booking] [main] o.s.b.f.s.DefaultListableBeanFactory     : Autowiring by type from bean name 'clientHttpRequestFactorySettings' via factory method to bean named 'spring.http.client-org.springframework.boot.autoconfigure.http.client.HttpClientProperties'
2025-04-15T01:05:18.842+05:30 DEBUG 6708 --- [Booking] [main] o.s.b.f.s.DefaultListableBeanFactory     : Creating shared instance of singleton bean 'org.springframework.boot.autoconfigure.info.ProjectInfoAutoConfiguration'
2025-04-15T01:05:18.848+05:30 DEBUG 6708 --- [Booking] [main] o.s.b.f.s.DefaultListableBeanFactory     : Creating shared instance of singleton bean 'spring.info-org.springframework.boot.autoconfigure.info.ProjectInfoProperties'
2025-04-15T01:05:18.851+05:30 DEBUG 6708 --- [Booking] [main] o.s.b.f.s.DefaultListableBeanFactory     : Autowiring by type from bean name 'org.springframework.boot.autoconfigure.info.ProjectInfoAutoConfiguration' via constructor to bean named 'spring.info-org.springframework.boot.autoconfigure.info.ProjectInfoProperties'
2025-04-15T01:05:18.852+05:30 DEBUG 6708 --- [Booking] [main] o.s.b.f.s.DefaultListableBeanFactory     : Creating shared instance of singleton bean 'org.springframework.boot.autoconfigure.jdbc.JdbcTemplateConfiguration'
2025-04-15T01:05:18.853+05:30 DEBUG 6708 --- [Booking] [main] o.s.b.f.s.DefaultListableBeanFactory     : Creating shared instance of singleton bean 'jdbcTemplate'
2025-04-15T01:05:18.855+05:30 DEBUG 6708 --- [Booking] [main] o.s.b.f.s.DefaultListableBeanFactory     : Creating shared instance of singleton bean 'spring.jdbc-org.springframework.boot.autoconfigure.jdbc.JdbcProperties'
2025-04-15T01:05:18.857+05:30 DEBUG 6708 --- [Booking] [main] o.s.b.f.s.DefaultListableBeanFactory     : Autowiring by type from bean name 'jdbcTemplate' via factory method to bean named 'dataSource'
2025-04-15T01:05:18.857+05:30 DEBUG 6708 --- [Booking] [main] o.s.b.f.s.DefaultListableBeanFactory     : Autowiring by type from bean name 'jdbcTemplate' via factory method to bean named 'spring.jdbc-org.springframework.boot.autoconfigure.jdbc.JdbcProperties'
2025-04-15T01:05:18.879+05:30 DEBUG 6708 --- [Booking] [main] o.s.b.f.s.DefaultListableBeanFactory     : Creating shared instance of singleton bean 'org.springframework.boot.autoconfigure.jdbc.NamedParameterJdbcTemplateConfiguration'
2025-04-15T01:05:18.880+05:30 DEBUG 6708 --- [Booking] [main] o.s.b.f.s.DefaultListableBeanFactory     : Creating shared instance of singleton bean 'namedParameterJdbcTemplate'
2025-04-15T01:05:18.881+05:30 DEBUG 6708 --- [Booking] [main] o.s.b.f.s.DefaultListableBeanFactory     : Autowiring by type from bean name 'namedParameterJdbcTemplate' via factory method to bean named 'jdbcTemplate'
2025-04-15T01:05:18.892+05:30 DEBUG 6708 --- [Booking] [main] o.s.b.f.s.DefaultListableBeanFactory     : Creating shared instance of singleton bean 'org.springframework.boot.autoconfigure.jdbc.JdbcTemplateAutoConfiguration'
2025-04-15T01:05:18.893+05:30 DEBUG 6708 --- [Booking] [main] o.s.b.f.s.DefaultListableBeanFactory     : Creating shared instance of singleton bean 'org.springframework.boot.autoconfigure.jdbc.JdbcClientAutoConfiguration'
2025-04-15T01:05:18.893+05:30 DEBUG 6708 --- [Booking] [main] o.s.b.f.s.DefaultListableBeanFactory     : Creating shared instance of singleton bean 'jdbcClient'
2025-04-15T01:05:18.895+05:30 DEBUG 6708 --- [Booking] [main] o.s.b.f.s.DefaultListableBeanFactory     : Autowiring by type from bean name 'jdbcClient' via factory method to bean named 'namedParameterJdbcTemplate'
2025-04-15T01:05:18.899+05:30 DEBUG 6708 --- [Booking] [main] o.s.b.f.s.DefaultListableBeanFactory     : Creating shared instance of singleton bean 'org.springframework.boot.autoconfigure.security.servlet.SpringBootWebSecurityConfiguration'
2025-04-15T01:05:18.900+05:30 DEBUG 6708 --- [Booking] [main] o.s.b.f.s.DefaultListableBeanFactory     : Creating shared instance of singleton bean 'org.springframework.boot.autoconfigure.sql.init.SqlInitializationAutoConfiguration'
2025-04-15T01:05:18.901+05:30 DEBUG 6708 --- [Booking] [main] o.s.b.f.s.DefaultListableBeanFactory     : Creating shared instance of singleton bean 'org.springframework.boot.autoconfigure.task.TaskSchedulingConfigurations$ThreadPoolTaskSchedulerBuilderConfiguration'
2025-04-15T01:05:18.902+05:30 DEBUG 6708 --- [Booking] [main] o.s.b.f.s.DefaultListableBeanFactory     : Creating shared instance of singleton bean 'threadPoolTaskSchedulerBuilder'
2025-04-15T01:05:18.903+05:30 DEBUG 6708 --- [Booking] [main] o.s.b.f.s.DefaultListableBeanFactory     : Creating shared instance of singleton bean 'spring.task.scheduling-org.springframework.boot.autoconfigure.task.TaskSchedulingProperties'
2025-04-15T01:05:18.907+05:30 DEBUG 6708 --- [Booking] [main] o.s.b.f.s.DefaultListableBeanFactory     : Autowiring by type from bean name 'threadPoolTaskSchedulerBuilder' via factory method to bean named 'spring.task.scheduling-org.springframework.boot.autoconfigure.task.TaskSchedulingProperties'
2025-04-15T01:05:18.910+05:30 DEBUG 6708 --- [Booking] [main] o.s.b.f.s.DefaultListableBeanFactory     : Creating shared instance of singleton bean 'org.springframework.boot.autoconfigure.task.TaskSchedulingConfigurations$SimpleAsyncTaskSchedulerBuilderConfiguration'
2025-04-15T01:05:18.912+05:30 DEBUG 6708 --- [Booking] [main] o.s.b.f.s.DefaultListableBeanFactory     : Autowiring by type from bean name 'org.springframework.boot.autoconfigure.task.TaskSchedulingConfigurations$SimpleAsyncTaskSchedulerBuilderConfiguration' via constructor to bean named 'spring.task.scheduling-org.springframework.boot.autoconfigure.task.TaskSchedulingProperties'
2025-04-15T01:05:18.913+05:30 DEBUG 6708 --- [Booking] [main] o.s.b.f.s.DefaultListableBeanFactory     : Creating shared instance of singleton bean 'simpleAsyncTaskSchedulerBuilder'
2025-04-15T01:05:18.918+05:30 DEBUG 6708 --- [Booking] [main] o.s.b.f.s.DefaultListableBeanFactory     : Creating shared instance of singleton bean 'org.springframework.boot.autoconfigure.task.TaskSchedulingAutoConfiguration'
2025-04-15T01:05:18.921+05:30 DEBUG 6708 --- [Booking] [main] o.s.b.f.s.DefaultListableBeanFactory     : Creating shared instance of singleton bean 'org.springframework.boot.autoconfigure.jdbc.DataSourceTransactionManagerAutoConfiguration$JdbcTransactionManagerConfiguration'
2025-04-15T01:05:18.925+05:30 DEBUG 6708 --- [Booking] [main] o.s.b.f.s.DefaultListableBeanFactory     : Creating shared instance of singleton bean 'org.springframework.boot.autoconfigure.jdbc.DataSourceTransactionManagerAutoConfiguration'
2025-04-15T01:05:18.926+05:30 DEBUG 6708 --- [Booking] [main] o.s.b.f.s.DefaultListableBeanFactory     : Creating shared instance of singleton bean 'org.springframework.boot.autoconfigure.transaction.TransactionAutoConfiguration$EnableTransactionManagementConfiguration$CglibAutoProxyConfiguration'
2025-04-15T01:05:18.927+05:30 DEBUG 6708 --- [Booking] [main] o.s.b.f.s.DefaultListableBeanFactory     : Creating shared instance of singleton bean 'org.springframework.boot.autoconfigure.transaction.TransactionAutoConfiguration$EnableTransactionManagementConfiguration'
2025-04-15T01:05:18.928+05:30 DEBUG 6708 --- [Booking] [main] o.s.b.f.s.DefaultListableBeanFactory     : Creating shared instance of singleton bean 'org.springframework.boot.autoconfigure.transaction.TransactionAutoConfiguration$TransactionTemplateConfiguration'
2025-04-15T01:05:18.929+05:30 DEBUG 6708 --- [Booking] [main] o.s.b.f.s.DefaultListableBeanFactory     : Creating shared instance of singleton bean 'transactionTemplate'
2025-04-15T01:05:18.930+05:30 DEBUG 6708 --- [Booking] [main] o.s.b.f.s.DefaultListableBeanFactory     : Autowiring by type from bean name 'transactionTemplate' via factory method to bean named 'transactionManager'
2025-04-15T01:05:18.934+05:30 DEBUG 6708 --- [Booking] [main] o.s.b.f.s.DefaultListableBeanFactory     : Creating shared instance of singleton bean 'org.springframework.boot.autoconfigure.transaction.TransactionAutoConfiguration'
2025-04-15T01:05:18.937+05:30 DEBUG 6708 --- [Booking] [main] o.s.b.f.s.DefaultListableBeanFactory     : Creating shared instance of singleton bean 'org.springframework.boot.autoconfigure.web.client.RestClientAutoConfiguration'
2025-04-15T01:05:18.939+05:30 DEBUG 6708 --- [Booking] [main] o.s.b.f.s.DefaultListableBeanFactory     : Creating shared instance of singleton bean 'httpMessageConvertersRestClientCustomizer'
2025-04-15T01:05:18.941+05:30 DEBUG 6708 --- [Booking] [main] o.s.b.f.s.DefaultListableBeanFactory     : Creating shared instance of singleton bean 'restClientSsl'
2025-04-15T01:05:18.941+05:30 DEBUG 6708 --- [Booking] [main] o.s.b.f.s.DefaultListableBeanFactory     : Autowiring by type from bean name 'restClientSsl' via factory method to bean named 'sslBundleRegistry'
2025-04-15T01:05:18.944+05:30 DEBUG 6708 --- [Booking] [main] o.s.b.f.s.DefaultListableBeanFactory     : Creating shared instance of singleton bean 'restClientBuilderConfigurer'
2025-04-15T01:05:18.948+05:30 DEBUG 6708 --- [Booking] [main] o.s.b.f.s.DefaultListableBeanFactory     : Creating shared instance of singleton bean 'org.springframework.boot.autoconfigure.web.client.RestTemplateAutoConfiguration'
2025-04-15T01:05:18.949+05:30 DEBUG 6708 --- [Booking] [main] o.s.b.f.s.DefaultListableBeanFactory     : Creating shared instance of singleton bean 'org.springframework.boot.autoconfigure.web.embedded.EmbeddedWebServerFactoryCustomizerAutoConfiguration'
2025-04-15T01:05:18.950+05:30 DEBUG 6708 --- [Booking] [main] o.s.b.f.s.DefaultListableBeanFactory     : Creating shared instance of singleton bean 'multipartResolver'
2025-04-15T01:05:18.981+05:30 DEBUG 6708 --- [Booking] [main] o.s.c.support.DefaultLifecycleProcessor  : Starting beans in phase -2147483648
2025-04-15T01:05:18.982+05:30 DEBUG 6708 --- [Booking] [main] o.s.c.support.DefaultLifecycleProcessor  : Successfully started bean 'connectionFactory'
2025-04-15T01:05:18.982+05:30 DEBUG 6708 --- [Booking] [main] o.s.c.support.DefaultLifecycleProcessor  : Starting beans in phase -2147483647
2025-04-15T01:05:18.982+05:30 DEBUG 6708 --- [Booking] [main] o.s.c.support.DefaultLifecycleProcessor  : Successfully started bean 'springBootLoggingLifecycle'
2025-04-15T01:05:18.982+05:30 DEBUG 6708 --- [Booking] [main] o.s.c.support.DefaultLifecycleProcessor  : Starting beans in phase 1073741823
2025-04-15T01:05:18.982+05:30 DEBUG 6708 --- [Booking] [main] o.s.c.support.DefaultLifecycleProcessor  : Starting beans in phase 2147481599
2025-04-15T01:05:19.024+05:30  INFO 6708 --- [Booking] [main] o.s.b.w.embedded.tomcat.TomcatWebServer  : Tomcat started on port 8082 (http) with context path '/'
2025-04-15T01:05:19.029+05:30 DEBUG 6708 --- [Booking] [main] o.s.c.support.DefaultLifecycleProcessor  : Successfully started bean 'webServerStartStop'
2025-04-15T01:05:19.029+05:30 DEBUG 6708 --- [Booking] [main] o.s.c.support.DefaultLifecycleProcessor  : Starting beans in phase 2147482623
2025-04-15T01:05:19.029+05:30 DEBUG 6708 --- [Booking] [main] o.s.c.support.DefaultLifecycleProcessor  : Successfully started bean 'webServerGracefulShutdown'
2025-04-15T01:05:19.029+05:30 DEBUG 6708 --- [Booking] [main] o.s.c.support.DefaultLifecycleProcessor  : Starting beans in phase 2147483647
2025-04-15T01:05:19.029+05:30 DEBUG 6708 --- [Booking] [main] o.s.c.support.DefaultLifecycleProcessor  : Successfully started bean 'org.springframework.amqp.rabbit.config.internalRabbitListenerEndpointRegistry'
2025-04-15T01:05:19.059+05:30 DEBUG 6708 --- [Booking] [main] .s.b.a.l.ConditionEvaluationReportLogger : 


============================
CONDITIONS EVALUATION REPORT
============================


Positive matches:
-----------------

   AopAutoConfiguration matched:
      - @ConditionalOnProperty (spring.aop.auto=true) matched (OnPropertyCondition)

   AopAutoConfiguration.AspectJAutoProxyingConfiguration matched:
      - @ConditionalOnClass found required class 'org.aspectj.weaver.Advice' (OnClassCondition)

   AopAutoConfiguration.AspectJAutoProxyingConfiguration.CglibAutoProxyConfiguration matched:
      - @ConditionalOnProperty (spring.aop.proxy-target-class=true) matched (OnPropertyCondition)

   ApplicationAvailabilityAutoConfiguration#applicationAvailability matched:
      - @ConditionalOnMissingBean (types: org.springframework.boot.availability.ApplicationAvailability; SearchStrategy: all) did not find any beans (OnBeanCondition)

   DataSourceAutoConfiguration matched:
      - @ConditionalOnClass found required classes 'javax.sql.DataSource', 'org.springframework.jdbc.datasource.embedded.EmbeddedDatabaseType' (OnClassCondition)
      - @ConditionalOnMissingBean (types: io.r2dbc.spi.ConnectionFactory; SearchStrategy: all) did not find any beans (OnBeanCondition)

   DataSourceAutoConfiguration.PooledDataSourceConfiguration matched:
      - AnyNestedCondition 1 matched 1 did not; NestedCondition on DataSourceAutoConfiguration.PooledDataSourceCondition.PooledDataSourceAvailable PooledDataSource found supported DataSource; NestedCondition on DataSourceAutoConfiguration.PooledDataSourceCondition.ExplicitType @ConditionalOnProperty (spring.datasource.type) did not find property 'type' (DataSourceAutoConfiguration.PooledDataSourceCondition)
      - @ConditionalOnMissingBean (types: javax.sql.DataSource,javax.sql.XADataSource; SearchStrategy: all) did not find any beans (OnBeanCondition)

   DataSourceAutoConfiguration.PooledDataSourceConfiguration#jdbcConnectionDetails matched:
      - @ConditionalOnMissingBean (types: org.springframework.boot.autoconfigure.jdbc.JdbcConnectionDetails; SearchStrategy: all) did not find any beans (OnBeanCondition)

   DataSourceConfiguration.Hikari matched:
      - @ConditionalOnClass found required class 'com.zaxxer.hikari.HikariDataSource' (OnClassCondition)
      - @ConditionalOnProperty (spring.datasource.type=com.zaxxer.hikari.HikariDataSource) matched (OnPropertyCondition)
      - @ConditionalOnMissingBean (types: javax.sql.DataSource; SearchStrategy: all) did not find any beans (OnBeanCondition)

   DataSourceInitializationConfiguration matched:
      - @ConditionalOnClass found required class 'org.springframework.jdbc.datasource.init.DatabasePopulator' (OnClassCondition)
      - @ConditionalOnSingleCandidate (types: javax.sql.DataSource; SearchStrategy: all) found a single bean 'dataSource'; @ConditionalOnMissingBean (types: org.springframework.boot.autoconfigure.sql.init.SqlDataSourceScriptDatabaseInitializer,org.springframework.boot.autoconfigure.sql.init.SqlR2dbcScriptDatabaseInitializer; SearchStrategy: all) did not find any beans (OnBeanCondition)

   DataSourceJmxConfiguration matched:
      - @ConditionalOnProperty (spring.jmx.enabled=true) matched (OnPropertyCondition)

   DataSourceJmxConfiguration.Hikari matched:
      - @ConditionalOnClass found required class 'com.zaxxer.hikari.HikariDataSource' (OnClassCondition)
      - @ConditionalOnSingleCandidate (types: javax.sql.DataSource; SearchStrategy: all) found a single bean 'dataSource' (OnBeanCondition)

   DataSourcePoolMetadataProvidersConfiguration.HikariPoolDataSourceMetadataProviderConfiguration matched:
      - @ConditionalOnClass found required class 'com.zaxxer.hikari.HikariDataSource' (OnClassCondition)

   DataSourceTransactionManagerAutoConfiguration matched:
      - @ConditionalOnClass found required classes 'javax.sql.DataSource', 'org.springframework.jdbc.core.JdbcTemplate', 'org.springframework.transaction.TransactionManager' (OnClassCondition)

   DataSourceTransactionManagerAutoConfiguration.JdbcTransactionManagerConfiguration matched:
      - @ConditionalOnSingleCandidate (types: javax.sql.DataSource; SearchStrategy: all) found a single bean 'dataSource' (OnBeanCondition)

   DispatcherServletAutoConfiguration matched:
      - @ConditionalOnClass found required class 'org.springframework.web.servlet.DispatcherServlet' (OnClassCondition)
      - found 'session' scope (OnWebApplicationCondition)

   DispatcherServletAutoConfiguration.DispatcherServletConfiguration matched:
      - @ConditionalOnClass found required class 'jakarta.servlet.ServletRegistration' (OnClassCondition)
      - Default DispatcherServlet did not find dispatcher servlet beans (DispatcherServletAutoConfiguration.DefaultDispatcherServletCondition)

   DispatcherServletAutoConfiguration.DispatcherServletRegistrationConfiguration matched:
      - @ConditionalOnClass found required class 'jakarta.servlet.ServletRegistration' (OnClassCondition)
      - DispatcherServlet Registration did not find servlet registration bean (DispatcherServletAutoConfiguration.DispatcherServletRegistrationCondition)

   DispatcherServletAutoConfiguration.DispatcherServletRegistrationConfiguration#dispatcherServletRegistration matched:
      - @ConditionalOnBean (names: dispatcherServlet types: org.springframework.web.servlet.DispatcherServlet; SearchStrategy: all) found bean 'dispatcherServlet' (OnBeanCondition)

   EmbeddedWebServerFactoryCustomizerAutoConfiguration matched:
      - @ConditionalOnWebApplication (required) found 'session' scope (OnWebApplicationCondition)
      - @ConditionalOnWarDeployment the application is not deployed as a WAR file. (OnWarDeploymentCondition)

   EmbeddedWebServerFactoryCustomizerAutoConfiguration.TomcatWebServerFactoryCustomizerConfiguration matched:
      - @ConditionalOnClass found required classes 'org.apache.catalina.startup.Tomcat', 'org.apache.coyote.UpgradeProtocol' (OnClassCondition)

   ErrorMvcAutoConfiguration matched:
      - @ConditionalOnClass found required classes 'jakarta.servlet.Servlet', 'org.springframework.web.servlet.DispatcherServlet' (OnClassCondition)
      - found 'session' scope (OnWebApplicationCondition)

   ErrorMvcAutoConfiguration#basicErrorController matched:
      - @ConditionalOnMissingBean (types: org.springframework.boot.web.servlet.error.ErrorController; SearchStrategy: current) did not find any beans (OnBeanCondition)

   ErrorMvcAutoConfiguration#errorAttributes matched:
      - @ConditionalOnMissingBean (types: org.springframework.boot.web.servlet.error.ErrorAttributes; SearchStrategy: current) did not find any beans (OnBeanCondition)

   ErrorMvcAutoConfiguration.DefaultErrorViewResolverConfiguration#conventionErrorViewResolver matched:
      - @ConditionalOnBean (types: org.springframework.web.servlet.DispatcherServlet; SearchStrategy: all) found bean 'dispatcherServlet'; @ConditionalOnMissingBean (types: org.springframework.boot.autoconfigure.web.servlet.error.ErrorViewResolver; SearchStrategy: all) did not find any beans (OnBeanCondition)

   ErrorMvcAutoConfiguration.WhitelabelErrorViewConfiguration matched:
      - @ConditionalOnProperty (server.error.whitelabel.enabled) matched (OnPropertyCondition)
      - ErrorTemplate Missing did not find error template view (ErrorMvcAutoConfiguration.ErrorTemplateMissingCondition)

   ErrorMvcAutoConfiguration.WhitelabelErrorViewConfiguration#beanNameViewResolver matched:
      - @ConditionalOnMissingBean (types: org.springframework.web.servlet.view.BeanNameViewResolver; SearchStrategy: all) did not find any beans (OnBeanCondition)

   ErrorMvcAutoConfiguration.WhitelabelErrorViewConfiguration#defaultErrorView matched:
      - @ConditionalOnMissingBean (names: error; SearchStrategy: all) did not find any beans (OnBeanCondition)

   GenericCacheConfiguration matched:
      - Cache org.springframework.boot.autoconfigure.cache.GenericCacheConfiguration automatic cache type (CacheCondition)

   HibernateJpaAutoConfiguration matched:
      - @ConditionalOnClass found required classes 'org.springframework.orm.jpa.LocalContainerEntityManagerFactoryBean', 'jakarta.persistence.EntityManager', 'org.hibernate.engine.spi.SessionImplementor' (OnClassCondition)

   HibernateJpaConfiguration matched:
      - @ConditionalOnSingleCandidate (types: javax.sql.DataSource; SearchStrategy: all) found a single bean 'dataSource' (OnBeanCondition)

   HttpClientAutoConfiguration matched:
      - @ConditionalOnClass found required class 'org.springframework.http.client.ClientHttpRequestFactory' (OnClassCondition)
      - NoneNestedConditions 0 matched 1 did not; NestedCondition on NotReactiveWebApplicationCondition.ReactiveWebApplication did not find reactive web application classes (NotReactiveWebApplicationCondition)

   HttpClientAutoConfiguration#clientHttpRequestFactoryBuilder matched:
      - @ConditionalOnMissingBean (types: org.springframework.boot.http.client.ClientHttpRequestFactoryBuilder; SearchStrategy: all) did not find any beans (OnBeanCondition)

   HttpClientAutoConfiguration#clientHttpRequestFactorySettings matched:
      - @ConditionalOnMissingBean (types: org.springframework.boot.http.client.ClientHttpRequestFactorySettings; SearchStrategy: all) did not find any beans (OnBeanCondition)

   HttpEncodingAutoConfiguration matched:
      - @ConditionalOnClass found required class 'org.springframework.web.filter.CharacterEncodingFilter' (OnClassCondition)
      - found 'session' scope (OnWebApplicationCondition)
      - @ConditionalOnProperty (server.servlet.encoding.enabled) matched (OnPropertyCondition)

   HttpEncodingAutoConfiguration#characterEncodingFilter matched:
      - @ConditionalOnMissingBean (types: org.springframework.web.filter.CharacterEncodingFilter; SearchStrategy: all) did not find any beans (OnBeanCondition)

   HttpMessageConvertersAutoConfiguration matched:
      - @ConditionalOnClass found required class 'org.springframework.http.converter.HttpMessageConverter' (OnClassCondition)
      - NoneNestedConditions 0 matched 1 did not; NestedCondition on HttpMessageConvertersAutoConfiguration.NotReactiveWebApplicationCondition.ReactiveWebApplication did not find reactive web application classes (HttpMessageConvertersAutoConfiguration.NotReactiveWebApplicationCondition)

   HttpMessageConvertersAutoConfiguration#messageConverters matched:
      - @ConditionalOnMissingBean (types: org.springframework.boot.autoconfigure.http.HttpMessageConverters; SearchStrategy: all) did not find any beans (OnBeanCondition)

   HttpMessageConvertersAutoConfiguration.StringHttpMessageConverterConfiguration matched:
      - @ConditionalOnClass found required class 'org.springframework.http.converter.StringHttpMessageConverter' (OnClassCondition)

   HttpMessageConvertersAutoConfiguration.StringHttpMessageConverterConfiguration#stringHttpMessageConverter matched:
      - @ConditionalOnMissingBean (types: org.springframework.http.converter.StringHttpMessageConverter; SearchStrategy: all) did not find any beans (OnBeanCondition)

   JacksonAutoConfiguration matched:
      - @ConditionalOnClass found required class 'com.fasterxml.jackson.databind.ObjectMapper' (OnClassCondition)

   JacksonAutoConfiguration.Jackson2ObjectMapperBuilderCustomizerConfiguration matched:
      - @ConditionalOnClass found required class 'org.springframework.http.converter.json.Jackson2ObjectMapperBuilder' (OnClassCondition)

   JacksonAutoConfiguration.JacksonObjectMapperBuilderConfiguration matched:
      - @ConditionalOnClass found required class 'org.springframework.http.converter.json.Jackson2ObjectMapperBuilder' (OnClassCondition)

   JacksonAutoConfiguration.JacksonObjectMapperBuilderConfiguration#jacksonObjectMapperBuilder matched:
      - @ConditionalOnMissingBean (types: org.springframework.http.converter.json.Jackson2ObjectMapperBuilder; SearchStrategy: all) did not find any beans (OnBeanCondition)

   JacksonAutoConfiguration.JacksonObjectMapperConfiguration matched:
      - @ConditionalOnClass found required class 'org.springframework.http.converter.json.Jackson2ObjectMapperBuilder' (OnClassCondition)

   JacksonAutoConfiguration.JacksonObjectMapperConfiguration#jacksonObjectMapper matched:
      - @ConditionalOnMissingBean (types: com.fasterxml.jackson.databind.ObjectMapper; SearchStrategy: all) did not find any beans (OnBeanCondition)

   JacksonAutoConfiguration.ParameterNamesModuleConfiguration matched:
      - @ConditionalOnClass found required class 'com.fasterxml.jackson.module.paramnames.ParameterNamesModule' (OnClassCondition)

   JacksonAutoConfiguration.ParameterNamesModuleConfiguration#parameterNamesModule matched:
      - @ConditionalOnMissingBean (types: com.fasterxml.jackson.module.paramnames.ParameterNamesModule; SearchStrategy: all) did not find any beans (OnBeanCondition)

   JacksonHttpMessageConvertersConfiguration.MappingJackson2HttpMessageConverterConfiguration matched:
      - @ConditionalOnClass found required class 'com.fasterxml.jackson.databind.ObjectMapper' (OnClassCondition)
      - @ConditionalOnProperty (spring.mvc.converters.preferred-json-mapper=jackson) matched (OnPropertyCondition)
      - @ConditionalOnBean (types: com.fasterxml.jackson.databind.ObjectMapper; SearchStrategy: all) found bean 'jacksonObjectMapper' (OnBeanCondition)

   JacksonHttpMessageConvertersConfiguration.MappingJackson2HttpMessageConverterConfiguration#mappingJackson2HttpMessageConverter matched:
      - @ConditionalOnMissingBean (types: org.springframework.http.converter.json.MappingJackson2HttpMessageConverter ignored: org.springframework.hateoas.server.mvc.TypeConstrainedMappingJackson2HttpMessageConverter,org.springframework.data.rest.webmvc.alps.AlpsJsonHttpMessageConverter; SearchStrategy: all) did not find any beans (OnBeanCondition)

   JdbcClientAutoConfiguration matched:
      - @ConditionalOnSingleCandidate (types: org.springframework.jdbc.core.namedparam.NamedParameterJdbcTemplate; SearchStrategy: all) found a single bean 'namedParameterJdbcTemplate'; @ConditionalOnMissingBean (types: org.springframework.jdbc.core.simple.JdbcClient; SearchStrategy: all) did not find any beans (OnBeanCondition)

   JdbcTemplateAutoConfiguration matched:
      - @ConditionalOnClass found required classes 'javax.sql.DataSource', 'org.springframework.jdbc.core.JdbcTemplate' (OnClassCondition)
      - @ConditionalOnSingleCandidate (types: javax.sql.DataSource; SearchStrategy: all) found a single bean 'dataSource' (OnBeanCondition)

   JdbcTemplateConfiguration matched:
      - @ConditionalOnMissingBean (types: org.springframework.jdbc.core.JdbcOperations; SearchStrategy: all) did not find any beans (OnBeanCondition)

   JpaBaseConfiguration#entityManagerFactory matched:
      - @ConditionalOnMissingBean (types: org.springframework.orm.jpa.LocalContainerEntityManagerFactoryBean,jakarta.persistence.EntityManagerFactory; SearchStrategy: all) did not find any beans (OnBeanCondition)

   JpaBaseConfiguration#entityManagerFactoryBuilder matched:
      - @ConditionalOnMissingBean (types: org.springframework.boot.orm.jpa.EntityManagerFactoryBuilder; SearchStrategy: all) did not find any beans (OnBeanCondition)

   JpaBaseConfiguration#jpaVendorAdapter matched:
      - @ConditionalOnMissingBean (types: org.springframework.orm.jpa.JpaVendorAdapter; SearchStrategy: all) did not find any beans (OnBeanCondition)

   JpaBaseConfiguration#transactionManager matched:
      - @ConditionalOnMissingBean (types: org.springframework.transaction.TransactionManager; SearchStrategy: all) did not find any beans (OnBeanCondition)

   JpaBaseConfiguration.JpaWebConfiguration matched:
      - @ConditionalOnClass found required class 'org.springframework.web.servlet.config.annotation.WebMvcConfigurer' (OnClassCondition)
      - found 'session' scope (OnWebApplicationCondition)
      - @ConditionalOnProperty (spring.jpa.open-in-view=true) matched (OnPropertyCondition)
      - @ConditionalOnMissingBean (types: org.springframework.orm.jpa.support.OpenEntityManagerInViewInterceptor,org.springframework.orm.jpa.support.OpenEntityManagerInViewFilter; SearchStrategy: all) did not find any beans (OnBeanCondition)

   JpaBaseConfiguration.PersistenceManagedTypesConfiguration matched:
      - @ConditionalOnMissingBean (types: org.springframework.orm.jpa.LocalContainerEntityManagerFactoryBean,jakarta.persistence.EntityManagerFactory; SearchStrategy: all) did not find any beans (OnBeanCondition)

   JpaBaseConfiguration.PersistenceManagedTypesConfiguration#persistenceManagedTypes matched:
      - @ConditionalOnMissingBean (types: org.springframework.orm.jpa.persistenceunit.PersistenceManagedTypes; SearchStrategy: all) did not find any beans (OnBeanCondition)

   JpaRepositoriesAutoConfiguration matched:
      - @ConditionalOnClass found required class 'org.springframework.data.jpa.repository.JpaRepository' (OnClassCondition)
      - @ConditionalOnProperty (spring.data.jpa.repositories.enabled=true) matched (OnPropertyCondition)
      - @ConditionalOnBean (types: javax.sql.DataSource; SearchStrategy: all) found bean 'dataSource'; @ConditionalOnMissingBean (types: org.springframework.data.jpa.repository.support.JpaRepositoryFactoryBean,org.springframework.data.jpa.repository.config.JpaRepositoryConfigExtension; SearchStrategy: all) did not find any beans (OnBeanCondition)

   JtaAutoConfiguration matched:
      - @ConditionalOnClass found required class 'jakarta.transaction.Transaction' (OnClassCondition)
      - @ConditionalOnProperty (spring.jta.enabled) matched (OnPropertyCondition)

   LifecycleAutoConfiguration#defaultLifecycleProcessor matched:
      - @ConditionalOnMissingBean (names: lifecycleProcessor; SearchStrategy: current) did not find any beans (OnBeanCondition)

   MultipartAutoConfiguration matched:
      - @ConditionalOnClass found required classes 'jakarta.servlet.Servlet', 'org.springframework.web.multipart.support.StandardServletMultipartResolver', 'jakarta.servlet.MultipartConfigElement' (OnClassCondition)
      - found 'session' scope (OnWebApplicationCondition)
      - @ConditionalOnProperty (spring.servlet.multipart.enabled) matched (OnPropertyCondition)

   MultipartAutoConfiguration#multipartConfigElement matched:
      - @ConditionalOnMissingBean (types: jakarta.servlet.MultipartConfigElement; SearchStrategy: all) did not find any beans (OnBeanCondition)

   MultipartAutoConfiguration#multipartResolver matched:
      - @ConditionalOnMissingBean (types: org.springframework.web.multipart.MultipartResolver; SearchStrategy: all) did not find any beans (OnBeanCondition)

   NamedParameterJdbcTemplateConfiguration matched:
      - @ConditionalOnSingleCandidate (types: org.springframework.jdbc.core.JdbcTemplate; SearchStrategy: all) found a single bean 'jdbcTemplate'; @ConditionalOnMissingBean (types: org.springframework.jdbc.core.namedparam.NamedParameterJdbcOperations; SearchStrategy: all) did not find any beans (OnBeanCondition)

   NoOpCacheConfiguration matched:
      - Cache org.springframework.boot.autoconfigure.cache.NoOpCacheConfiguration automatic cache type (CacheCondition)

   PersistenceExceptionTranslationAutoConfiguration matched:
      - @ConditionalOnClass found required class 'org.springframework.dao.annotation.PersistenceExceptionTranslationPostProcessor' (OnClassCondition)

   PersistenceExceptionTranslationAutoConfiguration#persistenceExceptionTranslationPostProcessor matched:
      - @ConditionalOnProperty (spring.dao.exceptiontranslation.enabled) matched (OnPropertyCondition)
      - @ConditionalOnMissingBean (types: org.springframework.dao.annotation.PersistenceExceptionTranslationPostProcessor; SearchStrategy: all) did not find any beans (OnBeanCondition)

   PropertyPlaceholderAutoConfiguration#propertySourcesPlaceholderConfigurer matched:
      - @ConditionalOnMissingBean (types: org.springframework.context.support.PropertySourcesPlaceholderConfigurer; SearchStrategy: current) did not find any beans (OnBeanCondition)

   RabbitAnnotationDrivenConfiguration matched:
      - @ConditionalOnClass found required class 'org.springframework.amqp.rabbit.annotation.EnableRabbit' (OnClassCondition)

   RabbitAnnotationDrivenConfiguration#directRabbitListenerContainerFactoryConfigurer matched:
      - @ConditionalOnMissingBean (types: org.springframework.boot.autoconfigure.amqp.DirectRabbitListenerContainerFactoryConfigurer; SearchStrategy: all) did not find any beans (OnBeanCondition)
      - @ConditionalOnThreading found PLATFORM (OnThreadingCondition)

   RabbitAnnotationDrivenConfiguration#simpleRabbitListenerContainerFactory matched:
      - @ConditionalOnProperty (spring.rabbitmq.listener.type=simple) matched (OnPropertyCondition)
      - @ConditionalOnMissingBean (names: rabbitListenerContainerFactory; SearchStrategy: all) did not find any beans (OnBeanCondition)

   RabbitAnnotationDrivenConfiguration#simpleRabbitListenerContainerFactoryConfigurer matched:
      - @ConditionalOnMissingBean (types: org.springframework.boot.autoconfigure.amqp.SimpleRabbitListenerContainerFactoryConfigurer; SearchStrategy: all) did not find any beans (OnBeanCondition)
      - @ConditionalOnThreading found PLATFORM (OnThreadingCondition)

   RabbitAnnotationDrivenConfiguration.EnableRabbitConfiguration matched:
      - @ConditionalOnMissingBean (names: org.springframework.amqp.rabbit.config.internalRabbitListenerAnnotationProcessor; SearchStrategy: all) did not find any beans (OnBeanCondition)

   RabbitAutoConfiguration matched:
      - @ConditionalOnClass found required classes 'org.springframework.amqp.rabbit.core.RabbitTemplate', 'com.rabbitmq.client.Channel' (OnClassCondition)

   RabbitAutoConfiguration.MessagingTemplateConfiguration matched:
      - @ConditionalOnClass found required class 'org.springframework.amqp.rabbit.core.RabbitMessagingTemplate' (OnClassCondition)
      - @ConditionalOnMissingBean (types: org.springframework.amqp.rabbit.core.RabbitMessagingTemplate; SearchStrategy: all) did not find any beans (OnBeanCondition)

   RabbitAutoConfiguration.MessagingTemplateConfiguration#rabbitMessagingTemplate matched:
      - @ConditionalOnSingleCandidate (types: org.springframework.amqp.rabbit.core.RabbitTemplate; SearchStrategy: all) found a single bean 'rabbitTemplate' (OnBeanCondition)

   RabbitAutoConfiguration.RabbitConnectionFactoryCreator#rabbitConnectionDetails matched:
      - @ConditionalOnMissingBean (types: org.springframework.boot.autoconfigure.amqp.RabbitConnectionDetails; SearchStrategy: all) did not find any beans (OnBeanCondition)

   RabbitAutoConfiguration.RabbitConnectionFactoryCreator#rabbitConnectionFactoryBeanConfigurer matched:
      - @ConditionalOnMissingBean (types: org.springframework.boot.autoconfigure.amqp.RabbitConnectionFactoryBeanConfigurer; SearchStrategy: all) did not find any beans (OnBeanCondition)

   RabbitAutoConfiguration.RabbitConnectionFactoryCreator#rabbitConnectionFactoryConfigurer matched:
      - @ConditionalOnMissingBean (types: org.springframework.boot.autoconfigure.amqp.CachingConnectionFactoryConfigurer; SearchStrategy: all) did not find any beans (OnBeanCondition)

   RabbitAutoConfiguration.RabbitTemplateConfiguration#amqpAdmin matched:
      - @ConditionalOnProperty (spring.rabbitmq.dynamic) matched (OnPropertyCondition)
      - @ConditionalOnSingleCandidate (types: org.springframework.amqp.rabbit.connection.ConnectionFactory; SearchStrategy: all) found a single bean 'connectionFactory'; @ConditionalOnMissingBean (types: org.springframework.amqp.core.AmqpAdmin; SearchStrategy: all) did not find any beans (OnBeanCondition)

   RabbitAutoConfiguration.RabbitTemplateConfiguration#rabbitTemplateConfigurer matched:
      - @ConditionalOnMissingBean (types: org.springframework.boot.autoconfigure.amqp.RabbitTemplateConfigurer; SearchStrategy: all) did not find any beans (OnBeanCondition)

   RestClientAutoConfiguration matched:
      - @ConditionalOnClass found required class 'org.springframework.web.client.RestClient' (OnClassCondition)
      - NoneNestedConditions 0 matched 1 did not; NestedCondition on NotReactiveWebApplicationCondition.ReactiveWebApplication did not find reactive web application classes (NotReactiveWebApplicationCondition)

   RestClientAutoConfiguration#httpMessageConvertersRestClientCustomizer matched:
      - @ConditionalOnMissingBean (types: org.springframework.boot.autoconfigure.web.client.HttpMessageConvertersRestClientCustomizer; SearchStrategy: all) did not find any beans (OnBeanCondition)

   RestClientAutoConfiguration#restClientBuilder matched:
      - @ConditionalOnMissingBean (types: org.springframework.web.client.RestClient$Builder; SearchStrategy: all) did not find any beans (OnBeanCondition)

   RestClientAutoConfiguration#restClientBuilderConfigurer matched:
      - @ConditionalOnMissingBean (types: org.springframework.boot.autoconfigure.web.client.RestClientBuilderConfigurer; SearchStrategy: all) did not find any beans (OnBeanCondition)

   RestClientAutoConfiguration#restClientSsl matched:
      - @ConditionalOnBean (types: org.springframework.boot.ssl.SslBundles; SearchStrategy: all) found bean 'sslBundleRegistry'; @ConditionalOnMissingBean (types: org.springframework.boot.autoconfigure.web.client.RestClientSsl; SearchStrategy: all) did not find any beans (OnBeanCondition)

   RestTemplateAutoConfiguration matched:
      - @ConditionalOnClass found required class 'org.springframework.web.client.RestTemplate' (OnClassCondition)
      - NoneNestedConditions 0 matched 1 did not; NestedCondition on NotReactiveWebApplicationCondition.ReactiveWebApplication did not find reactive web application classes (NotReactiveWebApplicationCondition)

   RestTemplateAutoConfiguration#restTemplateBuilder matched:
      - @ConditionalOnMissingBean (types: org.springframework.boot.web.client.RestTemplateBuilder; SearchStrategy: all) did not find any beans (OnBeanCondition)

   SecurityAutoConfiguration matched:
      - @ConditionalOnClass found required class 'org.springframework.security.authentication.DefaultAuthenticationEventPublisher' (OnClassCondition)

   SecurityAutoConfiguration#authenticationEventPublisher matched:
      - @ConditionalOnMissingBean (types: org.springframework.security.authentication.AuthenticationEventPublisher; SearchStrategy: all) did not find any beans (OnBeanCondition)

   SecurityFilterAutoConfiguration matched:
      - @ConditionalOnClass found required classes 'org.springframework.security.web.context.AbstractSecurityWebApplicationInitializer', 'org.springframework.security.config.http.SessionCreationPolicy' (OnClassCondition)
      - found 'session' scope (OnWebApplicationCondition)

   SecurityFilterAutoConfiguration#securityFilterChainRegistration matched:
      - @ConditionalOnBean (names: springSecurityFilterChain; SearchStrategy: all) found bean 'springSecurityFilterChain' (OnBeanCondition)

   ServletWebServerFactoryAutoConfiguration matched:
      - @ConditionalOnClass found required class 'jakarta.servlet.ServletRequest' (OnClassCondition)
      - found 'session' scope (OnWebApplicationCondition)

   ServletWebServerFactoryAutoConfiguration#tomcatServletWebServerFactoryCustomizer matched:
      - @ConditionalOnClass found required class 'org.apache.catalina.startup.Tomcat' (OnClassCondition)

   ServletWebServerFactoryConfiguration.EmbeddedTomcat matched:
      - @ConditionalOnClass found required classes 'jakarta.servlet.Servlet', 'org.apache.catalina.startup.Tomcat', 'org.apache.coyote.UpgradeProtocol' (OnClassCondition)
      - @ConditionalOnMissingBean (types: org.springframework.boot.web.servlet.server.ServletWebServerFactory; SearchStrategy: current) did not find any beans (OnBeanCondition)

   SimpleCacheConfiguration matched:
      - Cache org.springframework.boot.autoconfigure.cache.SimpleCacheConfiguration automatic cache type (CacheCondition)

   SpringBootWebSecurityConfiguration matched:
      - found 'session' scope (OnWebApplicationCondition)

   SpringDataWebAutoConfiguration matched:
      - @ConditionalOnClass found required classes 'org.springframework.data.web.PageableHandlerMethodArgumentResolver', 'org.springframework.web.servlet.config.annotation.WebMvcConfigurer' (OnClassCondition)
      - found 'session' scope (OnWebApplicationCondition)
      - @ConditionalOnMissingBean (types: org.springframework.data.web.PageableHandlerMethodArgumentResolver; SearchStrategy: all) did not find any beans (OnBeanCondition)

   SpringDataWebAutoConfiguration#pageableCustomizer matched:
      - @ConditionalOnMissingBean (types: org.springframework.data.web.config.PageableHandlerMethodArgumentResolverCustomizer; SearchStrategy: all) did not find any beans (OnBeanCondition)

   SpringDataWebAutoConfiguration#sortCustomizer matched:
      - @ConditionalOnMissingBean (types: org.springframework.data.web.config.SortHandlerMethodArgumentResolverCustomizer; SearchStrategy: all) did not find any beans (OnBeanCondition)

   SpringDataWebAutoConfiguration#springDataWebSettings matched:
      - @ConditionalOnMissingBean (types: org.springframework.data.web.config.SpringDataWebSettings; SearchStrategy: all) did not find any beans (OnBeanCondition)

   SqlInitializationAutoConfiguration matched:
      - @ConditionalOnProperty (spring.sql.init.enabled) matched (OnPropertyCondition)
      - NoneNestedConditions 0 matched 1 did not; NestedCondition on SqlInitializationAutoConfiguration.SqlInitializationModeCondition.ModeIsNever @ConditionalOnProperty (spring.sql.init.mode=never) did not find property 'mode' (SqlInitializationAutoConfiguration.SqlInitializationModeCondition)

   SslAutoConfiguration#sslBundleRegistry matched:
      - @ConditionalOnMissingBean (types: org.springframework.boot.ssl.SslBundleRegistry,org.springframework.boot.ssl.SslBundles; SearchStrategy: all) did not find any beans (OnBeanCondition)

   TaskExecutionAutoConfiguration matched:
      - @ConditionalOnClass found required class 'org.springframework.scheduling.concurrent.ThreadPoolTaskExecutor' (OnClassCondition)

   TaskExecutorConfigurations.SimpleAsyncTaskExecutorBuilderConfiguration#simpleAsyncTaskExecutorBuilder matched:
      - @ConditionalOnMissingBean (types: org.springframework.boot.task.SimpleAsyncTaskExecutorBuilder; SearchStrategy: all) did not find any beans (OnBeanCondition)
      - @ConditionalOnThreading found PLATFORM (OnThreadingCondition)

   TaskExecutorConfigurations.TaskExecutorConfiguration matched:
      - @ConditionalOnMissingBean (types: java.util.concurrent.Executor; SearchStrategy: all) did not find any beans (OnBeanCondition)

   TaskExecutorConfigurations.TaskExecutorConfiguration#applicationTaskExecutor matched:
      - @ConditionalOnThreading found PLATFORM (OnThreadingCondition)

   TaskExecutorConfigurations.ThreadPoolTaskExecutorBuilderConfiguration#threadPoolTaskExecutorBuilder matched:
      - @ConditionalOnMissingBean (types: org.springframework.boot.task.ThreadPoolTaskExecutorBuilder; SearchStrategy: all) did not find any beans (OnBeanCondition)

   TaskSchedulingAutoConfiguration matched:
      - @ConditionalOnClass found required class 'org.springframework.scheduling.concurrent.ThreadPoolTaskScheduler' (OnClassCondition)

   TaskSchedulingConfigurations.SimpleAsyncTaskSchedulerBuilderConfiguration#simpleAsyncTaskSchedulerBuilder matched:
      - @ConditionalOnMissingBean (types: org.springframework.boot.task.SimpleAsyncTaskSchedulerBuilder; SearchStrategy: all) did not find any beans (OnBeanCondition)
      - @ConditionalOnThreading found PLATFORM (OnThreadingCondition)

   TaskSchedulingConfigurations.ThreadPoolTaskSchedulerBuilderConfiguration#threadPoolTaskSchedulerBuilder matched:
      - @ConditionalOnMissingBean (types: org.springframework.boot.task.ThreadPoolTaskSchedulerBuilder; SearchStrategy: all) did not find any beans (OnBeanCondition)

   TransactionAutoConfiguration matched:
      - @ConditionalOnClass found required class 'org.springframework.transaction.PlatformTransactionManager' (OnClassCondition)

   TransactionAutoConfiguration.EnableTransactionManagementConfiguration matched:
      - @ConditionalOnBean (types: org.springframework.transaction.TransactionManager; SearchStrategy: all) found bean 'transactionManager'; @ConditionalOnMissingBean (types: org.springframework.transaction.annotation.AbstractTransactionManagementConfiguration; SearchStrategy: all) did not find any beans (OnBeanCondition)

   TransactionAutoConfiguration.EnableTransactionManagementConfiguration.CglibAutoProxyConfiguration matched:
      - @ConditionalOnProperty (spring.aop.proxy-target-class=true) matched (OnPropertyCondition)

   TransactionAutoConfiguration.TransactionTemplateConfiguration matched:
      - @ConditionalOnSingleCandidate (types: org.springframework.transaction.PlatformTransactionManager; SearchStrategy: all) found a single bean 'transactionManager' (OnBeanCondition)

   TransactionAutoConfiguration.TransactionTemplateConfiguration#transactionTemplate matched:
      - @ConditionalOnMissingBean (types: org.springframework.transaction.support.TransactionOperations; SearchStrategy: all) did not find any beans (OnBeanCondition)

   TransactionManagerCustomizationAutoConfiguration matched:
      - @ConditionalOnClass found required class 'org.springframework.transaction.PlatformTransactionManager' (OnClassCondition)

   TransactionManagerCustomizationAutoConfiguration#platformTransactionManagerCustomizers matched:
      - @ConditionalOnMissingBean (types: org.springframework.boot.autoconfigure.transaction.TransactionManagerCustomizers; SearchStrategy: all) did not find any beans (OnBeanCondition)

   UserDetailsServiceAutoConfiguration matched:
      - @ConditionalOnClass found required class 'org.springframework.security.authentication.AuthenticationManager' (OnClassCondition)
      - found 'session' scope (OnWebApplicationCondition)
      - AnyNestedCondition 1 matched 2 did not; NestedCondition on UserDetailsServiceAutoConfiguration.MissingAlternativeOrUserPropertiesConfigured.PasswordConfigured @ConditionalOnProperty (spring.security.user.password) did not find property 'password'; NestedCondition on UserDetailsServiceAutoConfiguration.MissingAlternativeOrUserPropertiesConfigured.NameConfigured @ConditionalOnProperty (spring.security.user.name) did not find property 'name'; NestedCondition on UserDetailsServiceAutoConfiguration.MissingAlternativeOrUserPropertiesConfigured.MissingAlternative @ConditionalOnMissingClass did not find unwanted classes 'org.springframework.security.oauth2.client.registration.ClientRegistrationRepository', 'org.springframework.security.oauth2.server.resource.introspection.OpaqueTokenIntrospector', 'org.springframework.security.saml2.provider.service.registration.RelyingPartyRegistrationRepository' (UserDetailsServiceAutoConfiguration.MissingAlternativeOrUserPropertiesConfigured)
      - @ConditionalOnBean (types: org.springframework.security.config.ObjectPostProcessor; SearchStrategy: all) found beans 'methodResultAuthorizationManagerPostProcessor', 'objectPostProcessor', 'webAuthorizationManagerPostProcessor', 'filterChainDecoratorPostProcessor', 'methodAuthorizationManagerPostProcessor', 'authenticationManagerPostProcessor'; @ConditionalOnMissingBean (types: org.springframework.security.authentication.AuthenticationManager,org.springframework.security.authentication.AuthenticationProvider,org.springframework.security.core.userdetails.UserDetailsService,org.springframework.security.authentication.AuthenticationManagerResolver,org.springframework.security.oauth2.jwt.JwtDecoder; SearchStrategy: all) did not find any beans (OnBeanCondition)

   WebMvcAutoConfiguration matched:
      - @ConditionalOnClass found required classes 'jakarta.servlet.Servlet', 'org.springframework.web.servlet.DispatcherServlet', 'org.springframework.web.servlet.config.annotation.WebMvcConfigurer' (OnClassCondition)
      - found 'session' scope (OnWebApplicationCondition)
      - @ConditionalOnMissingBean (types: org.springframework.web.servlet.config.annotation.WebMvcConfigurationSupport; SearchStrategy: all) did not find any beans (OnBeanCondition)

   WebMvcAutoConfiguration#formContentFilter matched:
      - @ConditionalOnProperty (spring.mvc.formcontent.filter.enabled) matched (OnPropertyCondition)
      - @ConditionalOnMissingBean (types: org.springframework.web.filter.FormContentFilter; SearchStrategy: all) did not find any beans (OnBeanCondition)

   WebMvcAutoConfiguration.EnableWebMvcConfiguration#flashMapManager matched:
      - @ConditionalOnMissingBean (names: flashMapManager; SearchStrategy: all) did not find any beans (OnBeanCondition)

   WebMvcAutoConfiguration.EnableWebMvcConfiguration#localeResolver matched:
      - @ConditionalOnMissingBean (names: localeResolver; SearchStrategy: all) did not find any beans (OnBeanCondition)

   WebMvcAutoConfiguration.EnableWebMvcConfiguration#themeResolver matched:
      - @ConditionalOnMissingBean (names: themeResolver; SearchStrategy: all) did not find any beans (OnBeanCondition)

   WebMvcAutoConfiguration.EnableWebMvcConfiguration#viewNameTranslator matched:
      - @ConditionalOnMissingBean (names: viewNameTranslator; SearchStrategy: all) did not find any beans (OnBeanCondition)

   WebMvcAutoConfiguration.WebMvcAutoConfigurationAdapter#defaultViewResolver matched:
      - @ConditionalOnMissingBean (types: org.springframework.web.servlet.view.InternalResourceViewResolver; SearchStrategy: all) did not find any beans (OnBeanCondition)

   WebMvcAutoConfiguration.WebMvcAutoConfigurationAdapter#requestContextFilter matched:
      - @ConditionalOnMissingBean (types: org.springframework.web.context.request.RequestContextListener,org.springframework.web.filter.RequestContextFilter; SearchStrategy: all) did not find any beans (OnBeanCondition)

   WebMvcAutoConfiguration.WebMvcAutoConfigurationAdapter#viewResolver matched:
      - @ConditionalOnBean (types: org.springframework.web.servlet.ViewResolver; SearchStrategy: all) found beans 'defaultViewResolver', 'beanNameViewResolver', 'mvcViewResolver'; @ConditionalOnMissingBean (names: viewResolver types: org.springframework.web.servlet.view.ContentNegotiatingViewResolver; SearchStrategy: all) did not find any beans (OnBeanCondition)

   WebSocketServletAutoConfiguration matched:
      - @ConditionalOnClass found required classes 'jakarta.servlet.Servlet', 'jakarta.websocket.server.ServerContainer' (OnClassCondition)
      - found 'session' scope (OnWebApplicationCondition)

   WebSocketServletAutoConfiguration.TomcatWebSocketConfiguration matched:
      - @ConditionalOnClass found required classes 'org.apache.catalina.startup.Tomcat', 'org.apache.tomcat.websocket.server.WsSci' (OnClassCondition)

   WebSocketServletAutoConfiguration.TomcatWebSocketConfiguration#websocketServletWebServerCustomizer matched:
      - @ConditionalOnMissingBean (names: websocketServletWebServerCustomizer; SearchStrategy: all) did not find any beans (OnBeanCondition)


Negative matches:
-----------------

   ActiveMQAutoConfiguration:
      Did not match:
         - @ConditionalOnClass did not find required class 'jakarta.jms.ConnectionFactory' (OnClassCondition)

   AopAutoConfiguration.AspectJAutoProxyingConfiguration.JdkDynamicAutoProxyConfiguration:
      Did not match:
         - @ConditionalOnProperty (spring.aop.proxy-target-class=false) did not find property 'proxy-target-class' (OnPropertyCondition)

   AopAutoConfiguration.ClassProxyingConfiguration:
      Did not match:
         - @ConditionalOnMissingClass found unwanted class 'org.aspectj.weaver.Advice' (OnClassCondition)

   ArtemisAutoConfiguration:
      Did not match:
         - @ConditionalOnClass did not find required class 'jakarta.jms.ConnectionFactory' (OnClassCondition)

   BatchAutoConfiguration:
      Did not match:
         - @ConditionalOnClass did not find required class 'org.springframework.batch.core.launch.JobLauncher' (OnClassCondition)

   Cache2kCacheConfiguration:
      Did not match:
         - @ConditionalOnClass did not find required class 'org.cache2k.Cache2kBuilder' (OnClassCondition)

   CacheAutoConfiguration:
      Did not match:
         - @ConditionalOnBean (types: org.springframework.cache.interceptor.CacheAspectSupport; SearchStrategy: all) did not find any beans of type org.springframework.cache.interceptor.CacheAspectSupport (OnBeanCondition)
      Matched:
         - @ConditionalOnClass found required class 'org.springframework.cache.CacheManager' (OnClassCondition)

   CacheAutoConfiguration.CacheManagerEntityManagerFactoryDependsOnPostProcessor:
      Did not match:
         - Ancestor org.springframework.boot.autoconfigure.cache.CacheAutoConfiguration did not match (ConditionEvaluationReport.AncestorsMatchedCondition)
      Matched:
         - @ConditionalOnClass found required class 'org.springframework.orm.jpa.LocalContainerEntityManagerFactoryBean' (OnClassCondition)

   CaffeineCacheConfiguration:
      Did not match:
         - @ConditionalOnClass did not find required class 'com.github.benmanes.caffeine.cache.Caffeine' (OnClassCondition)

   CassandraAutoConfiguration:
      Did not match:
         - @ConditionalOnClass did not find required class 'com.datastax.oss.driver.api.core.CqlSession' (OnClassCondition)

   CassandraDataAutoConfiguration:
      Did not match:
         - @ConditionalOnClass did not find required class 'com.datastax.oss.driver.api.core.CqlSession' (OnClassCondition)

   CassandraReactiveDataAutoConfiguration:
      Did not match:
         - @ConditionalOnClass did not find required class 'com.datastax.oss.driver.api.core.CqlSession' (OnClassCondition)

   CassandraReactiveRepositoriesAutoConfiguration:
      Did not match:
         - @ConditionalOnClass did not find required class 'org.springframework.data.cassandra.ReactiveSession' (OnClassCondition)

   CassandraRepositoriesAutoConfiguration:
      Did not match:
         - @ConditionalOnClass did not find required class 'com.datastax.oss.driver.api.core.CqlSession' (OnClassCondition)

   ClientHttpConnectorAutoConfiguration:
      Did not match:
         - @ConditionalOnClass did not find required class 'org.springframework.web.reactive.function.client.WebClient' (OnClassCondition)

   CodecsAutoConfiguration:
      Did not match:
         - @ConditionalOnClass did not find required class 'org.springframework.web.reactive.function.client.WebClient' (OnClassCondition)

   CouchbaseAutoConfiguration:
      Did not match:
         - @ConditionalOnClass did not find required class 'com.couchbase.client.java.Cluster' (OnClassCondition)

   CouchbaseCacheConfiguration:
      Did not match:
         - @ConditionalOnClass did not find required class 'com.couchbase.client.java.Cluster' (OnClassCondition)

   CouchbaseDataAutoConfiguration:
      Did not match:
         - @ConditionalOnClass did not find required class 'com.couchbase.client.java.Bucket' (OnClassCondition)

   CouchbaseReactiveDataAutoConfiguration:
      Did not match:
         - @ConditionalOnClass did not find required class 'com.couchbase.client.java.Cluster' (OnClassCondition)

   CouchbaseReactiveRepositoriesAutoConfiguration:
      Did not match:
         - @ConditionalOnClass did not find required class 'com.couchbase.client.java.Cluster' (OnClassCondition)

   CouchbaseRepositoriesAutoConfiguration:
      Did not match:
         - @ConditionalOnClass did not find required class 'com.couchbase.client.java.Bucket' (OnClassCondition)

   DataSourceAutoConfiguration.EmbeddedDatabaseConfiguration:
      Did not match:
         - EmbeddedDataSource spring.datasource.url is set (DataSourceAutoConfiguration.EmbeddedDatabaseCondition)

   DataSourceCheckpointRestoreConfiguration:
      Did not match:
         - @ConditionalOnClass did not find required class 'org.crac.Resource' (OnClassCondition)

   DataSourceConfiguration.Dbcp2:
      Did not match:
         - @ConditionalOnClass did not find required class 'org.apache.commons.dbcp2.BasicDataSource' (OnClassCondition)

   DataSourceConfiguration.Generic:
      Did not match:
         - @ConditionalOnProperty (spring.datasource.type) did not find property 'spring.datasource.type' (OnPropertyCondition)

   DataSourceConfiguration.OracleUcp:
      Did not match:
         - @ConditionalOnClass did not find required classes 'oracle.ucp.jdbc.PoolDataSourceImpl', 'oracle.jdbc.OracleConnection' (OnClassCondition)

   DataSourceConfiguration.Tomcat:
      Did not match:
         - @ConditionalOnClass did not find required class 'org.apache.tomcat.jdbc.pool.DataSource' (OnClassCondition)

   DataSourceJmxConfiguration.TomcatDataSourceJmxConfiguration:
      Did not match:
         - @ConditionalOnClass did not find required class 'org.apache.tomcat.jdbc.pool.DataSourceProxy' (OnClassCondition)

   DataSourcePoolMetadataProvidersConfiguration.CommonsDbcp2PoolDataSourceMetadataProviderConfiguration:
      Did not match:
         - @ConditionalOnClass did not find required class 'org.apache.commons.dbcp2.BasicDataSource' (OnClassCondition)

   DataSourcePoolMetadataProvidersConfiguration.OracleUcpPoolDataSourceMetadataProviderConfiguration:
      Did not match:
         - @ConditionalOnClass did not find required classes 'oracle.ucp.jdbc.PoolDataSource', 'oracle.jdbc.OracleConnection' (OnClassCondition)

   DataSourcePoolMetadataProvidersConfiguration.TomcatDataSourcePoolMetadataProviderConfiguration:
      Did not match:
         - @ConditionalOnClass did not find required class 'org.apache.tomcat.jdbc.pool.DataSource' (OnClassCondition)

   DataSourceTransactionManagerAutoConfiguration.JdbcTransactionManagerConfiguration#transactionManager:
      Did not match:
         - @ConditionalOnMissingBean (types: org.springframework.transaction.TransactionManager; SearchStrategy: all) found beans of type 'org.springframework.transaction.TransactionManager' transactionManager (OnBeanCondition)

   DispatcherServletAutoConfiguration.DispatcherServletConfiguration#multipartResolver:
      Did not match:
         - @ConditionalOnBean (types: org.springframework.web.multipart.MultipartResolver; SearchStrategy: all) did not find any beans of type org.springframework.web.multipart.MultipartResolver (OnBeanCondition)

   ElasticsearchClientAutoConfiguration:
      Did not match:
         - @ConditionalOnClass did not find required class 'co.elastic.clients.elasticsearch.ElasticsearchClient' (OnClassCondition)

   ElasticsearchDataAutoConfiguration:
      Did not match:
         - @ConditionalOnClass did not find required class 'org.springframework.data.elasticsearch.client.elc.ElasticsearchTemplate' (OnClassCondition)

   ElasticsearchRepositoriesAutoConfiguration:
      Did not match:
         - @ConditionalOnClass did not find required class 'org.springframework.data.elasticsearch.repository.ElasticsearchRepository' (OnClassCondition)

   ElasticsearchRestClientAutoConfiguration:
      Did not match:
         - @ConditionalOnClass did not find required class 'org.elasticsearch.client.RestClientBuilder' (OnClassCondition)

   EmbeddedLdapAutoConfiguration:
      Did not match:
         - @ConditionalOnClass did not find required class 'com.unboundid.ldap.listener.InMemoryDirectoryServer' (OnClassCondition)

   EmbeddedWebServerFactoryCustomizerAutoConfiguration.JettyWebServerFactoryCustomizerConfiguration:
      Did not match:
         - @ConditionalOnClass did not find required classes 'org.eclipse.jetty.server.Server', 'org.eclipse.jetty.util.Loader', 'org.eclipse.jetty.ee10.webapp.WebAppContext' (OnClassCondition)

   EmbeddedWebServerFactoryCustomizerAutoConfiguration.NettyWebServerFactoryCustomizerConfiguration:
      Did not match:
         - @ConditionalOnClass did not find required class 'reactor.netty.http.server.HttpServer' (OnClassCondition)

   EmbeddedWebServerFactoryCustomizerAutoConfiguration.TomcatWebServerFactoryCustomizerConfiguration#tomcatVirtualThreadsProtocolHandlerCustomizer:
      Did not match:
         - @ConditionalOnThreading did not find VIRTUAL (OnThreadingCondition)

   EmbeddedWebServerFactoryCustomizerAutoConfiguration.UndertowWebServerFactoryCustomizerConfiguration:
      Did not match:
         - @ConditionalOnClass did not find required classes 'io.undertow.Undertow', 'org.xnio.SslClientAuthMode' (OnClassCondition)

   ErrorWebFluxAutoConfiguration:
      Did not match:
         - @ConditionalOnClass did not find required class 'org.springframework.web.reactive.config.WebFluxConfigurer' (OnClassCondition)

   FlywayAutoConfiguration:
      Did not match:
         - @ConditionalOnClass did not find required class 'org.flywaydb.core.Flyway' (OnClassCondition)

   FreeMarkerAutoConfiguration:
      Did not match:
         - @ConditionalOnClass did not find required class 'freemarker.template.Configuration' (OnClassCondition)

   GraphQlAutoConfiguration:
      Did not match:
         - @ConditionalOnClass did not find required class 'graphql.GraphQL' (OnClassCondition)

   GraphQlQueryByExampleAutoConfiguration:
      Did not match:
         - @ConditionalOnClass did not find required class 'graphql.GraphQL' (OnClassCondition)

   GraphQlQuerydslAutoConfiguration:
      Did not match:
         - @ConditionalOnClass did not find required class 'com.querydsl.core.Query' (OnClassCondition)

   GraphQlRSocketAutoConfiguration:
      Did not match:
         - @ConditionalOnClass did not find required class 'graphql.GraphQL' (OnClassCondition)

   GraphQlReactiveQueryByExampleAutoConfiguration:
      Did not match:
         - @ConditionalOnClass did not find required class 'graphql.GraphQL' (OnClassCondition)

   GraphQlReactiveQuerydslAutoConfiguration:
      Did not match:
         - @ConditionalOnClass did not find required class 'com.querydsl.core.Query' (OnClassCondition)

   GraphQlWebFluxAutoConfiguration:
      Did not match:
         - @ConditionalOnClass did not find required class 'graphql.GraphQL' (OnClassCondition)

   GraphQlWebFluxSecurityAutoConfiguration:
      Did not match:
         - @ConditionalOnClass did not find required class 'graphql.GraphQL' (OnClassCondition)

   GraphQlWebMvcAutoConfiguration:
      Did not match:
         - @ConditionalOnClass did not find required class 'graphql.GraphQL' (OnClassCondition)

   GraphQlWebMvcSecurityAutoConfiguration:
      Did not match:
         - @ConditionalOnClass did not find required class 'graphql.GraphQL' (OnClassCondition)

   GroovyTemplateAutoConfiguration:
      Did not match:
         - @ConditionalOnClass did not find required class 'groovy.text.markup.MarkupTemplateEngine' (OnClassCondition)

   GsonAutoConfiguration:
      Did not match:
         - @ConditionalOnClass did not find required class 'com.google.gson.Gson' (OnClassCondition)

   GsonHttpMessageConvertersConfiguration:
      Did not match:
         - @ConditionalOnClass did not find required class 'com.google.gson.Gson' (OnClassCondition)

   H2ConsoleAutoConfiguration:
      Did not match:
         - @ConditionalOnClass did not find required class 'org.h2.server.web.JakartaWebServlet' (OnClassCondition)

   HazelcastAutoConfiguration:
      Did not match:
         - @ConditionalOnClass did not find required class 'com.hazelcast.core.HazelcastInstance' (OnClassCondition)

   HazelcastCacheConfiguration:
      Did not match:
         - @ConditionalOnClass did not find required class 'com.hazelcast.core.HazelcastInstance' (OnClassCondition)

   HazelcastJpaDependencyAutoConfiguration:
      Did not match:
         - @ConditionalOnClass did not find required class 'com.hazelcast.core.HazelcastInstance' (OnClassCondition)

   HttpHandlerAutoConfiguration:
      Did not match:
         - @ConditionalOnClass did not find required class 'org.springframework.web.reactive.DispatcherHandler' (OnClassCondition)

   HypermediaAutoConfiguration:
      Did not match:
         - @ConditionalOnClass did not find required class 'org.springframework.hateoas.EntityModel' (OnClassCondition)

   InfinispanCacheConfiguration:
      Did not match:
         - @ConditionalOnClass did not find required class 'org.infinispan.spring.embedded.provider.SpringEmbeddedCacheManager' (OnClassCondition)

   IntegrationAutoConfiguration:
      Did not match:
         - @ConditionalOnClass did not find required class 'org.springframework.integration.config.EnableIntegration' (OnClassCondition)

   JCacheCacheConfiguration:
      Did not match:
         - @ConditionalOnClass did not find required class 'javax.cache.Caching' (OnClassCondition)

   JacksonHttpMessageConvertersConfiguration.MappingJackson2XmlHttpMessageConverterConfiguration:
      Did not match:
         - @ConditionalOnClass did not find required class 'com.fasterxml.jackson.dataformat.xml.XmlMapper' (OnClassCondition)

   JdbcRepositoriesAutoConfiguration:
      Did not match:
         - @ConditionalOnClass did not find required class 'org.springframework.data.jdbc.repository.config.AbstractJdbcConfiguration' (OnClassCondition)

   JerseyAutoConfiguration:
      Did not match:
         - @ConditionalOnClass did not find required class 'org.glassfish.jersey.server.spring.SpringComponentProvider' (OnClassCondition)

   JmsAutoConfiguration:
      Did not match:
         - @ConditionalOnClass did not find required class 'jakarta.jms.Message' (OnClassCondition)

   JmxAutoConfiguration:
      Did not match:
         - @ConditionalOnProperty (spring.jmx.enabled=true) did not find property 'enabled' (OnPropertyCondition)
      Matched:
         - @ConditionalOnClass found required class 'org.springframework.jmx.export.MBeanExporter' (OnClassCondition)

   JndiConnectionFactoryAutoConfiguration:
      Did not match:
         - @ConditionalOnClass did not find required class 'org.springframework.jms.core.JmsTemplate' (OnClassCondition)

   JndiDataSourceAutoConfiguration:
      Did not match:
         - @ConditionalOnProperty (spring.datasource.jndi-name) did not find property 'jndi-name' (OnPropertyCondition)
      Matched:
         - @ConditionalOnClass found required classes 'javax.sql.DataSource', 'org.springframework.jdbc.datasource.embedded.EmbeddedDatabaseType' (OnClassCondition)

   JndiJtaConfiguration:
      Did not match:
         - @ConditionalOnJndi JNDI environment is not available (OnJndiCondition)
      Matched:
         - @ConditionalOnClass found required class 'org.springframework.transaction.jta.JtaTransactionManager' (OnClassCondition)

   JooqAutoConfiguration:
      Did not match:
         - @ConditionalOnClass did not find required class 'org.jooq.DSLContext' (OnClassCondition)

   JpaRepositoriesAutoConfiguration#entityManagerFactoryBootstrapExecutorCustomizer:
      Did not match:
         - AnyNestedCondition 0 matched 2 did not; NestedCondition on JpaRepositoriesAutoConfiguration.BootstrapExecutorCondition.LazyBootstrapMode @ConditionalOnProperty (spring.data.jpa.repositories.bootstrap-mode=lazy) did not find property 'bootstrap-mode'; NestedCondition on JpaRepositoriesAutoConfiguration.BootstrapExecutorCondition.DeferredBootstrapMode @ConditionalOnProperty (spring.data.jpa.repositories.bootstrap-mode=deferred) did not find property 'bootstrap-mode' (JpaRepositoriesAutoConfiguration.BootstrapExecutorCondition)

   JsonbAutoConfiguration:
      Did not match:
         - @ConditionalOnClass did not find required class 'jakarta.json.bind.Jsonb' (OnClassCondition)

   JsonbHttpMessageConvertersConfiguration:
      Did not match:
         - @ConditionalOnClass did not find required class 'jakarta.json.bind.Jsonb' (OnClassCondition)

   KafkaAutoConfiguration:
      Did not match:
         - @ConditionalOnClass did not find required class 'org.springframework.kafka.core.KafkaTemplate' (OnClassCondition)

   LdapAutoConfiguration:
      Did not match:
         - @ConditionalOnClass did not find required class 'org.springframework.ldap.core.ContextSource' (OnClassCondition)

   LdapRepositoriesAutoConfiguration:
      Did not match:
         - @ConditionalOnClass did not find required class 'org.springframework.data.ldap.repository.LdapRepository' (OnClassCondition)

   LiquibaseAutoConfiguration:
      Did not match:
         - @ConditionalOnClass did not find required class 'liquibase.change.DatabaseChange' (OnClassCondition)

   MailSenderAutoConfiguration:
      Did not match:
         - @ConditionalOnClass did not find required class 'jakarta.mail.internet.MimeMessage' (OnClassCondition)

   MailSenderValidatorAutoConfiguration:
      Did not match:
         - @ConditionalOnSingleCandidate did not find required type 'org.springframework.mail.javamail.JavaMailSenderImpl' (OnBeanCondition)

   MessageSourceAutoConfiguration:
      Did not match:
         - ResourceBundle did not find bundle with basename messages (MessageSourceAutoConfiguration.ResourceBundleCondition)

   MongoAutoConfiguration:
      Did not match:
         - @ConditionalOnClass did not find required class 'com.mongodb.client.MongoClient' (OnClassCondition)

   MongoDataAutoConfiguration:
      Did not match:
         - @ConditionalOnClass did not find required class 'com.mongodb.client.MongoClient' (OnClassCondition)

   MongoReactiveAutoConfiguration:
      Did not match:
         - @ConditionalOnClass did not find required class 'com.mongodb.reactivestreams.client.MongoClient' (OnClassCondition)

   MongoReactiveDataAutoConfiguration:
      Did not match:
         - @ConditionalOnClass did not find required class 'com.mongodb.reactivestreams.client.MongoClient' (OnClassCondition)

   MongoReactiveRepositoriesAutoConfiguration:
      Did not match:
         - @ConditionalOnClass did not find required class 'com.mongodb.reactivestreams.client.MongoClient' (OnClassCondition)

   MongoRepositoriesAutoConfiguration:
      Did not match:
         - @ConditionalOnClass did not find required class 'com.mongodb.client.MongoClient' (OnClassCondition)

   MustacheAutoConfiguration:
      Did not match:
         - @ConditionalOnClass did not find required class 'com.samskivert.mustache.Mustache' (OnClassCondition)

   Neo4jAutoConfiguration:
      Did not match:
         - @ConditionalOnClass did not find required class 'org.neo4j.driver.Driver' (OnClassCondition)

   Neo4jDataAutoConfiguration:
      Did not match:
         - @ConditionalOnClass did not find required class 'org.neo4j.driver.Driver' (OnClassCondition)

   Neo4jReactiveDataAutoConfiguration:
      Did not match:
         - @ConditionalOnClass did not find required class 'org.neo4j.driver.Driver' (OnClassCondition)

   Neo4jReactiveRepositoriesAutoConfiguration:
      Did not match:
         - @ConditionalOnClass did not find required class 'org.neo4j.driver.Driver' (OnClassCondition)

   Neo4jRepositoriesAutoConfiguration:
      Did not match:
         - @ConditionalOnClass did not find required class 'org.neo4j.driver.Driver' (OnClassCondition)

   NettyAutoConfiguration:
      Did not match:
         - @ConditionalOnClass did not find required class 'io.netty.util.NettyRuntime' (OnClassCondition)

   OAuth2AuthorizationServerAutoConfiguration:
      Did not match:
         - @ConditionalOnClass did not find required class 'org.springframework.security.oauth2.server.authorization.OAuth2Authorization' (OnClassCondition)

   OAuth2AuthorizationServerJwtAutoConfiguration:
      Did not match:
         - @ConditionalOnClass did not find required class 'org.springframework.security.oauth2.server.authorization.OAuth2Authorization' (OnClassCondition)

   OAuth2ClientAutoConfiguration:
      Did not match:
         - @ConditionalOnClass did not find required class 'org.springframework.security.oauth2.client.registration.ClientRegistration' (OnClassCondition)

   OAuth2ResourceServerAutoConfiguration:
      Did not match:
         - @ConditionalOnClass did not find required class 'org.springframework.security.oauth2.server.resource.authentication.BearerTokenAuthenticationToken' (OnClassCondition)

   ProjectInfoAutoConfiguration#buildProperties:
      Did not match:
         - @ConditionalOnResource did not find resource '${spring.info.build.location:classpath:META-INF/build-info.properties}' (OnResourceCondition)

   ProjectInfoAutoConfiguration#gitProperties:
      Did not match:
         - GitResource did not find git info at classpath:git.properties (ProjectInfoAutoConfiguration.GitResourceAvailableCondition)

   PulsarAutoConfiguration:
      Did not match:
         - @ConditionalOnClass did not find required class 'org.apache.pulsar.client.api.PulsarClient' (OnClassCondition)

   PulsarReactiveAutoConfiguration:
      Did not match:
         - @ConditionalOnClass did not find required class 'org.apache.pulsar.client.api.PulsarClient' (OnClassCondition)

   QuartzAutoConfiguration:
      Did not match:
         - @ConditionalOnClass did not find required class 'org.quartz.Scheduler' (OnClassCondition)

   R2dbcAutoConfiguration:
      Did not match:
         - @ConditionalOnClass did not find required class 'io.r2dbc.spi.ConnectionFactory' (OnClassCondition)

   R2dbcDataAutoConfiguration:
      Did not match:
         - @ConditionalOnClass did not find required class 'org.springframework.data.r2dbc.core.R2dbcEntityTemplate' (OnClassCondition)

   R2dbcInitializationConfiguration:
      Did not match:
         - @ConditionalOnClass did not find required classes 'io.r2dbc.spi.ConnectionFactory', 'org.springframework.r2dbc.connection.init.DatabasePopulator' (OnClassCondition)

   R2dbcProxyAutoConfiguration:
      Did not match:
         - @ConditionalOnClass did not find required class 'io.r2dbc.proxy.ProxyConnectionFactory' (OnClassCondition)

   R2dbcRepositoriesAutoConfiguration:
      Did not match:
         - @ConditionalOnClass did not find required class 'io.r2dbc.spi.ConnectionFactory' (OnClassCondition)

   R2dbcTransactionManagerAutoConfiguration:
      Did not match:
         - @ConditionalOnClass did not find required class 'org.springframework.r2dbc.connection.R2dbcTransactionManager' (OnClassCondition)

   RSocketGraphQlClientAutoConfiguration:
      Did not match:
         - @ConditionalOnClass did not find required class 'graphql.GraphQL' (OnClassCondition)

   RSocketMessagingAutoConfiguration:
      Did not match:
         - @ConditionalOnClass did not find required class 'io.rsocket.RSocket' (OnClassCondition)

   RSocketRequesterAutoConfiguration:
      Did not match:
         - @ConditionalOnClass did not find required class 'io.rsocket.RSocket' (OnClassCondition)

   RSocketSecurityAutoConfiguration:
      Did not match:
         - @ConditionalOnClass did not find required class 'org.springframework.security.rsocket.core.SecuritySocketAcceptorInterceptor' (OnClassCondition)

   RSocketServerAutoConfiguration:
      Did not match:
         - @ConditionalOnClass did not find required class 'io.rsocket.core.RSocketServer' (OnClassCondition)

   RSocketStrategiesAutoConfiguration:
      Did not match:
         - @ConditionalOnClass did not find required class 'io.netty.buffer.PooledByteBufAllocator' (OnClassCondition)

   RabbitAnnotationDrivenConfiguration#directRabbitListenerContainerFactory:
      Did not match:
         - @ConditionalOnProperty (spring.rabbitmq.listener.type=direct) did not find property 'type' (OnPropertyCondition)

   RabbitAnnotationDrivenConfiguration#directRabbitListenerContainerFactoryConfigurerVirtualThreads:
      Did not match:
         - @ConditionalOnMissingBean (types: org.springframework.boot.autoconfigure.amqp.DirectRabbitListenerContainerFactoryConfigurer; SearchStrategy: all) found beans of type 'org.springframework.boot.autoconfigure.amqp.DirectRabbitListenerContainerFactoryConfigurer' directRabbitListenerContainerFactoryConfigurer (OnBeanCondition)

   RabbitAnnotationDrivenConfiguration#simpleRabbitListenerContainerFactoryConfigurerVirtualThreads:
      Did not match:
         - @ConditionalOnMissingBean (types: org.springframework.boot.autoconfigure.amqp.SimpleRabbitListenerContainerFactoryConfigurer; SearchStrategy: all) found beans of type 'org.springframework.boot.autoconfigure.amqp.SimpleRabbitListenerContainerFactoryConfigurer' simpleRabbitListenerContainerFactoryConfigurer (OnBeanCondition)

   RabbitAutoConfiguration.RabbitConnectionFactoryCreator#rabbitConnectionFactory:
      Did not match:
         - @ConditionalOnMissingBean (types: org.springframework.amqp.rabbit.connection.ConnectionFactory; SearchStrategy: all) found beans of type 'org.springframework.amqp.rabbit.connection.ConnectionFactory' connectionFactory (OnBeanCondition)

   RabbitAutoConfiguration.RabbitTemplateConfiguration#rabbitTemplate:
      Did not match:
         - @ConditionalOnMissingBean (types: org.springframework.amqp.rabbit.core.RabbitOperations; SearchStrategy: all) found beans of type 'org.springframework.amqp.rabbit.core.RabbitOperations' rabbitTemplate (OnBeanCondition)

   RabbitStreamConfiguration:
      Did not match:
         - @ConditionalOnClass did not find required class 'org.springframework.rabbit.stream.config.StreamRabbitListenerContainerFactory' (OnClassCondition)

   ReactiveElasticsearchClientAutoConfiguration:
      Did not match:
         - @ConditionalOnClass did not find required class 'co.elastic.clients.transport.ElasticsearchTransport' (OnClassCondition)

   ReactiveElasticsearchRepositoriesAutoConfiguration:
      Did not match:
         - @ConditionalOnClass did not find required class 'reactor.core.publisher.Mono' (OnClassCondition)

   ReactiveMultipartAutoConfiguration:
      Did not match:
         - @ConditionalOnClass did not find required class 'org.springframework.web.reactive.config.WebFluxConfigurer' (OnClassCondition)

   ReactiveOAuth2ClientAutoConfiguration:
      Did not match:
         - @ConditionalOnClass did not find required class 'reactor.core.publisher.Flux' (OnClassCondition)

   ReactiveOAuth2ResourceServerAutoConfiguration:
      Did not match:
         - @ConditionalOnWebApplication did not find reactive web application classes (OnWebApplicationCondition)

   ReactiveSecurityAutoConfiguration:
      Did not match:
         - @ConditionalOnClass did not find required class 'reactor.core.publisher.Flux' (OnClassCondition)

   ReactiveUserDetailsServiceAutoConfiguration:
      Did not match:
         - AnyNestedCondition 0 matched 2 did not; NestedCondition on ReactiveUserDetailsServiceAutoConfiguration.RSocketEnabledOrReactiveWebApplication.ReactiveWebApplicationCondition did not find reactive web application classes; NestedCondition on ReactiveUserDetailsServiceAutoConfiguration.RSocketEnabledOrReactiveWebApplication.RSocketSecurityEnabledCondition @ConditionalOnBean (types: org.springframework.messaging.rsocket.annotation.support.RSocketMessageHandler; SearchStrategy: all) did not find any beans of type org.springframework.messaging.rsocket.annotation.support.RSocketMessageHandler (ReactiveUserDetailsServiceAutoConfiguration.RSocketEnabledOrReactiveWebApplication)
      Matched:
         - @ConditionalOnClass found required class 'org.springframework.security.authentication.ReactiveAuthenticationManager' (OnClassCondition)
         - AnyNestedCondition 1 matched 2 did not; NestedCondition on ReactiveUserDetailsServiceAutoConfiguration.MissingAlternativeOrUserPropertiesConfigured.PasswordConfigured @ConditionalOnProperty (spring.security.user.password) did not find property 'password'; NestedCondition on ReactiveUserDetailsServiceAutoConfiguration.MissingAlternativeOrUserPropertiesConfigured.NameConfigured @ConditionalOnProperty (spring.security.user.name) did not find property 'name'; NestedCondition on ReactiveUserDetailsServiceAutoConfiguration.MissingAlternativeOrUserPropertiesConfigured.MissingAlternative @ConditionalOnMissingClass did not find unwanted classes 'org.springframework.security.oauth2.client.registration.ClientRegistrationRepository', 'org.springframework.security.oauth2.server.resource.introspection.ReactiveOpaqueTokenIntrospector' (ReactiveUserDetailsServiceAutoConfiguration.MissingAlternativeOrUserPropertiesConfigured)

   ReactiveWebServerFactoryAutoConfiguration:
      Did not match:
         - @ConditionalOnWebApplication did not find reactive web application classes (OnWebApplicationCondition)

   ReactorAutoConfiguration:
      Did not match:
         - @ConditionalOnClass did not find required class 'reactor.core.publisher.Hooks' (OnClassCondition)

   RedisAutoConfiguration:
      Did not match:
         - @ConditionalOnClass did not find required class 'org.springframework.data.redis.core.RedisOperations' (OnClassCondition)

   RedisCacheConfiguration:
      Did not match:
         - @ConditionalOnClass did not find required class 'org.springframework.data.redis.connection.RedisConnectionFactory' (OnClassCondition)

   RedisReactiveAutoConfiguration:
      Did not match:
         - @ConditionalOnClass did not find required class 'reactor.core.publisher.Flux' (OnClassCondition)

   RedisRepositoriesAutoConfiguration:
      Did not match:
         - @ConditionalOnClass did not find required class 'org.springframework.data.redis.repository.configuration.EnableRedisRepositories' (OnClassCondition)

   RepositoryRestMvcAutoConfiguration:
      Did not match:
         - @ConditionalOnClass did not find required class 'org.springframework.data.rest.webmvc.config.RepositoryRestMvcConfiguration' (OnClassCondition)

   Saml2RelyingPartyAutoConfiguration:
      Did not match:
         - @ConditionalOnClass did not find required class 'org.springframework.security.saml2.provider.service.registration.RelyingPartyRegistrationRepository' (OnClassCondition)

   SecurityDataConfiguration:
      Did not match:
         - @ConditionalOnClass did not find required class 'org.springframework.security.data.repository.query.SecurityEvaluationContextExtension' (OnClassCondition)

   SendGridAutoConfiguration:
      Did not match:
         - @ConditionalOnClass did not find required class 'com.sendgrid.SendGrid' (OnClassCondition)

   ServletWebServerFactoryAutoConfiguration.ForwardedHeaderFilterConfiguration:
      Did not match:
         - @ConditionalOnProperty (server.forward-headers-strategy=framework) did not find property 'server.forward-headers-strategy' (OnPropertyCondition)

   ServletWebServerFactoryConfiguration.EmbeddedJetty:
      Did not match:
         - @ConditionalOnClass did not find required classes 'org.eclipse.jetty.server.Server', 'org.eclipse.jetty.util.Loader', 'org.eclipse.jetty.ee10.webapp.WebAppContext' (OnClassCondition)

   ServletWebServerFactoryConfiguration.EmbeddedUndertow:
      Did not match:
         - @ConditionalOnClass did not find required classes 'io.undertow.Undertow', 'org.xnio.SslClientAuthMode' (OnClassCondition)

   SessionAutoConfiguration:
      Did not match:
         - @ConditionalOnClass did not find required class 'org.springframework.session.Session' (OnClassCondition)

   SpringApplicationAdminJmxAutoConfiguration:
      Did not match:
         - @ConditionalOnProperty (spring.application.admin.enabled=true) did not find property 'enabled' (OnPropertyCondition)

   SpringBootWebSecurityConfiguration.SecurityFilterChainConfiguration:
      Did not match:
         - AllNestedConditions 1 matched 1 did not; NestedCondition on DefaultWebSecurityCondition.Beans @ConditionalOnMissingBean (types: org.springframework.security.web.SecurityFilterChain; SearchStrategy: all) found beans of type 'org.springframework.security.web.SecurityFilterChain' filterChain; NestedCondition on DefaultWebSecurityCondition.Classes @ConditionalOnClass found required classes 'org.springframework.security.web.SecurityFilterChain', 'org.springframework.security.config.annotation.web.builders.HttpSecurity' (DefaultWebSecurityCondition)

   SpringBootWebSecurityConfiguration.WebSecurityEnablerConfiguration:
      Did not match:
         - @ConditionalOnMissingBean (names: springSecurityFilterChain; SearchStrategy: all) found beans named springSecurityFilterChain (OnBeanCondition)
      Matched:
         - @ConditionalOnClass found required class 'org.springframework.security.config.annotation.web.configuration.EnableWebSecurity' (OnClassCondition)

   TaskExecutorConfigurations.SimpleAsyncTaskExecutorBuilderConfiguration#simpleAsyncTaskExecutorBuilderVirtualThreads:
      Did not match:
         - @ConditionalOnMissingBean (types: org.springframework.boot.task.SimpleAsyncTaskExecutorBuilder; SearchStrategy: all) found beans of type 'org.springframework.boot.task.SimpleAsyncTaskExecutorBuilder' simpleAsyncTaskExecutorBuilder (OnBeanCondition)

   TaskExecutorConfigurations.TaskExecutorConfiguration#applicationTaskExecutorVirtualThreads:
      Did not match:
         - @ConditionalOnThreading did not find VIRTUAL (OnThreadingCondition)

   TaskSchedulingAutoConfiguration#scheduledBeanLazyInitializationExcludeFilter:
      Did not match:
         - @ConditionalOnBean (names: org.springframework.context.annotation.internalScheduledAnnotationProcessor; SearchStrategy: all) did not find any beans named org.springframework.context.annotation.internalScheduledAnnotationProcessor (OnBeanCondition)

   TaskSchedulingConfigurations.SimpleAsyncTaskSchedulerBuilderConfiguration#simpleAsyncTaskSchedulerBuilderVirtualThreads:
      Did not match:
         - @ConditionalOnMissingBean (types: org.springframework.boot.task.SimpleAsyncTaskSchedulerBuilder; SearchStrategy: all) found beans of type 'org.springframework.boot.task.SimpleAsyncTaskSchedulerBuilder' simpleAsyncTaskSchedulerBuilder (OnBeanCondition)

   TaskSchedulingConfigurations.TaskSchedulerConfiguration:
      Did not match:
         - @ConditionalOnBean (names: org.springframework.context.annotation.internalScheduledAnnotationProcessor; SearchStrategy: all) did not find any beans named org.springframework.context.annotation.internalScheduledAnnotationProcessor (OnBeanCondition)

   ThymeleafAutoConfiguration:
      Did not match:
         - @ConditionalOnClass did not find required class 'org.thymeleaf.spring6.SpringTemplateEngine' (OnClassCondition)

   TransactionAutoConfiguration#transactionalOperator:
      Did not match:
         - @ConditionalOnSingleCandidate (types: org.springframework.transaction.ReactiveTransactionManager; SearchStrategy: all) did not find any beans (OnBeanCondition)

   TransactionAutoConfiguration.AspectJTransactionManagementConfiguration:
      Did not match:
         - @ConditionalOnBean (types: org.springframework.transaction.aspectj.AbstractTransactionAspect; SearchStrategy: all) did not find any beans of type org.springframework.transaction.aspectj.AbstractTransactionAspect (OnBeanCondition)

   TransactionAutoConfiguration.EnableTransactionManagementConfiguration.JdkDynamicAutoProxyConfiguration:
      Did not match:
         - @ConditionalOnProperty (spring.aop.proxy-target-class=false) did not find property 'proxy-target-class' (OnPropertyCondition)

   ValidationAutoConfiguration:
      Did not match:
         - @ConditionalOnResource did not find resource 'classpath:META-INF/services/jakarta.validation.spi.ValidationProvider' (OnResourceCondition)
      Matched:
         - @ConditionalOnClass found required class 'jakarta.validation.executable.ExecutableValidator' (OnClassCondition)

   WebClientAutoConfiguration:
      Did not match:
         - @ConditionalOnClass did not find required class 'org.springframework.web.reactive.function.client.WebClient' (OnClassCondition)

   WebFluxAutoConfiguration:
      Did not match:
         - @ConditionalOnClass did not find required class 'org.springframework.web.reactive.config.WebFluxConfigurer' (OnClassCondition)

   WebMvcAutoConfiguration#hiddenHttpMethodFilter:
      Did not match:
         - @ConditionalOnProperty (spring.mvc.hiddenmethod.filter.enabled) did not find property 'enabled' (OnPropertyCondition)

   WebMvcAutoConfiguration.ProblemDetailsErrorHandlingConfiguration:
      Did not match:
         - @ConditionalOnProperty (spring.mvc.problemdetails.enabled=true) did not find property 'enabled' (OnPropertyCondition)

   WebMvcAutoConfiguration.ResourceChainCustomizerConfiguration:
      Did not match:
         - @ConditionalOnEnabledResourceChain did not find class org.webjars.WebJarVersionLocator (OnEnabledResourceChainCondition)

   WebMvcAutoConfiguration.WebMvcAutoConfigurationAdapter#beanNameViewResolver:
      Did not match:
         - @ConditionalOnMissingBean (types: org.springframework.web.servlet.view.BeanNameViewResolver; SearchStrategy: all) found beans of type 'org.springframework.web.servlet.view.BeanNameViewResolver' beanNameViewResolver (OnBeanCondition)

   WebServiceTemplateAutoConfiguration:
      Did not match:
         - @ConditionalOnClass did not find required class 'org.springframework.oxm.Marshaller' (OnClassCondition)

   WebServicesAutoConfiguration:
      Did not match:
         - @ConditionalOnClass did not find required class 'org.springframework.ws.transport.http.MessageDispatcherServlet' (OnClassCondition)

   WebSessionIdResolverAutoConfiguration:
      Did not match:
         - @ConditionalOnClass did not find required class 'reactor.core.publisher.Mono' (OnClassCondition)

   WebSocketMessagingAutoConfiguration:
      Did not match:
         - @ConditionalOnClass did not find required class 'org.springframework.web.socket.config.annotation.WebSocketMessageBrokerConfigurer' (OnClassCondition)

   WebSocketReactiveAutoConfiguration:
      Did not match:
         - @ConditionalOnWebApplication did not find reactive web application classes (OnWebApplicationCondition)

   WebSocketServletAutoConfiguration.JettyWebSocketConfiguration:
      Did not match:
         - @ConditionalOnClass did not find required class 'org.eclipse.jetty.ee10.websocket.jakarta.server.config.JakartaWebSocketServletContainerInitializer' (OnClassCondition)

   WebSocketServletAutoConfiguration.UndertowWebSocketConfiguration:
      Did not match:
         - @ConditionalOnClass did not find required class 'io.undertow.websockets.jsr.Bootstrap' (OnClassCondition)

   XADataSourceAutoConfiguration:
      Did not match:
         - @ConditionalOnBean (types: org.springframework.boot.jdbc.XADataSourceWrapper; SearchStrategy: all) did not find any beans of type org.springframework.boot.jdbc.XADataSourceWrapper (OnBeanCondition)
      Matched:
         - @ConditionalOnClass found required classes 'javax.sql.DataSource', 'jakarta.transaction.TransactionManager', 'org.springframework.jdbc.datasource.embedded.EmbeddedDatabaseType' (OnClassCondition)


Exclusions:
-----------

    None


Unconditional classes:
----------------------

    org.springframework.boot.autoconfigure.context.ConfigurationPropertiesAutoConfiguration

    org.springframework.boot.autoconfigure.ssl.SslAutoConfiguration

    org.springframework.boot.autoconfigure.context.LifecycleAutoConfiguration

    org.springframework.boot.autoconfigure.context.PropertyPlaceholderAutoConfiguration

    org.springframework.boot.autoconfigure.availability.ApplicationAvailabilityAutoConfiguration

    org.springframework.boot.autoconfigure.info.ProjectInfoAutoConfiguration



2025-04-15T01:05:19.072+05:30  INFO 6708 --- [Booking] [main] com.example.Booking.BookingApplication   : Started BookingApplication in 11.458 seconds (process running for 13.303)
2025-04-15T01:05:19.076+05:30 DEBUG 6708 --- [Booking] [main] o.s.b.a.ApplicationAvailabilityBean      : Application availability state LivenessState changed to CORRECT
2025-04-15T01:05:19.080+05:30 DEBUG 6708 --- [Booking] [main] o.s.b.a.ApplicationAvailabilityBean      : Application availability state ReadinessState changed to ACCEPTING_TRAFFIC
2025-04-15T01:16:08.446+05:30  INFO 6708 --- [Booking] [http-nio-8082-exec-1] o.a.c.c.C.[Tomcat].[localhost].[/]       : Initializing Spring DispatcherServlet 'dispatcherServlet'
2025-04-15T01:16:08.447+05:30  INFO 6708 --- [Booking] [http-nio-8082-exec-1] o.s.web.servlet.DispatcherServlet        : Initializing Servlet 'dispatcherServlet'
2025-04-15T01:16:08.448+05:30 DEBUG 6708 --- [Booking] [http-nio-8082-exec-1] o.s.web.servlet.DispatcherServlet        : Detected StandardServletMultipartResolver
2025-04-15T01:16:08.448+05:30 DEBUG 6708 --- [Booking] [http-nio-8082-exec-1] o.s.web.servlet.DispatcherServlet        : Detected AcceptHeaderLocaleResolver
2025-04-15T01:16:08.448+05:30 DEBUG 6708 --- [Booking] [http-nio-8082-exec-1] o.s.web.servlet.DispatcherServlet        : Detected FixedThemeResolver
2025-04-15T01:16:08.452+05:30 DEBUG 6708 --- [Booking] [http-nio-8082-exec-1] o.s.web.servlet.DispatcherServlet        : Detected org.springframework.web.servlet.view.DefaultRequestToViewNameTranslator@6c2d124e
2025-04-15T01:16:08.453+05:30 DEBUG 6708 --- [Booking] [http-nio-8082-exec-1] o.s.web.servlet.DispatcherServlet        : Detected org.springframework.web.servlet.support.SessionFlashMapManager@3abd7b20
2025-04-15T01:16:08.453+05:30 DEBUG 6708 --- [Booking] [http-nio-8082-exec-1] o.s.web.servlet.DispatcherServlet        : enableLoggingRequestDetails='false': request parameters and headers will be masked to prevent unsafe logging of potentially sensitive data
2025-04-15T01:16:08.454+05:30  INFO 6708 --- [Booking] [http-nio-8082-exec-1] o.s.web.servlet.DispatcherServlet        : Completed initialization in 7 ms
2025-04-15T01:16:08.506+05:30 DEBUG 6708 --- [Booking] [http-nio-8082-exec-1] o.s.security.web.FilterChainProxy        : Securing PUT /users/add
2025-04-15T01:16:08.664+05:30 DEBUG 6708 --- [Booking] [http-nio-8082-exec-1] o.s.security.web.FilterChainProxy        : Secured PUT /users/add
2025-04-15T01:16:08.669+05:30 DEBUG 6708 --- [Booking] [http-nio-8082-exec-1] o.s.web.servlet.DispatcherServlet        : PUT "/users/add", parameters={}
2025-04-15T01:16:08.673+05:30 DEBUG 6708 --- [Booking] [http-nio-8082-exec-1] s.w.s.m.m.a.RequestMappingHandlerMapping : Mapped to com.example.Booking.controller.BookingController#add(BookingDTO)
2025-04-15T01:16:08.681+05:30 DEBUG 6708 --- [Booking] [http-nio-8082-exec-1] o.j.s.OpenEntityManagerInViewInterceptor : Opening JPA EntityManager in OpenEntityManagerInViewInterceptor
2025-04-15T01:16:08.813+05:30 DEBUG 6708 --- [Booking] [http-nio-8082-exec-1] m.m.a.RequestResponseBodyMethodProcessor : Read "application/json;charset=UTF-8" to [com.example.Booking.dto.BookingDTO@71eede2e]
2025-04-15T01:16:08.831+05:30 DEBUG 6708 --- [Booking] [http-nio-8082-exec-1] horizationManagerBeforeMethodInterceptor : Authorizing method invocation ReflectiveMethodInvocation: public org.springframework.http.ResponseEntity com.example.Booking.controller.BookingController.add(com.example.Booking.dto.BookingDTO); target is of class [com.example.Booking.controller.BookingController]
2025-04-15T01:16:08.912+05:30 DEBUG 6708 --- [Booking] [http-nio-8082-exec-1] horizationManagerBeforeMethodInterceptor : Authorized method invocation ReflectiveMethodInvocation: public org.springframework.http.ResponseEntity com.example.Booking.controller.BookingController.add(com.example.Booking.dto.BookingDTO); target is of class [com.example.Booking.controller.BookingController]
2025-04-15T01:16:08.956+05:30 DEBUG 6708 --- [Booking] [http-nio-8082-exec-1] o.s.web.client.RestTemplate              : HTTP GET http://localhost:8081/admin/flightnumber?number=AI101
2025-04-15T01:16:08.993+05:30 DEBUG 6708 --- [Booking] [http-nio-8082-exec-1] o.s.web.client.RestTemplate              : Accept=[application/json, application/*+json]
2025-04-15T01:16:09.760+05:30 DEBUG 6708 --- [Booking] [http-nio-8082-exec-1] o.s.web.client.RestTemplate              : Response 200 OK
2025-04-15T01:16:09.763+05:30 DEBUG 6708 --- [Booking] [http-nio-8082-exec-1] o.s.web.client.RestTemplate              : Reading to [com.example.Booking.dto.DTO]
2025-04-15T01:16:09.789+05:30 DEBUG 6708 --- [Booking] [http-nio-8082-exec-1] o.s.orm.jpa.JpaTransactionManager        : Found thread-bound EntityManager [SessionImpl(894929600<open>)] for JPA transaction
2025-04-15T01:16:09.790+05:30 DEBUG 6708 --- [Booking] [http-nio-8082-exec-1] o.s.orm.jpa.JpaTransactionManager        : Creating new transaction with name [org.springframework.data.jpa.repository.support.SimpleJpaRepository.save]: PROPAGATION_REQUIRED,ISOLATION_DEFAULT
2025-04-15T01:16:09.808+05:30 DEBUG 6708 --- [Booking] [http-nio-8082-exec-1] o.s.orm.jpa.JpaTransactionManager        : Exposing JPA transaction as JDBC [org.springframework.orm.jpa.vendor.HibernateJpaDialect$HibernateConnectionHandle@52f0af62]
2025-04-15T01:16:09.878+05:30 DEBUG 6708 --- [Booking] [http-nio-8082-exec-1] org.hibernate.SQL                        : insert into booking_table (age,first_name,flight_number,gender,last_name,seat_number) values (?,?,?,?,?,?)
2025-04-15T01:16:10.845+05:30  WARN 6708 --- [Booking] [http-nio-8082-exec-1] o.h.engine.jdbc.spi.SqlExceptionHelper   : SQL Error: 1062, SQLState: 23000
2025-04-15T01:16:10.846+05:30 ERROR 6708 --- [Booking] [http-nio-8082-exec-1] o.h.engine.jdbc.spi.SqlExceptionHelper   : Duplicate entry '0' for key 'booking_table.UK4h57ocd03i3pspxoe2b9i97a8'
2025-04-15T01:16:10.861+05:30 DEBUG 6708 --- [Booking] [http-nio-8082-exec-1] o.s.orm.jpa.JpaTransactionManager        : Initiating transaction rollback
2025-04-15T01:16:10.861+05:30 DEBUG 6708 --- [Booking] [http-nio-8082-exec-1] o.s.orm.jpa.JpaTransactionManager        : Rolling back JPA transaction on EntityManager [SessionImpl(894929600<open>)]
2025-04-15T01:16:10.870+05:30 DEBUG 6708 --- [Booking] [http-nio-8082-exec-1] o.s.orm.jpa.JpaTransactionManager        : Not closing pre-bound JPA EntityManager after transaction
2025-04-15T01:16:10.881+05:30 DEBUG 6708 --- [Booking] [http-nio-8082-exec-1] o.j.s.OpenEntityManagerInViewInterceptor : Closing JPA EntityManager in OpenEntityManagerInViewInterceptor
2025-04-15T01:16:10.881+05:30 DEBUG 6708 --- [Booking] [http-nio-8082-exec-1] o.s.web.servlet.DispatcherServlet        : Failed to complete request: org.springframework.dao.DataIntegrityViolationException: could not execute statement [Duplicate entry '0' for key 'booking_table.UK4h57ocd03i3pspxoe2b9i97a8'] [insert into booking_table (age,first_name,flight_number,gender,last_name,seat_number) values (?,?,?,?,?,?)]; SQL [insert into booking_table (age,first_name,flight_number,gender,last_name,seat_number) values (?,?,?,?,?,?)]; constraint [booking_table.UK4h57ocd03i3pspxoe2b9i97a8]
2025-04-15T01:16:10.885+05:30 ERROR 6708 --- [Booking] [http-nio-8082-exec-1] o.a.c.c.C.[.[.[/].[dispatcherServlet]    : Servlet.service() for servlet [dispatcherServlet] in context with path [] threw exception [Request processing failed: org.springframework.dao.DataIntegrityViolationException: could not execute statement [Duplicate entry '0' for key 'booking_table.UK4h57ocd03i3pspxoe2b9i97a8'] [insert into booking_table (age,first_name,flight_number,gender,last_name,seat_number) values (?,?,?,?,?,?)]; SQL [insert into booking_table (age,first_name,flight_number,gender,last_name,seat_number) values (?,?,?,?,?,?)]; constraint [booking_table.UK4h57ocd03i3pspxoe2b9i97a8]] with root cause

java.sql.SQLIntegrityConstraintViolationException: Duplicate entry '0' for key 'booking_table.UK4h57ocd03i3pspxoe2b9i97a8'
	at com.mysql.cj.jdbc.exceptions.SQLError.createSQLException(SQLError.java:109) ~[mysql-connector-j-9.1.0.jar:9.1.0]
	at com.mysql.cj.jdbc.exceptions.SQLExceptionsMapping.translateException(SQLExceptionsMapping.java:114) ~[mysql-connector-j-9.1.0.jar:9.1.0]
	at com.mysql.cj.jdbc.ClientPreparedStatement.executeInternal(ClientPreparedStatement.java:988) ~[mysql-connector-j-9.1.0.jar:9.1.0]
	at com.mysql.cj.jdbc.ClientPreparedStatement.executeUpdateInternal(ClientPreparedStatement.java:1166) ~[mysql-connector-j-9.1.0.jar:9.1.0]
	at com.mysql.cj.jdbc.ClientPreparedStatement.executeUpdateInternal(ClientPreparedStatement.java:1101) ~[mysql-connector-j-9.1.0.jar:9.1.0]
	at com.mysql.cj.jdbc.ClientPreparedStatement.executeLargeUpdate(ClientPreparedStatement.java:1467) ~[mysql-connector-j-9.1.0.jar:9.1.0]
	at com.mysql.cj.jdbc.ClientPreparedStatement.executeUpdate(ClientPreparedStatement.java:1084) ~[mysql-connector-j-9.1.0.jar:9.1.0]
	at com.zaxxer.hikari.pool.ProxyPreparedStatement.executeUpdate(ProxyPreparedStatement.java:61) ~[HikariCP-5.1.0.jar:na]
	at com.zaxxer.hikari.pool.HikariProxyPreparedStatement.executeUpdate(HikariProxyPreparedStatement.java) ~[HikariCP-5.1.0.jar:na]
	at org.hibernate.engine.jdbc.internal.ResultSetReturnImpl.executeUpdate(ResultSetReturnImpl.java:194) ~[hibernate-core-6.6.11.Final.jar:6.6.11.Final]
	at org.hibernate.id.insert.GetGeneratedKeysDelegate.performMutation(GetGeneratedKeysDelegate.java:116) ~[hibernate-core-6.6.11.Final.jar:6.6.11.Final]
	at org.hibernate.engine.jdbc.mutation.internal.MutationExecutorSingleNonBatched.performNonBatchedOperations(MutationExecutorSingleNonBatched.java:47) ~[hibernate-core-6.6.11.Final.jar:6.6.11.Final]
	at org.hibernate.engine.jdbc.mutation.internal.AbstractMutationExecutor.execute(AbstractMutationExecutor.java:55) ~[hibernate-core-6.6.11.Final.jar:6.6.11.Final]
	at org.hibernate.persister.entity.mutation.InsertCoordinatorStandard.doStaticInserts(InsertCoordinatorStandard.java:194) ~[hibernate-core-6.6.11.Final.jar:6.6.11.Final]
	at org.hibernate.persister.entity.mutation.InsertCoordinatorStandard.coordinateInsert(InsertCoordinatorStandard.java:132) ~[hibernate-core-6.6.11.Final.jar:6.6.11.Final]
	at org.hibernate.persister.entity.mutation.InsertCoordinatorStandard.insert(InsertCoordinatorStandard.java:95) ~[hibernate-core-6.6.11.Final.jar:6.6.11.Final]
	at org.hibernate.action.internal.EntityIdentityInsertAction.execute(EntityIdentityInsertAction.java:85) ~[hibernate-core-6.6.11.Final.jar:6.6.11.Final]
	at org.hibernate.engine.spi.ActionQueue.execute(ActionQueue.java:682) ~[hibernate-core-6.6.11.Final.jar:6.6.11.Final]
	at org.hibernate.engine.spi.ActionQueue.addResolvedEntityInsertAction(ActionQueue.java:293) ~[hibernate-core-6.6.11.Final.jar:6.6.11.Final]
	at org.hibernate.engine.spi.ActionQueue.addInsertAction(ActionQueue.java:274) ~[hibernate-core-6.6.11.Final.jar:6.6.11.Final]
	at org.hibernate.engine.spi.ActionQueue.addAction(ActionQueue.java:324) ~[hibernate-core-6.6.11.Final.jar:6.6.11.Final]
	at org.hibernate.event.internal.AbstractSaveEventListener.addInsertAction(AbstractSaveEventListener.java:393) ~[hibernate-core-6.6.11.Final.jar:6.6.11.Final]
	at org.hibernate.event.internal.AbstractSaveEventListener.performSaveOrReplicate(AbstractSaveEventListener.java:307) ~[hibernate-core-6.6.11.Final.jar:6.6.11.Final]
	at org.hibernate.event.internal.AbstractSaveEventListener.performSave(AbstractSaveEventListener.java:223) ~[hibernate-core-6.6.11.Final.jar:6.6.11.Final]
	at org.hibernate.event.internal.AbstractSaveEventListener.saveWithGeneratedId(AbstractSaveEventListener.java:136) ~[hibernate-core-6.6.11.Final.jar:6.6.11.Final]
	at org.hibernate.event.internal.DefaultPersistEventListener.entityIsTransient(DefaultPersistEventListener.java:177) ~[hibernate-core-6.6.11.Final.jar:6.6.11.Final]
	at org.hibernate.event.internal.DefaultPersistEventListener.persist(DefaultPersistEventListener.java:95) ~[hibernate-core-6.6.11.Final.jar:6.6.11.Final]
	at org.hibernate.event.internal.DefaultPersistEventListener.onPersist(DefaultPersistEventListener.java:79) ~[hibernate-core-6.6.11.Final.jar:6.6.11.Final]
	at org.hibernate.event.internal.DefaultPersistEventListener.onPersist(DefaultPersistEventListener.java:55) ~[hibernate-core-6.6.11.Final.jar:6.6.11.Final]
	at org.hibernate.event.service.internal.EventListenerGroupImpl.fireEventOnEachListener(EventListenerGroupImpl.java:127) ~[hibernate-core-6.6.11.Final.jar:6.6.11.Final]
	at org.hibernate.internal.SessionImpl.firePersist(SessionImpl.java:761) ~[hibernate-core-6.6.11.Final.jar:6.6.11.Final]
	at org.hibernate.internal.SessionImpl.persist(SessionImpl.java:745) ~[hibernate-core-6.6.11.Final.jar:6.6.11.Final]
	at java.base/jdk.internal.reflect.DirectMethodHandleAccessor.invoke(DirectMethodHandleAccessor.java:103) ~[na:na]
	at java.base/java.lang.reflect.Method.invoke(Method.java:580) ~[na:na]
	at org.springframework.orm.jpa.ExtendedEntityManagerCreator$ExtendedEntityManagerInvocationHandler.invoke(ExtendedEntityManagerCreator.java:364) ~[spring-orm-6.2.5.jar:6.2.5]
	at jdk.proxy2/jdk.proxy2.$Proxy115.persist(Unknown Source) ~[na:na]
	at java.base/jdk.internal.reflect.DirectMethodHandleAccessor.invoke(DirectMethodHandleAccessor.java:103) ~[na:na]
	at java.base/java.lang.reflect.Method.invoke(Method.java:580) ~[na:na]
	at org.springframework.orm.jpa.SharedEntityManagerCreator$SharedEntityManagerInvocationHandler.invoke(SharedEntityManagerCreator.java:320) ~[spring-orm-6.2.5.jar:6.2.5]
	at jdk.proxy2/jdk.proxy2.$Proxy115.persist(Unknown Source) ~[na:na]
	at org.springframework.data.jpa.repository.support.SimpleJpaRepository.save(SimpleJpaRepository.java:636) ~[spring-data-jpa-3.4.4.jar:3.4.4]
	at java.base/jdk.internal.reflect.DirectMethodHandleAccessor.invoke(DirectMethodHandleAccessor.java:103) ~[na:na]
	at java.base/java.lang.reflect.Method.invoke(Method.java:580) ~[na:na]
	at org.springframework.aop.support.AopUtils.invokeJoinpointUsingReflection(AopUtils.java:359) ~[spring-aop-6.2.5.jar:6.2.5]
	at org.springframework.data.repository.core.support.RepositoryMethodInvoker$RepositoryFragmentMethodInvoker.lambda$new$0(RepositoryMethodInvoker.java:277) ~[spring-data-commons-3.4.4.jar:3.4.4]
	at org.springframework.data.repository.core.support.RepositoryMethodInvoker.doInvoke(RepositoryMethodInvoker.java:170) ~[spring-data-commons-3.4.4.jar:3.4.4]
	at org.springframework.data.repository.core.support.RepositoryMethodInvoker.invoke(RepositoryMethodInvoker.java:158) ~[spring-data-commons-3.4.4.jar:3.4.4]
	at org.springframework.data.repository.core.support.RepositoryComposition$RepositoryFragments.invoke(RepositoryComposition.java:515) ~[spring-data-commons-3.4.4.jar:3.4.4]
	at org.springframework.data.repository.core.support.RepositoryComposition.invoke(RepositoryComposition.java:284) ~[spring-data-commons-3.4.4.jar:3.4.4]
	at org.springframework.data.repository.core.support.RepositoryFactorySupport$ImplementationMethodExecutionInterceptor.invoke(RepositoryFactorySupport.java:731) ~[spring-data-commons-3.4.4.jar:3.4.4]
	at org.springframework.aop.framework.ReflectiveMethodInvocation.proceed(ReflectiveMethodInvocation.java:184) ~[spring-aop-6.2.5.jar:6.2.5]
	at org.springframework.data.repository.core.support.QueryExecutorMethodInterceptor.doInvoke(QueryExecutorMethodInterceptor.java:174) ~[spring-data-commons-3.4.4.jar:3.4.4]
	at org.springframework.data.repository.core.support.QueryExecutorMethodInterceptor.invoke(QueryExecutorMethodInterceptor.java:149) ~[spring-data-commons-3.4.4.jar:3.4.4]
	at org.springframework.aop.framework.ReflectiveMethodInvocation.proceed(ReflectiveMethodInvocation.java:184) ~[spring-aop-6.2.5.jar:6.2.5]
	at org.springframework.data.projection.DefaultMethodInvokingMethodInterceptor.invoke(DefaultMethodInvokingMethodInterceptor.java:69) ~[spring-data-commons-3.4.4.jar:3.4.4]
	at org.springframework.aop.framework.ReflectiveMethodInvocation.proceed(ReflectiveMethodInvocation.java:184) ~[spring-aop-6.2.5.jar:6.2.5]
	at org.springframework.transaction.interceptor.TransactionAspectSupport.invokeWithinTransaction(TransactionAspectSupport.java:380) ~[spring-tx-6.2.5.jar:6.2.5]
	at org.springframework.transaction.interceptor.TransactionInterceptor.invoke(TransactionInterceptor.java:119) ~[spring-tx-6.2.5.jar:6.2.5]
	at org.springframework.aop.framework.ReflectiveMethodInvocation.proceed(ReflectiveMethodInvocation.java:184) ~[spring-aop-6.2.5.jar:6.2.5]
	at org.springframework.dao.support.PersistenceExceptionTranslationInterceptor.invoke(PersistenceExceptionTranslationInterceptor.java:138) ~[spring-tx-6.2.5.jar:6.2.5]
	at org.springframework.aop.framework.ReflectiveMethodInvocation.proceed(ReflectiveMethodInvocation.java:184) ~[spring-aop-6.2.5.jar:6.2.5]
	at org.springframework.data.jpa.repository.support.CrudMethodMetadataPostProcessor$CrudMethodMetadataPopulatingMethodInterceptor.invoke(CrudMethodMetadataPostProcessor.java:165) ~[spring-data-jpa-3.4.4.jar:3.4.4]
	at org.springframework.aop.framework.ReflectiveMethodInvocation.proceed(ReflectiveMethodInvocation.java:184) ~[spring-aop-6.2.5.jar:6.2.5]
	at org.springframework.aop.framework.JdkDynamicAopProxy.invoke(JdkDynamicAopProxy.java:223) ~[spring-aop-6.2.5.jar:6.2.5]
	at jdk.proxy2/jdk.proxy2.$Proxy120.save(Unknown Source) ~[na:na]
	at com.example.Booking.service.BookingService.add(BookingService.java:54) ~[classes/:na]
	at com.example.Booking.controller.BookingController.add(BookingController.java:22) ~[classes/:na]
	at java.base/jdk.internal.reflect.DirectMethodHandleAccessor.invoke(DirectMethodHandleAccessor.java:103) ~[na:na]
	at java.base/java.lang.reflect.Method.invoke(Method.java:580) ~[na:na]
	at org.springframework.aop.support.AopUtils.invokeJoinpointUsingReflection(AopUtils.java:359) ~[spring-aop-6.2.5.jar:6.2.5]
	at org.springframework.aop.framework.ReflectiveMethodInvocation.invokeJoinpoint(ReflectiveMethodInvocation.java:196) ~[spring-aop-6.2.5.jar:6.2.5]
	at org.springframework.aop.framework.ReflectiveMethodInvocation.proceed(ReflectiveMethodInvocation.java:163) ~[spring-aop-6.2.5.jar:6.2.5]
	at org.springframework.security.authorization.method.AuthorizationManagerBeforeMethodInterceptor.proceed(AuthorizationManagerBeforeMethodInterceptor.java:268) ~[spring-security-core-6.4.4.jar:6.4.4]
	at org.springframework.security.authorization.method.AuthorizationManagerBeforeMethodInterceptor.attemptAuthorization(AuthorizationManagerBeforeMethodInterceptor.java:263) ~[spring-security-core-6.4.4.jar:6.4.4]
	at org.springframework.security.authorization.method.AuthorizationManagerBeforeMethodInterceptor.invoke(AuthorizationManagerBeforeMethodInterceptor.java:196) ~[spring-security-core-6.4.4.jar:6.4.4]
	at org.springframework.security.config.annotation.method.configuration.DeferringMethodInterceptor.invoke(DeferringMethodInterceptor.java:44) ~[spring-security-config-6.4.4.jar:6.4.4]
	at org.springframework.aop.framework.ReflectiveMethodInvocation.proceed(ReflectiveMethodInvocation.java:184) ~[spring-aop-6.2.5.jar:6.2.5]
	at org.springframework.aop.framework.CglibAopProxy$DynamicAdvisedInterceptor.intercept(CglibAopProxy.java:727) ~[spring-aop-6.2.5.jar:6.2.5]
	at com.example.Booking.controller.BookingController$$SpringCGLIB$$0.add(<generated>) ~[classes/:na]
	at java.base/jdk.internal.reflect.DirectMethodHandleAccessor.invoke(DirectMethodHandleAccessor.java:103) ~[na:na]
	at java.base/java.lang.reflect.Method.invoke(Method.java:580) ~[na:na]
	at org.springframework.web.method.support.InvocableHandlerMethod.doInvoke(InvocableHandlerMethod.java:258) ~[spring-web-6.2.5.jar:6.2.5]
	at org.springframework.web.method.support.InvocableHandlerMethod.invokeForRequest(InvocableHandlerMethod.java:191) ~[spring-web-6.2.5.jar:6.2.5]
	at org.springframework.web.servlet.mvc.method.annotation.ServletInvocableHandlerMethod.invokeAndHandle(ServletInvocableHandlerMethod.java:118) ~[spring-webmvc-6.2.5.jar:6.2.5]
	at org.springframework.web.servlet.mvc.method.annotation.RequestMappingHandlerAdapter.invokeHandlerMethod(RequestMappingHandlerAdapter.java:986) ~[spring-webmvc-6.2.5.jar:6.2.5]
	at org.springframework.web.servlet.mvc.method.annotation.RequestMappingHandlerAdapter.handleInternal(RequestMappingHandlerAdapter.java:891) ~[spring-webmvc-6.2.5.jar:6.2.5]
	at org.springframework.web.servlet.mvc.method.AbstractHandlerMethodAdapter.handle(AbstractHandlerMethodAdapter.java:87) ~[spring-webmvc-6.2.5.jar:6.2.5]
	at org.springframework.web.servlet.DispatcherServlet.doDispatch(DispatcherServlet.java:1089) ~[spring-webmvc-6.2.5.jar:6.2.5]
	at org.springframework.web.servlet.DispatcherServlet.doService(DispatcherServlet.java:979) ~[spring-webmvc-6.2.5.jar:6.2.5]
	at org.springframework.web.servlet.FrameworkServlet.processRequest(FrameworkServlet.java:1014) ~[spring-webmvc-6.2.5.jar:6.2.5]
	at org.springframework.web.servlet.FrameworkServlet.doPut(FrameworkServlet.java:925) ~[spring-webmvc-6.2.5.jar:6.2.5]
	at jakarta.servlet.http.HttpServlet.service(HttpServlet.java:593) ~[tomcat-embed-core-10.1.39.jar:6.0]
	at org.springframework.web.servlet.FrameworkServlet.service(FrameworkServlet.java:885) ~[spring-webmvc-6.2.5.jar:6.2.5]
	at jakarta.servlet.http.HttpServlet.service(HttpServlet.java:658) ~[tomcat-embed-core-10.1.39.jar:6.0]
	at org.apache.catalina.core.ApplicationFilterChain.internalDoFilter(ApplicationFilterChain.java:195) ~[tomcat-embed-core-10.1.39.jar:10.1.39]
	at org.apache.catalina.core.ApplicationFilterChain.doFilter(ApplicationFilterChain.java:140) ~[tomcat-embed-core-10.1.39.jar:10.1.39]
	at org.apache.tomcat.websocket.server.WsFilter.doFilter(WsFilter.java:51) ~[tomcat-embed-websocket-10.1.39.jar:10.1.39]
	at org.apache.catalina.core.ApplicationFilterChain.internalDoFilter(ApplicationFilterChain.java:164) ~[tomcat-embed-core-10.1.39.jar:10.1.39]
	at org.apache.catalina.core.ApplicationFilterChain.doFilter(ApplicationFilterChain.java:140) ~[tomcat-embed-core-10.1.39.jar:10.1.39]
	at org.springframework.web.filter.OncePerRequestFilter.doFilter(OncePerRequestFilter.java:110) ~[spring-web-6.2.5.jar:6.2.5]
	at org.apache.catalina.core.ApplicationFilterChain.internalDoFilter(ApplicationFilterChain.java:164) ~[tomcat-embed-core-10.1.39.jar:10.1.39]
	at org.apache.catalina.core.ApplicationFilterChain.doFilter(ApplicationFilterChain.java:140) ~[tomcat-embed-core-10.1.39.jar:10.1.39]
	at org.springframework.web.filter.CompositeFilter$VirtualFilterChain.doFilter(CompositeFilter.java:108) ~[spring-web-6.2.5.jar:6.2.5]
	at org.springframework.security.web.FilterChainProxy.lambda$doFilterInternal$3(FilterChainProxy.java:231) ~[spring-security-web-6.4.4.jar:6.4.4]
	at org.springframework.security.web.FilterChainProxy$VirtualFilterChain.doFilter(FilterChainProxy.java:365) ~[spring-security-web-6.4.4.jar:6.4.4]
	at org.springframework.security.web.access.intercept.AuthorizationFilter.doFilter(AuthorizationFilter.java:101) ~[spring-security-web-6.4.4.jar:6.4.4]
	at org.springframework.security.web.FilterChainProxy$VirtualFilterChain.doFilter(FilterChainProxy.java:374) ~[spring-security-web-6.4.4.jar:6.4.4]
	at org.springframework.security.web.access.ExceptionTranslationFilter.doFilter(ExceptionTranslationFilter.java:126) ~[spring-security-web-6.4.4.jar:6.4.4]
	at org.springframework.security.web.access.ExceptionTranslationFilter.doFilter(ExceptionTranslationFilter.java:120) ~[spring-security-web-6.4.4.jar:6.4.4]
	at org.springframework.security.web.FilterChainProxy$VirtualFilterChain.doFilter(FilterChainProxy.java:374) ~[spring-security-web-6.4.4.jar:6.4.4]
	at org.springframework.security.web.authentication.AnonymousAuthenticationFilter.doFilter(AnonymousAuthenticationFilter.java:100) ~[spring-security-web-6.4.4.jar:6.4.4]
	at org.springframework.security.web.FilterChainProxy$VirtualFilterChain.doFilter(FilterChainProxy.java:374) ~[spring-security-web-6.4.4.jar:6.4.4]
	at org.springframework.security.web.servletapi.SecurityContextHolderAwareRequestFilter.doFilter(SecurityContextHolderAwareRequestFilter.java:179) ~[spring-security-web-6.4.4.jar:6.4.4]
	at org.springframework.security.web.FilterChainProxy$VirtualFilterChain.doFilter(FilterChainProxy.java:374) ~[spring-security-web-6.4.4.jar:6.4.4]
	at org.springframework.security.web.savedrequest.RequestCacheAwareFilter.doFilter(RequestCacheAwareFilter.java:63) ~[spring-security-web-6.4.4.jar:6.4.4]
	at org.springframework.security.web.FilterChainProxy$VirtualFilterChain.doFilter(FilterChainProxy.java:374) ~[spring-security-web-6.4.4.jar:6.4.4]
	at com.example.Booking.configuration.JwtFilter.doFilterInternal(JwtFilter.java:81) ~[classes/:na]
	at org.springframework.web.filter.OncePerRequestFilter.doFilter(OncePerRequestFilter.java:116) ~[spring-web-6.2.5.jar:6.2.5]
	at org.springframework.security.web.FilterChainProxy$VirtualFilterChain.doFilter(FilterChainProxy.java:374) ~[spring-security-web-6.4.4.jar:6.4.4]
	at org.springframework.security.web.authentication.logout.LogoutFilter.doFilter(LogoutFilter.java:107) ~[spring-security-web-6.4.4.jar:6.4.4]
	at org.springframework.security.web.authentication.logout.LogoutFilter.doFilter(LogoutFilter.java:93) ~[spring-security-web-6.4.4.jar:6.4.4]
	at org.springframework.security.web.FilterChainProxy$VirtualFilterChain.doFilter(FilterChainProxy.java:374) ~[spring-security-web-6.4.4.jar:6.4.4]
	at org.springframework.security.web.header.HeaderWriterFilter.doHeadersAfter(HeaderWriterFilter.java:90) ~[spring-security-web-6.4.4.jar:6.4.4]
	at org.springframework.security.web.header.HeaderWriterFilter.doFilterInternal(HeaderWriterFilter.java:75) ~[spring-security-web-6.4.4.jar:6.4.4]
	at org.springframework.web.filter.OncePerRequestFilter.doFilter(OncePerRequestFilter.java:116) ~[spring-web-6.2.5.jar:6.2.5]
	at org.springframework.security.web.FilterChainProxy$VirtualFilterChain.doFilter(FilterChainProxy.java:374) ~[spring-security-web-6.4.4.jar:6.4.4]
	at org.springframework.security.web.context.SecurityContextHolderFilter.doFilter(SecurityContextHolderFilter.java:82) ~[spring-security-web-6.4.4.jar:6.4.4]
	at org.springframework.security.web.context.SecurityContextHolderFilter.doFilter(SecurityContextHolderFilter.java:69) ~[spring-security-web-6.4.4.jar:6.4.4]
	at org.springframework.security.web.FilterChainProxy$VirtualFilterChain.doFilter(FilterChainProxy.java:374) ~[spring-security-web-6.4.4.jar:6.4.4]
	at org.springframework.security.web.context.request.async.WebAsyncManagerIntegrationFilter.doFilterInternal(WebAsyncManagerIntegrationFilter.java:62) ~[spring-security-web-6.4.4.jar:6.4.4]
	at org.springframework.web.filter.OncePerRequestFilter.doFilter(OncePerRequestFilter.java:116) ~[spring-web-6.2.5.jar:6.2.5]
	at org.springframework.security.web.FilterChainProxy$VirtualFilterChain.doFilter(FilterChainProxy.java:374) ~[spring-security-web-6.4.4.jar:6.4.4]
	at org.springframework.security.web.session.DisableEncodeUrlFilter.doFilterInternal(DisableEncodeUrlFilter.java:42) ~[spring-security-web-6.4.4.jar:6.4.4]
	at org.springframework.web.filter.OncePerRequestFilter.doFilter(OncePerRequestFilter.java:116) ~[spring-web-6.2.5.jar:6.2.5]
	at org.springframework.security.web.FilterChainProxy$VirtualFilterChain.doFilter(FilterChainProxy.java:374) ~[spring-security-web-6.4.4.jar:6.4.4]
	at org.springframework.security.web.FilterChainProxy.doFilterInternal(FilterChainProxy.java:233) ~[spring-security-web-6.4.4.jar:6.4.4]
	at org.springframework.security.web.FilterChainProxy.doFilter(FilterChainProxy.java:191) ~[spring-security-web-6.4.4.jar:6.4.4]
	at org.springframework.web.filter.CompositeFilter$VirtualFilterChain.doFilter(CompositeFilter.java:113) ~[spring-web-6.2.5.jar:6.2.5]
	at org.springframework.web.servlet.handler.HandlerMappingIntrospector.lambda$createCacheFilter$3(HandlerMappingIntrospector.java:243) ~[spring-webmvc-6.2.5.jar:6.2.5]
	at org.springframework.web.filter.CompositeFilter$VirtualFilterChain.doFilter(CompositeFilter.java:113) ~[spring-web-6.2.5.jar:6.2.5]
	at org.springframework.web.filter.CompositeFilter.doFilter(CompositeFilter.java:74) ~[spring-web-6.2.5.jar:6.2.5]
	at org.springframework.security.config.annotation.web.configuration.WebMvcSecurityConfiguration$CompositeFilterChainProxy.doFilter(WebMvcSecurityConfiguration.java:238) ~[spring-security-config-6.4.4.jar:6.4.4]
	at org.springframework.web.filter.DelegatingFilterProxy.invokeDelegate(DelegatingFilterProxy.java:362) ~[spring-web-6.2.5.jar:6.2.5]
	at org.springframework.web.filter.DelegatingFilterProxy.doFilter(DelegatingFilterProxy.java:278) ~[spring-web-6.2.5.jar:6.2.5]
	at org.apache.catalina.core.ApplicationFilterChain.internalDoFilter(ApplicationFilterChain.java:164) ~[tomcat-embed-core-10.1.39.jar:10.1.39]
	at org.apache.catalina.core.ApplicationFilterChain.doFilter(ApplicationFilterChain.java:140) ~[tomcat-embed-core-10.1.39.jar:10.1.39]
	at org.springframework.web.filter.RequestContextFilter.doFilterInternal(RequestContextFilter.java:100) ~[spring-web-6.2.5.jar:6.2.5]
	at org.springframework.web.filter.OncePerRequestFilter.doFilter(OncePerRequestFilter.java:116) ~[spring-web-6.2.5.jar:6.2.5]
	at org.apache.catalina.core.ApplicationFilterChain.internalDoFilter(ApplicationFilterChain.java:164) ~[tomcat-embed-core-10.1.39.jar:10.1.39]
	at org.apache.catalina.core.ApplicationFilterChain.doFilter(ApplicationFilterChain.java:140) ~[tomcat-embed-core-10.1.39.jar:10.1.39]
	at org.springframework.web.filter.FormContentFilter.doFilterInternal(FormContentFilter.java:93) ~[spring-web-6.2.5.jar:6.2.5]
	at org.springframework.web.filter.OncePerRequestFilter.doFilter(OncePerRequestFilter.java:116) ~[spring-web-6.2.5.jar:6.2.5]
	at org.apache.catalina.core.ApplicationFilterChain.internalDoFilter(ApplicationFilterChain.java:164) ~[tomcat-embed-core-10.1.39.jar:10.1.39]
	at org.apache.catalina.core.ApplicationFilterChain.doFilter(ApplicationFilterChain.java:140) ~[tomcat-embed-core-10.1.39.jar:10.1.39]
	at org.springframework.web.filter.CharacterEncodingFilter.doFilterInternal(CharacterEncodingFilter.java:201) ~[spring-web-6.2.5.jar:6.2.5]
	at org.springframework.web.filter.OncePerRequestFilter.doFilter(OncePerRequestFilter.java:116) ~[spring-web-6.2.5.jar:6.2.5]
	at org.apache.catalina.core.ApplicationFilterChain.internalDoFilter(ApplicationFilterChain.java:164) ~[tomcat-embed-core-10.1.39.jar:10.1.39]
	at org.apache.catalina.core.ApplicationFilterChain.doFilter(ApplicationFilterChain.java:140) ~[tomcat-embed-core-10.1.39.jar:10.1.39]
	at org.apache.catalina.core.StandardWrapperValve.invoke(StandardWrapperValve.java:167) ~[tomcat-embed-core-10.1.39.jar:10.1.39]
	at org.apache.catalina.core.StandardContextValve.invoke(StandardContextValve.java:90) ~[tomcat-embed-core-10.1.39.jar:10.1.39]
	at org.apache.catalina.authenticator.AuthenticatorBase.invoke(AuthenticatorBase.java:483) ~[tomcat-embed-core-10.1.39.jar:10.1.39]
	at org.apache.catalina.core.StandardHostValve.invoke(StandardHostValve.java:115) ~[tomcat-embed-core-10.1.39.jar:10.1.39]
	at org.apache.catalina.valves.ErrorReportValve.invoke(ErrorReportValve.java:93) ~[tomcat-embed-core-10.1.39.jar:10.1.39]
	at org.apache.catalina.core.StandardEngineValve.invoke(StandardEngineValve.java:74) ~[tomcat-embed-core-10.1.39.jar:10.1.39]
	at org.apache.catalina.connector.CoyoteAdapter.service(CoyoteAdapter.java:344) ~[tomcat-embed-core-10.1.39.jar:10.1.39]
	at org.apache.coyote.http11.Http11Processor.service(Http11Processor.java:397) ~[tomcat-embed-core-10.1.39.jar:10.1.39]
	at org.apache.coyote.AbstractProcessorLight.process(AbstractProcessorLight.java:63) ~[tomcat-embed-core-10.1.39.jar:10.1.39]
	at org.apache.coyote.AbstractProtocol$ConnectionHandler.process(AbstractProtocol.java:905) ~[tomcat-embed-core-10.1.39.jar:10.1.39]
	at org.apache.tomcat.util.net.NioEndpoint$SocketProcessor.doRun(NioEndpoint.java:1743) ~[tomcat-embed-core-10.1.39.jar:10.1.39]
	at org.apache.tomcat.util.net.SocketProcessorBase.run(SocketProcessorBase.java:52) ~[tomcat-embed-core-10.1.39.jar:10.1.39]
	at org.apache.tomcat.util.threads.ThreadPoolExecutor.runWorker(ThreadPoolExecutor.java:1190) ~[tomcat-embed-core-10.1.39.jar:10.1.39]
	at org.apache.tomcat.util.threads.ThreadPoolExecutor$Worker.run(ThreadPoolExecutor.java:659) ~[tomcat-embed-core-10.1.39.jar:10.1.39]
	at org.apache.tomcat.util.threads.TaskThread$WrappingRunnable.run(TaskThread.java:63) ~[tomcat-embed-core-10.1.39.jar:10.1.39]
	at java.base/java.lang.Thread.run(Thread.java:1575) ~[na:na]

2025-04-15T01:16:10.910+05:30 DEBUG 6708 --- [Booking] [http-nio-8082-exec-1] o.s.security.web.FilterChainProxy        : Securing PUT /error
2025-04-15T01:16:10.911+05:30 DEBUG 6708 --- [Booking] [http-nio-8082-exec-1] o.s.security.web.FilterChainProxy        : Secured PUT /error
2025-04-15T01:16:10.912+05:30 DEBUG 6708 --- [Booking] [http-nio-8082-exec-1] o.s.web.servlet.DispatcherServlet        : "ERROR" dispatch for PUT "/error", parameters={}
2025-04-15T01:16:10.913+05:30 DEBUG 6708 --- [Booking] [http-nio-8082-exec-1] s.w.s.m.m.a.RequestMappingHandlerMapping : Mapped to org.springframework.boot.autoconfigure.web.servlet.error.BasicErrorController#error(HttpServletRequest)
2025-04-15T01:16:10.913+05:30 DEBUG 6708 --- [Booking] [http-nio-8082-exec-1] o.j.s.OpenEntityManagerInViewInterceptor : Opening JPA EntityManager in OpenEntityManagerInViewInterceptor
2025-04-15T01:16:10.945+05:30 DEBUG 6708 --- [Booking] [http-nio-8082-exec-1] o.s.w.s.m.m.a.HttpEntityMethodProcessor  : Using 'application/json', given [*/*] and supported [application/json, application/*+json]
2025-04-15T01:16:10.949+05:30 DEBUG 6708 --- [Booking] [http-nio-8082-exec-1] o.s.w.s.m.m.a.HttpEntityMethodProcessor  : Writing [{timestamp=Tue Apr 15 01:16:10 IST 2025, status=500, error=Internal Server Error, path=/users/add}]
2025-04-15T01:16:10.987+05:30 DEBUG 6708 --- [Booking] [http-nio-8082-exec-1] o.j.s.OpenEntityManagerInViewInterceptor : Closing JPA EntityManager in OpenEntityManagerInViewInterceptor
2025-04-15T01:16:10.991+05:30 DEBUG 6708 --- [Booking] [http-nio-8082-exec-1] o.s.web.servlet.DispatcherServlet        : Exiting from "ERROR" dispatch, status 500
2025-04-15T01:16:10.991+05:30 DEBUG 6708 --- [Booking] [http-nio-8082-exec-1] o.s.s.w.a.AnonymousAuthenticationFilter  : Set SecurityContextHolder to anonymous SecurityContext
2025-04-15T01:19:40.771+05:30 DEBUG 6708 --- [Booking] [http-nio-8082-exec-2] o.s.security.web.FilterChainProxy        : Securing PUT /users/add
2025-04-15T01:19:40.778+05:30 DEBUG 6708 --- [Booking] [http-nio-8082-exec-2] o.s.security.web.FilterChainProxy        : Secured PUT /users/add
2025-04-15T01:19:40.779+05:30 DEBUG 6708 --- [Booking] [http-nio-8082-exec-2] o.s.web.servlet.DispatcherServlet        : PUT "/users/add", parameters={}
2025-04-15T01:19:40.779+05:30 DEBUG 6708 --- [Booking] [http-nio-8082-exec-2] s.w.s.m.m.a.RequestMappingHandlerMapping : Mapped to com.example.Booking.controller.BookingController#add(BookingDTO)
2025-04-15T01:19:40.781+05:30 DEBUG 6708 --- [Booking] [http-nio-8082-exec-2] o.j.s.OpenEntityManagerInViewInterceptor : Opening JPA EntityManager in OpenEntityManagerInViewInterceptor
2025-04-15T01:19:40.784+05:30 DEBUG 6708 --- [Booking] [http-nio-8082-exec-2] m.m.a.RequestResponseBodyMethodProcessor : Read "application/json;charset=UTF-8" to [com.example.Booking.dto.BookingDTO@66ccbb3]
2025-04-15T01:19:40.784+05:30 DEBUG 6708 --- [Booking] [http-nio-8082-exec-2] horizationManagerBeforeMethodInterceptor : Authorizing method invocation ReflectiveMethodInvocation: public org.springframework.http.ResponseEntity com.example.Booking.controller.BookingController.add(com.example.Booking.dto.BookingDTO); target is of class [com.example.Booking.controller.BookingController]
2025-04-15T01:19:40.785+05:30 DEBUG 6708 --- [Booking] [http-nio-8082-exec-2] horizationManagerBeforeMethodInterceptor : Authorized method invocation ReflectiveMethodInvocation: public org.springframework.http.ResponseEntity com.example.Booking.controller.BookingController.add(com.example.Booking.dto.BookingDTO); target is of class [com.example.Booking.controller.BookingController]
2025-04-15T01:19:40.786+05:30 DEBUG 6708 --- [Booking] [http-nio-8082-exec-2] o.s.web.client.RestTemplate              : HTTP GET http://localhost:8081/admin/flightnumber?number=AI101
2025-04-15T01:19:40.787+05:30 DEBUG 6708 --- [Booking] [http-nio-8082-exec-2] o.s.web.client.RestTemplate              : Accept=[application/json, application/*+json]
2025-04-15T01:19:40.813+05:30 DEBUG 6708 --- [Booking] [http-nio-8082-exec-2] o.s.web.client.RestTemplate              : Response 200 OK
2025-04-15T01:19:40.814+05:30 DEBUG 6708 --- [Booking] [http-nio-8082-exec-2] o.s.web.client.RestTemplate              : Reading to [com.example.Booking.dto.DTO]
2025-04-15T01:19:40.816+05:30 DEBUG 6708 --- [Booking] [http-nio-8082-exec-2] o.s.orm.jpa.JpaTransactionManager        : Found thread-bound EntityManager [SessionImpl(557268407<open>)] for JPA transaction
2025-04-15T01:19:40.816+05:30 DEBUG 6708 --- [Booking] [http-nio-8082-exec-2] o.s.orm.jpa.JpaTransactionManager        : Creating new transaction with name [org.springframework.data.jpa.repository.support.SimpleJpaRepository.save]: PROPAGATION_REQUIRED,ISOLATION_DEFAULT
2025-04-15T01:19:40.819+05:30 DEBUG 6708 --- [Booking] [http-nio-8082-exec-2] o.s.orm.jpa.JpaTransactionManager        : Exposing JPA transaction as JDBC [org.springframework.orm.jpa.vendor.HibernateJpaDialect$HibernateConnectionHandle@1594956f]
2025-04-15T01:19:40.820+05:30 DEBUG 6708 --- [Booking] [http-nio-8082-exec-2] org.hibernate.SQL                        : insert into booking_table (age,first_name,flight_number,gender,last_name,seat_number) values (?,?,?,?,?,?)
2025-04-15T01:19:40.896+05:30 DEBUG 6708 --- [Booking] [http-nio-8082-exec-2] o.s.orm.jpa.JpaTransactionManager        : Initiating transaction commit
2025-04-15T01:19:40.896+05:30 DEBUG 6708 --- [Booking] [http-nio-8082-exec-2] o.s.orm.jpa.JpaTransactionManager        : Committing JPA transaction on EntityManager [SessionImpl(557268407<open>)]
2025-04-15T01:19:40.919+05:30 DEBUG 6708 --- [Booking] [http-nio-8082-exec-2] o.s.orm.jpa.JpaTransactionManager        : Not closing pre-bound JPA EntityManager after transaction
2025-04-15T01:19:40.946+05:30  INFO 6708 --- [Booking] [http-nio-8082-exec-2] o.s.a.r.c.CachingConnectionFactory       : Attempting to connect to: localhost:5672
2025-04-15T01:19:41.050+05:30  INFO 6708 --- [Booking] [http-nio-8082-exec-2] o.s.a.r.c.CachingConnectionFactory       : Created new connection: connectionFactory#6dc5e857:0/SimpleConnection@6a73237 [delegate=amqp://guest@127.0.0.1:5672/, localPort=53545]
2025-04-15T01:19:41.060+05:30 DEBUG 6708 --- [Booking] [http-nio-8082-exec-2] o.s.retry.support.RetryTemplate          : Retry: count=0
2025-04-15T01:19:41.061+05:30 DEBUG 6708 --- [Booking] [http-nio-8082-exec-2] o.s.amqp.rabbit.core.RabbitAdmin         : Initializing declarations
2025-04-15T01:19:41.087+05:30 DEBUG 6708 --- [Booking] [http-nio-8082-exec-2] o.s.a.r.c.CachingConnectionFactory       : Creating cached Rabbit Channel from AMQChannel(amqp://guest@127.0.0.1:5672/,1)
2025-04-15T01:19:41.122+05:30 DEBUG 6708 --- [Booking] [http-nio-8082-exec-2] o.s.amqp.rabbit.core.RabbitTemplate      : Executing callback RabbitAdmin$$Lambda/0x000001edcdab5dd8 on RabbitMQ Channel: Cached Rabbit Channel: AMQChannel(amqp://guest@127.0.0.1:5672/,1), conn: Proxy@5ab46516 Shared Rabbit Connection: SimpleConnection@6a73237 [delegate=amqp://guest@127.0.0.1:5672/, localPort=53545]
2025-04-15T01:19:41.122+05:30 DEBUG 6708 --- [Booking] [http-nio-8082-exec-2] o.s.amqp.rabbit.core.RabbitAdmin         : declaring Queue 'email_queue'
2025-04-15T01:19:41.134+05:30 DEBUG 6708 --- [Booking] [http-nio-8082-exec-2] o.s.amqp.rabbit.core.RabbitAdmin         : Declarations finished
2025-04-15T01:19:41.134+05:30 DEBUG 6708 --- [Booking] [http-nio-8082-exec-2] o.s.amqp.rabbit.core.RabbitTemplate      : Executing callback RabbitTemplate$$Lambda/0x000001edcda93728 on RabbitMQ Channel: Cached Rabbit Channel: AMQChannel(amqp://guest@127.0.0.1:5672/,1), conn: Proxy@5ab46516 Shared Rabbit Connection: SimpleConnection@6a73237 [delegate=amqp://guest@127.0.0.1:5672/, localPort=53545]
2025-04-15T01:19:41.143+05:30 DEBUG 6708 --- [Booking] [http-nio-8082-exec-2] o.s.amqp.rabbit.core.RabbitTemplate      : Publishing message [(Body:'[B@6801ec20(byte[147])' MessageProperties [headers={__TypeId__=com.example.Booking.dto.EmailDTO}, contentType=application/json, contentEncoding=UTF-8, contentLength=147, deliveryMode=PERSISTENT, priority=0, deliveryTag=0])] on exchange [], routingKey = [email_queue]
2025-04-15T01:19:41.159+05:30 DEBUG 6708 --- [Booking] [http-nio-8082-exec-2] o.s.w.s.m.m.a.HttpEntityMethodProcessor  : Using 'text/plain', given [*/*] and supported [text/plain, */*, application/json, application/*+json]
2025-04-15T01:19:41.160+05:30 DEBUG 6708 --- [Booking] [http-nio-8082-exec-2] o.s.w.s.m.m.a.HttpEntityMethodProcessor  : Writing ["Booking confirmed for Flight: AI101"]
2025-04-15T01:19:41.162+05:30 DEBUG 6708 --- [Booking] [http-nio-8082-exec-2] o.j.s.OpenEntityManagerInViewInterceptor : Closing JPA EntityManager in OpenEntityManagerInViewInterceptor
2025-04-15T01:19:41.163+05:30 DEBUG 6708 --- [Booking] [http-nio-8082-exec-2] o.s.web.servlet.DispatcherServlet        : Completed 200 OK
2025-04-15T01:21:28.481+05:30 DEBUG 6708 --- [Booking] [http-nio-8082-exec-3] o.s.security.web.FilterChainProxy        : Securing DELETE /users/delete/28
2025-04-15T01:21:28.488+05:30 DEBUG 6708 --- [Booking] [http-nio-8082-exec-3] o.s.security.web.FilterChainProxy        : Secured DELETE /users/delete/28
2025-04-15T01:21:28.489+05:30 DEBUG 6708 --- [Booking] [http-nio-8082-exec-3] o.s.web.servlet.DispatcherServlet        : DELETE "/users/delete/28", parameters={}
2025-04-15T01:21:28.489+05:30 DEBUG 6708 --- [Booking] [http-nio-8082-exec-3] s.w.s.m.m.a.RequestMappingHandlerMapping : Mapped to com.example.Booking.controller.BookingController#delete(Long)
2025-04-15T01:21:28.490+05:30 DEBUG 6708 --- [Booking] [http-nio-8082-exec-3] o.j.s.OpenEntityManagerInViewInterceptor : Opening JPA EntityManager in OpenEntityManagerInViewInterceptor
2025-04-15T01:21:28.493+05:30 DEBUG 6708 --- [Booking] [http-nio-8082-exec-3] horizationManagerBeforeMethodInterceptor : Authorizing method invocation ReflectiveMethodInvocation: public org.springframework.http.ResponseEntity com.example.Booking.controller.BookingController.delete(java.lang.Long); target is of class [com.example.Booking.controller.BookingController]
2025-04-15T01:21:28.494+05:30 DEBUG 6708 --- [Booking] [http-nio-8082-exec-3] horizationManagerBeforeMethodInterceptor : Authorized method invocation ReflectiveMethodInvocation: public org.springframework.http.ResponseEntity com.example.Booking.controller.BookingController.delete(java.lang.Long); target is of class [com.example.Booking.controller.BookingController]
2025-04-15T01:21:28.495+05:30 DEBUG 6708 --- [Booking] [http-nio-8082-exec-3] o.s.orm.jpa.JpaTransactionManager        : Found thread-bound EntityManager [SessionImpl(75511890<open>)] for JPA transaction
2025-04-15T01:21:28.496+05:30 DEBUG 6708 --- [Booking] [http-nio-8082-exec-3] o.s.orm.jpa.JpaTransactionManager        : Creating new transaction with name [org.springframework.data.jpa.repository.support.SimpleJpaRepository.existsById]: PROPAGATION_REQUIRED,ISOLATION_DEFAULT,readOnly
2025-04-15T01:21:28.505+05:30 DEBUG 6708 --- [Booking] [http-nio-8082-exec-3] o.s.jdbc.datasource.DataSourceUtils      : Setting JDBC Connection [HikariProxyConnection@781152630 wrapping com.mysql.cj.jdbc.ConnectionImpl@5bd3ca3c] read-only
2025-04-15T01:21:28.508+05:30 DEBUG 6708 --- [Booking] [http-nio-8082-exec-3] o.s.orm.jpa.JpaTransactionManager        : Exposing JPA transaction as JDBC [org.springframework.orm.jpa.vendor.HibernateJpaDialect$HibernateConnectionHandle@7cadb191]
2025-04-15T01:21:29.641+05:30 DEBUG 6708 --- [Booking] [http-nio-8082-exec-3] org.hibernate.SQL                        : select count(*) from booking_table bm1_0 where bm1_0.id=?
2025-04-15T01:21:29.657+05:30 DEBUG 6708 --- [Booking] [http-nio-8082-exec-3] o.s.orm.jpa.JpaTransactionManager        : Initiating transaction commit
2025-04-15T01:21:29.657+05:30 DEBUG 6708 --- [Booking] [http-nio-8082-exec-3] o.s.orm.jpa.JpaTransactionManager        : Committing JPA transaction on EntityManager [SessionImpl(75511890<open>)]
2025-04-15T01:21:29.661+05:30 DEBUG 6708 --- [Booking] [http-nio-8082-exec-3] o.s.jdbc.datasource.DataSourceUtils      : Resetting read-only flag of JDBC Connection [HikariProxyConnection@781152630 wrapping com.mysql.cj.jdbc.ConnectionImpl@5bd3ca3c]
2025-04-15T01:21:29.661+05:30 DEBUG 6708 --- [Booking] [http-nio-8082-exec-3] o.s.orm.jpa.JpaTransactionManager        : Not closing pre-bound JPA EntityManager after transaction
2025-04-15T01:21:29.663+05:30 DEBUG 6708 --- [Booking] [http-nio-8082-exec-3] o.s.orm.jpa.JpaTransactionManager        : Found thread-bound EntityManager [SessionImpl(75511890<open>)] for JPA transaction
2025-04-15T01:21:29.664+05:30 DEBUG 6708 --- [Booking] [http-nio-8082-exec-3] o.s.orm.jpa.JpaTransactionManager        : Creating new transaction with name [org.springframework.data.jpa.repository.support.SimpleJpaRepository.deleteById]: PROPAGATION_REQUIRED,ISOLATION_DEFAULT
2025-04-15T01:21:29.665+05:30 DEBUG 6708 --- [Booking] [http-nio-8082-exec-3] o.s.orm.jpa.JpaTransactionManager        : Exposing JPA transaction as JDBC [org.springframework.orm.jpa.vendor.HibernateJpaDialect$HibernateConnectionHandle@7e1ed39d]
2025-04-15T01:21:29.682+05:30 DEBUG 6708 --- [Booking] [http-nio-8082-exec-3] org.hibernate.SQL                        : select bm1_0.id,bm1_0.age,bm1_0.first_name,bm1_0.flight_number,bm1_0.gender,bm1_0.last_name,bm1_0.seat_number from booking_table bm1_0 where bm1_0.id=?
2025-04-15T01:21:29.724+05:30 DEBUG 6708 --- [Booking] [http-nio-8082-exec-3] o.s.orm.jpa.JpaTransactionManager        : Initiating transaction commit
2025-04-15T01:21:29.724+05:30 DEBUG 6708 --- [Booking] [http-nio-8082-exec-3] o.s.orm.jpa.JpaTransactionManager        : Committing JPA transaction on EntityManager [SessionImpl(75511890<open>)]
2025-04-15T01:21:29.730+05:30 DEBUG 6708 --- [Booking] [http-nio-8082-exec-3] org.hibernate.SQL                        : delete from booking_table where id=?
2025-04-15T01:21:29.747+05:30 DEBUG 6708 --- [Booking] [http-nio-8082-exec-3] o.s.orm.jpa.JpaTransactionManager        : Not closing pre-bound JPA EntityManager after transaction
2025-04-15T01:21:29.748+05:30 DEBUG 6708 --- [Booking] [http-nio-8082-exec-3] o.s.amqp.rabbit.core.RabbitTemplate      : Executing callback RabbitTemplate$$Lambda/0x000001edcda93728 on RabbitMQ Channel: Cached Rabbit Channel: AMQChannel(amqp://guest@127.0.0.1:5672/,1), conn: Proxy@5ab46516 Shared Rabbit Connection: SimpleConnection@6a73237 [delegate=amqp://guest@127.0.0.1:5672/, localPort=53545]
2025-04-15T01:21:29.748+05:30 DEBUG 6708 --- [Booking] [http-nio-8082-exec-3] o.s.amqp.rabbit.core.RabbitTemplate      : Publishing message [(Body:'[B@2b92ed36(byte[158])' MessageProperties [headers={__TypeId__=com.example.Booking.dto.EmailDTO}, contentType=application/json, contentEncoding=UTF-8, contentLength=158, deliveryMode=PERSISTENT, priority=0, deliveryTag=0])] on exchange [], routingKey = [email_queue]
2025-04-15T01:21:29.750+05:30 DEBUG 6708 --- [Booking] [http-nio-8082-exec-3] o.s.w.s.m.m.a.HttpEntityMethodProcessor  : Using 'text/plain', given [*/*] and supported [text/plain, */*, application/json, application/*+json]
2025-04-15T01:21:29.750+05:30 DEBUG 6708 --- [Booking] [http-nio-8082-exec-3] o.s.w.s.m.m.a.HttpEntityMethodProcessor  : Writing ["Booking Cancelled!!"]
2025-04-15T01:21:29.752+05:30 DEBUG 6708 --- [Booking] [http-nio-8082-exec-3] o.j.s.OpenEntityManagerInViewInterceptor : Closing JPA EntityManager in OpenEntityManagerInViewInterceptor
2025-04-15T01:21:29.754+05:30 DEBUG 6708 --- [Booking] [http-nio-8082-exec-3] o.s.web.servlet.DispatcherServlet        : Completed 200 OK
2025-04-15T01:22:02.467+05:30 DEBUG 6708 --- [Booking] [SpringApplicationShutdownHook] o.s.b.a.ApplicationAvailabilityBean      : Application availability state ReadinessState changed from ACCEPTING_TRAFFIC to REFUSING_TRAFFIC
2025-04-15T01:22:02.468+05:30 DEBUG 6708 --- [Booking] [SpringApplicationShutdownHook] ConfigServletWebServerApplicationContext : Closing org.springframework.boot.web.servlet.context.AnnotationConfigServletWebServerApplicationContext@7fcf2fc1, started on Tue Apr 15 01:05:08 IST 2025
2025-04-15T01:22:02.473+05:30 DEBUG 6708 --- [Booking] [SpringApplicationShutdownHook] o.s.c.support.DefaultLifecycleProcessor  : Stopping beans in phase 2147483647
2025-04-15T01:22:02.473+05:30 DEBUG 6708 --- [Booking] [SpringApplicationShutdownHook] o.s.c.support.DefaultLifecycleProcessor  : Stopping beans in phase 2147482623
2025-04-15T01:22:02.475+05:30  INFO 6708 --- [Booking] [SpringApplicationShutdownHook] o.s.b.w.e.tomcat.GracefulShutdown        : Commencing graceful shutdown. Waiting for active requests to complete
2025-04-15T01:22:02.487+05:30  INFO 6708 --- [Booking] [tomcat-shutdown] o.s.b.w.e.tomcat.GracefulShutdown        : Graceful shutdown complete
2025-04-15T01:22:02.487+05:30 DEBUG 6708 --- [Booking] [SpringApplicationShutdownHook] o.s.c.support.DefaultLifecycleProcessor  : Stopping beans in phase 2147481599
2025-04-15T01:22:02.487+05:30 DEBUG 6708 --- [Booking] [tomcat-shutdown] o.s.c.support.DefaultLifecycleProcessor  : Bean 'webServerGracefulShutdown' completed its stop procedure
2025-04-15T01:22:02.492+05:30 DEBUG 6708 --- [Booking] [SpringApplicationShutdownHook] o.s.c.support.DefaultLifecycleProcessor  : Bean 'webServerStartStop' completed its stop procedure
2025-04-15T01:22:02.493+05:30 DEBUG 6708 --- [Booking] [SpringApplicationShutdownHook] o.s.c.support.DefaultLifecycleProcessor  : Stopping beans in phase 1073741823
2025-04-15T01:22:02.493+05:30 DEBUG 6708 --- [Booking] [SpringApplicationShutdownHook] o.s.c.support.DefaultLifecycleProcessor  : Bean 'applicationTaskExecutor' completed its stop procedure
2025-04-15T01:22:02.493+05:30 DEBUG 6708 --- [Booking] [SpringApplicationShutdownHook] o.s.c.support.DefaultLifecycleProcessor  : Stopping beans in phase 0
2025-04-15T01:22:02.500+05:30 DEBUG 6708 --- [Booking] [SpringApplicationShutdownHook] o.s.c.support.DefaultLifecycleProcessor  : Stopping beans in phase -2147483647
2025-04-15T01:22:02.501+05:30 DEBUG 6708 --- [Booking] [SpringApplicationShutdownHook] o.s.c.support.DefaultLifecycleProcessor  : Bean 'springBootLoggingLifecycle' completed its stop procedure
2025-04-15T01:22:02.502+05:30 DEBUG 6708 --- [Booking] [SpringApplicationShutdownHook] o.s.c.support.DefaultLifecycleProcessor  : Stopping beans in phase -2147483648
2025-04-15T01:22:02.502+05:30 DEBUG 6708 --- [Booking] [SpringApplicationShutdownHook] o.s.a.r.c.CachingConnectionFactory       : Closing cached Channel: AMQChannel(amqp://guest@127.0.0.1:5672/,1)
2025-04-15T01:22:02.519+05:30 DEBUG 6708 --- [Booking] [SpringApplicationShutdownHook] o.s.c.support.DefaultLifecycleProcessor  : Bean 'connectionFactory' completed its stop procedure
2025-04-15T01:22:02.520+05:30 DEBUG 6708 --- [Booking] [SpringApplicationShutdownHook] o.s.s.concurrent.ThreadPoolTaskExecutor  : Shutting down ExecutorService 'applicationTaskExecutor'
2025-04-15T01:22:02.525+05:30  INFO 6708 --- [Booking] [SpringApplicationShutdownHook] j.LocalContainerEntityManagerFactoryBean : Closing JPA EntityManagerFactory for persistence unit 'default'
2025-04-15T01:22:02.532+05:30  INFO 6708 --- [Booking] [SpringApplicationShutdownHook] com.zaxxer.hikari.HikariDataSource       : HikariPool-1 - Shutdown initiated...
2025-04-15T01:22:02.552+05:30  INFO 6708 --- [Booking] [SpringApplicationShutdownHook] com.zaxxer.hikari.HikariDataSource       : HikariPool-1 - Shutdown completed.
